[INFO  wayscriber::app] Starting in daemon mode
[INFO  wayscriber::daemon::core] Starting wayscriber daemon
[INFO  wayscriber::daemon::core] Send SIGUSR1 to toggle overlay (e.g., kill -USR1 $(pgrep -fo 'wayscriber --daemon'))
[INFO  wayscriber::daemon::core] Configure Hyprland: bind = SUPER, D, exec, bash -lc "kill -USR1 $(pgrep -fo 'wayscriber --daemon')"
[INFO  wayscriber::config::io] Loaded config from /home/khanh/.config/wayscriber/config.toml
[INFO  wayscriber::daemon::tray::runtime] Creating tray service...
[INFO  wayscriber::daemon::tray::runtime] Spawning system tray runtime thread...
[INFO  wayscriber::daemon::tray::runtime] Waiting for system tray readiness signal...
[INFO  zbus::connection::handshake::common] write_command; command=Auth(Some(External), Some([49, 48, 48, 48]))
[INFO  zbus::connection::handshake::common] write_commands; commands=[Auth(Some(External), Some([49, 48, 48, 48]))] extra_bytes=None
[INFO  tracing::span] read_command;
[INFO  zbus::connection::handshake::common] read_commands; n_commands=1
[INFO  zbus::connection::handshake::common] write_commands; commands=[NegotiateUnixFD, Begin] extra_bytes=Some([108, 1, 0, 1, 0, 0, 0, 0, 1, 0, 0, 0, 109, 0, 0, 0, 1, 1, 111, 0, 21, 0, 0, 0, 47, 111, 114, 103, 47, 102, 114, 101, 101, 100, 101, 115, 107, 116, 111, 112, 47, 68, 66, 117, 115, 0, 0, 0, 2, 1, 115, 0, 20, 0, 0, 0, 111, 114, 103, 46, 102, 114, 101, 101, 100, 101, 115, 107, 116, 111, 112, 46, 68, 66, 117, 115, 0, 0, 0, 0, 3, 1, 115, 0, 5, 0, 0, 0, 72, 101, 108, 108, 111, 0, 0, 0, 6, 1, 115, 0, 20, 0, 0, 0, 111, 114, 103, 46, 102, 114, 101, 101, 100, 101, 115, 107, 116, 111, 112, 46, 68, 66, 117, 115, 0, 0, 0, 0])
[INFO  zbus::connection::handshake::common] read_commands; n_commands=1
[INFO  zbus::connection] start_object_server; started_event=Some(Event { listeners_notified: 0, listeners_total: 1 })
[INFO  tracing::span] obj_server_task;
[INFO  zbus::connection] monitor_name_lost; name=org.kde.StatusNotifierItem-906-1
[WARN  wayscriber::daemon::tray::ksni] StatusNotifierWatcher is offline: Error(Watcher(ServiceUnknown("The name is not activatable")))
[INFO  wayscriber::daemon::tray::runtime] System tray spawned successfully
[INFO  wayscriber::daemon::tray::runtime] System tray thread started
[INFO  wayscriber::daemon::core] Global shortcuts portal listener started
[INFO  wayscriber::daemon::core] Daemon ready - waiting for toggle signal
[INFO  zbus::connection::handshake::common] write_command; command=Auth(Some(External), Some([49, 48, 48, 48]))
[INFO  zbus::connection::handshake::common] write_commands; commands=[Auth(Some(External), Some([49, 48, 48, 48]))] extra_bytes=None
[INFO  tracing::span] read_command;
[INFO  zbus::connection::handshake::common] read_commands; n_commands=1
[INFO  zbus::connection::handshake::common] write_commands; commands=[NegotiateUnixFD, Begin] extra_bytes=Some([108, 1, 0, 1, 0, 0, 0, 0, 7, 0, 0, 0, 109, 0, 0, 0, 1, 1, 111, 0, 21, 0, 0, 0, 47, 111, 114, 103, 47, 102, 114, 101, 101, 100, 101, 115, 107, 116, 111, 112, 47, 68, 66, 117, 115, 0, 0, 0, 2, 1, 115, 0, 20, 0, 0, 0, 111, 114, 103, 46, 102, 114, 101, 101, 100, 101, 115, 107, 116, 111, 112, 46, 68, 66, 117, 115, 0, 0, 0, 0, 3, 1, 115, 0, 5, 0, 0, 0, 72, 101, 108, 108, 111, 0, 0, 0, 6, 1, 115, 0, 20, 0, 0, 0, 111, 114, 103, 46, 102, 114, 101, 101, 100, 101, 115, 107, 116, 111, 112, 46, 68, 66, 117, 115, 0, 0, 0, 0])
[INFO  zbus::connection::handshake::common] read_commands; n_commands=1
[INFO  zbus::proxy] {}; task_name="org.kde.StatusNotifierWatcher proxy caching"
[INFO  zbus::connection::handshake::common] write_command; command=Auth(Some(External), Some([49, 48, 48, 48]))
[INFO  zbus::connection::handshake::common] write_commands; commands=[Auth(Some(External), Some([49, 48, 48, 48]))] extra_bytes=None
[INFO  tracing::span] read_command;
[INFO  zbus::connection::handshake::common] read_commands; n_commands=1
[INFO  zbus::connection::handshake::common] write_commands; commands=[NegotiateUnixFD, Begin] extra_bytes=Some([108, 1, 0, 1, 0, 0, 0, 0, 10, 0, 0, 0, 109, 0, 0, 0, 1, 1, 111, 0, 21, 0, 0, 0, 47, 111, 114, 103, 47, 102, 114, 101, 101, 100, 101, 115, 107, 116, 111, 112, 47, 68, 66, 117, 115, 0, 0, 0, 2, 1, 115, 0, 20, 0, 0, 0, 111, 114, 103, 46, 102, 114, 101, 101, 100, 101, 115, 107, 116, 111, 112, 46, 68, 66, 117, 115, 0, 0, 0, 0, 3, 1, 115, 0, 5, 0, 0, 0, 72, 101, 108, 108, 111, 0, 0, 0, 6, 1, 115, 0, 20, 0, 0, 0, 111, 114, 103, 46, 102, 114, 101, 101, 100, 101, 115, 107, 116, 111, 112, 46, 68, 66, 117, 115, 0, 0, 0, 0])
[INFO  zbus::connection::handshake::common] read_commands; n_commands=1
[WARN  wayscriber::daemon::tray::runtime] Failed to query tray host registration: org.freedesktop.DBus.Error.ServiceUnknown: The name is not activatable
[WARN  wayscriber::daemon::global_shortcuts] Global shortcuts portal listener disabled: host portal app-id registration failed for 'wayscriber'
[INFO  wayscriber::daemon::core] Received SIGTERM - initiating graceful shutdown
[INFO  wayscriber::app] Starting in daemon mode
[INFO  wayscriber::daemon::core] Starting wayscriber daemon
[INFO  wayscriber::daemon::core] Send SIGUSR1 to toggle overlay (e.g., kill -USR1 $(pgrep -fo 'wayscriber --daemon'))
[INFO  wayscriber::daemon::core] Configure Hyprland: bind = SUPER, D, exec, bash -lc "kill -USR1 $(pgrep -fo 'wayscriber --daemon')"
[INFO  wayscriber::config::io] Loaded config from /home/khanh/.config/wayscriber/config.toml
[INFO  wayscriber::daemon::tray::runtime] Creating tray service...
[INFO  wayscriber::daemon::tray::runtime] Spawning system tray runtime thread...
[INFO  wayscriber::daemon::tray::runtime] Waiting for system tray readiness signal...
[INFO  zbus::connection::handshake::common] write_command; command=Auth(Some(External), Some([49, 48, 48, 48]))
[INFO  zbus::connection::handshake::common] write_commands; commands=[Auth(Some(External), Some([49, 48, 48, 48]))] extra_bytes=None
[INFO  tracing::span] read_command;
[INFO  zbus::connection::handshake::common] read_commands; n_commands=1
[INFO  zbus::connection::handshake::common] write_commands; commands=[NegotiateUnixFD, Begin] extra_bytes=Some([108, 1, 0, 1, 0, 0, 0, 0, 1, 0, 0, 0, 109, 0, 0, 0, 1, 1, 111, 0, 21, 0, 0, 0, 47, 111, 114, 103, 47, 102, 114, 101, 101, 100, 101, 115, 107, 116, 111, 112, 47, 68, 66, 117, 115, 0, 0, 0, 2, 1, 115, 0, 20, 0, 0, 0, 111, 114, 103, 46, 102, 114, 101, 101, 100, 101, 115, 107, 116, 111, 112, 46, 68, 66, 117, 115, 0, 0, 0, 0, 3, 1, 115, 0, 5, 0, 0, 0, 72, 101, 108, 108, 111, 0, 0, 0, 6, 1, 115, 0, 20, 0, 0, 0, 111, 114, 103, 46, 102, 114, 101, 101, 100, 101, 115, 107, 116, 111, 112, 46, 68, 66, 117, 115, 0, 0, 0, 0])
[INFO  zbus::connection::handshake::common] read_commands; n_commands=1
[INFO  zbus::connection] start_object_server; started_event=Some(Event { listeners_notified: 0, listeners_total: 1 })
[INFO  tracing::span] obj_server_task;
[INFO  zbus::connection] monitor_name_lost; name=org.kde.StatusNotifierItem-901-1
[WARN  wayscriber::daemon::tray::ksni] StatusNotifierWatcher is offline: Error(Watcher(ServiceUnknown("The name is not activatable")))
[INFO  wayscriber::daemon::tray::runtime] System tray spawned successfully
[INFO  wayscriber::daemon::tray::runtime] System tray thread started
[INFO  wayscriber::daemon::core] Global shortcuts portal listener started
[INFO  wayscriber::daemon::core] Daemon ready - waiting for toggle signal
[INFO  zbus::connection::handshake::common] write_command; command=Auth(Some(External), Some([49, 48, 48, 48]))
[INFO  zbus::connection::handshake::common] write_commands; commands=[Auth(Some(External), Some([49, 48, 48, 48]))] extra_bytes=None
[INFO  tracing::span] read_command;
[INFO  zbus::connection::handshake::common] read_commands; n_commands=1
[INFO  zbus::connection::handshake::common] write_commands; commands=[NegotiateUnixFD, Begin] extra_bytes=Some([108, 1, 0, 1, 0, 0, 0, 0, 7, 0, 0, 0, 109, 0, 0, 0, 1, 1, 111, 0, 21, 0, 0, 0, 47, 111, 114, 103, 47, 102, 114, 101, 101, 100, 101, 115, 107, 116, 111, 112, 47, 68, 66, 117, 115, 0, 0, 0, 2, 1, 115, 0, 20, 0, 0, 0, 111, 114, 103, 46, 102, 114, 101, 101, 100, 101, 115, 107, 116, 111, 112, 46, 68, 66, 117, 115, 0, 0, 0, 0, 3, 1, 115, 0, 5, 0, 0, 0, 72, 101, 108, 108, 111, 0, 0, 0, 6, 1, 115, 0, 20, 0, 0, 0, 111, 114, 103, 46, 102, 114, 101, 101, 100, 101, 115, 107, 116, 111, 112, 46, 68, 66, 117, 115, 0, 0, 0, 0])
[INFO  zbus::connection::handshake::common] read_commands; n_commands=1
[INFO  zbus::proxy] {}; task_name="org.kde.StatusNotifierWatcher proxy caching"
[INFO  zbus::connection::handshake::common] write_command; command=Auth(Some(External), Some([49, 48, 48, 48]))
[INFO  zbus::connection::handshake::common] write_commands; commands=[Auth(Some(External), Some([49, 48, 48, 48]))] extra_bytes=None
[INFO  tracing::span] read_command;
[INFO  zbus::connection::handshake::common] read_commands; n_commands=1
[INFO  zbus::connection::handshake::common] write_commands; commands=[NegotiateUnixFD, Begin] extra_bytes=Some([108, 1, 0, 1, 0, 0, 0, 0, 11, 0, 0, 0, 109, 0, 0, 0, 1, 1, 111, 0, 21, 0, 0, 0, 47, 111, 114, 103, 47, 102, 114, 101, 101, 100, 101, 115, 107, 116, 111, 112, 47, 68, 66, 117, 115, 0, 0, 0, 2, 1, 115, 0, 20, 0, 0, 0, 111, 114, 103, 46, 102, 114, 101, 101, 100, 101, 115, 107, 116, 111, 112, 46, 68, 66, 117, 115, 0, 0, 0, 0, 3, 1, 115, 0, 5, 0, 0, 0, 72, 101, 108, 108, 111, 0, 0, 0, 6, 1, 115, 0, 20, 0, 0, 0, 111, 114, 103, 46, 102, 114, 101, 101, 100, 101, 115, 107, 116, 111, 112, 46, 68, 66, 117, 115, 0, 0, 0, 0])
[INFO  zbus::connection::handshake::common] read_commands; n_commands=1
[WARN  wayscriber::daemon::tray::runtime] Failed to query tray host registration: org.freedesktop.DBus.Error.ServiceUnknown: The name is not activatable
[WARN  wayscriber::daemon::global_shortcuts] Global shortcuts portal listener disabled: host portal app-id registration failed for 'wayscriber'
[INFO  wayscriber::app::usage] Starting Wayland overlay...
[INFO  wayscriber::app::usage] Starting annotation overlay...
[INFO  wayscriber::app::usage] Controls:
[INFO  wayscriber::app::usage]   - Pen: Just drag
[INFO  wayscriber::app::usage]   - Line: Hold Shift + drag
[INFO  wayscriber::app::usage]   - Rectangle: Hold Ctrl + drag
[INFO  wayscriber::app::usage]   - Circle: Hold Tab + drag
[INFO  wayscriber::app::usage]   - Arrow: Hold Ctrl+Shift + drag
[INFO  wayscriber::app::usage]   - Text: T, click to position, type, press Enter
[INFO  wayscriber::app::usage]   - Colors: R (Red), G (Green), B (Blue), Y (Yellow), O (Orange), P (Pink), W (White), K (Black)
[INFO  wayscriber::app::usage]   - Undo / Redo: Ctrl+Z / Ctrl+Shift+Z / Ctrl+Y
[INFO  wayscriber::app::usage]   - Clear Canvas: E
[INFO  wayscriber::app::usage]   - Increase Thickness: + / = or scroll down
[INFO  wayscriber::app::usage]   - Decrease Thickness: - / _ or scroll up
[INFO  wayscriber::app::usage]   - Freeze Screen: Ctrl+Shift+F (toggle frozen background)
[INFO  wayscriber::app::usage]   - Zoom In / Zoom Out: Ctrl+Alt++ / Ctrl+Alt+= / Ctrl+Alt+- / Ctrl+Alt+_ (Ctrl+Alt + scroll)
[INFO  wayscriber::app::usage]   - Reset Zoom: Ctrl+Alt+0   •   Lock Zoom: Ctrl+Alt+L   •   Pan view: middle drag/arrow keys
[INFO  wayscriber::app::usage]   - Context Menu: Right Click or Shift+F10 / Menu
[INFO  wayscriber::app::usage]   - Help: F10 / F1   •   Toolbar: F2 / F9   •   Presenter: Ctrl+Shift+M   •   Open Configurator: F11   •   Status Bar: F12 / F4
[INFO  wayscriber::app::usage]   - Exit: Escape / Ctrl+Q
[INFO  wayscriber::app::usage] 
[INFO  wayscriber::backend::wayland::backend] Initializing Wayland backend
[INFO  wayscriber::backend::wayland::backend] Showing Wayland overlay
[INFO  wayscriber::backend::wayland::backend::run] Starting Wayland backend
[INFO  wayscriber::config::io] Loaded config from /home/khanh/.config/wayscriber/config.toml
[INFO  wayscriber::backend::wayland::backend::state_init::config] Configuration loaded
[INFO  wayscriber::backend::wayland::backend::state_init::config] Tablet feature: compiled=yes, runtime_enabled=false
[INFO  wayscriber::backend::wayland::backend::state_init::session] Session persistence: base_dir=/home/khanh/.local/share/wayscriber, per_output=true, display_id='wayland_1', output_identity=None, boards[T/W/B]=true/true/true, history=true, max_persisted_history=None, restore_tool_state=true, autosave_enabled=true, autosave_idle_ms=5000, autosave_interval_ms=45000, autosave_failure_backoff_ms=5000, max_file_size=10485760 bytes, compression=Auto
[INFO  wayscriber::backend::wayland::backend::state_init] Capture manager initialized
[INFO  wayscriber::backend::wayland::toolbar::main::lifecycle] Ensuring top toolbar surface exists at logical size (863, 72), scale 1
[INFO  wayscriber::backend::wayland::toolbar::surfaces::lifecycle] Creating toolbar surface 'wayscriber-toolbar-top' (anchor Anchor(TOP | LEFT), logical (863, 72), margin (12, 12, 0, 12), scale 1)
[INFO  wayscriber::backend::wayland::toolbar::main::lifecycle] Ensuring side toolbar surface exists at logical size (260, 634), scale 1
[INFO  wayscriber::backend::wayland::toolbar::surfaces::lifecycle] Creating toolbar surface 'wayscriber-toolbar-side' (anchor Anchor(TOP | LEFT), logical (260, 634), margin (24, 0, 24, 24), scale 1)
[INFO  wayscriber::backend::wayland::backend::surface] Creating layer shell surface
[INFO  wayscriber::backend::wayland::backend::surface] Layer shell surface created
[INFO  wayscriber::backend::wayland::handlers::seat] Keyboard capability available
[INFO  wayscriber::backend::wayland::handlers::seat] Pointer capability available
[INFO  wayscriber::backend::wayland::handlers::layer] Toolbar layer configure: size=863x72, layer=16
[INFO  wayscriber::backend::wayland::handlers::layer] Toolbar layer configure: size=260x634, layer=18
[INFO  wayscriber::backend::wayland::handlers::layer] Surface size changed - recreating SlotPool
[INFO  wayscriber::session::snapshot::load] Session file not found at /home/khanh/.local/share/wayscriber/session-wayland_1.json; skipping load
[INFO  wayscriber::backend::wayland::surface] Creating new SlotPool (1366x768 @ scale 1, 12589056 bytes, 3 buffers, gen 1)
[INFO  wayscriber::backend::wayland::handlers::layer] Toolbar layer configure: size=863x72, layer=16
[INFO  wayscriber::backend::wayland::handlers::compositor] Persisting session using monitor identity 'LVDS_1_AU_Optronics_0x312C' (session file: /home/khanh/.local/share/wayscriber/session-wayland_1-LVDS_1_AU_Optronics_0x312C.json).
[INFO  wayscriber::backend::wayland::handlers::compositor] Loading session snapshot from /home/khanh/.local/share/wayscriber/session-wayland_1-LVDS_1_AU_Optronics_0x312C.json (per_output=true, output_identity=Some("LVDS_1_AU_Optronics_0x312C"))
[INFO  wayscriber::session::snapshot::load] Session file present at /home/khanh/.local/share/wayscriber/session-wayland_1-LVDS_1_AU_Optronics_0x312C.json (84079 bytes, per_output=true, output_identity=Some("LVDS_1_AU_Optronics_0x312C"))
[INFO  wayscriber::session::snapshot::load] Loaded session from /home/khanh/.local/share/wayscriber/session-wayland_1-LVDS_1_AU_Optronics_0x312C.json (version 5, compressed=true, boards=1, active_board=transparent, tool_state=true)
[INFO  wayscriber::session::snapshot::apply] Restoring tool state: color=Color { r: 1.0, g: 0.0, b: 0.0, a: 1.0 }, thickness=13.00, eraser[size=31.00, kind=Circle, mode=Brush], marker_opacity=0.32, fill_enabled=false, tool_override=Some(Pen), font_size=32.0, text_bg=false, arrow[length=20.0, angle=30.0], status_bar=true, prev_color=None, arrow_labels=Some(false)
[INFO  wayscriber::backend::wayland::toolbar::main::lifecycle] Ensuring top toolbar surface exists at logical size (863, 72), scale 1
[INFO  wayscriber::backend::wayland::toolbar::surfaces::lifecycle] Creating toolbar surface 'wayscriber-toolbar-top' (anchor Anchor(TOP | LEFT), logical (863, 72), margin (12, 12, 0, 300), scale 1)
[INFO  wayscriber::backend::wayland::toolbar::main::lifecycle] Ensuring side toolbar surface exists at logical size (260, 634), scale 1
[INFO  wayscriber::backend::wayland::toolbar::surfaces::lifecycle] Creating toolbar surface 'wayscriber-toolbar-side' (anchor Anchor(TOP | LEFT), logical (260, 634), margin (24, 0, 24, 24), scale 1)
[INFO  wayscriber::backend::wayland::handlers::layer] Toolbar layer configure: size=863x72, layer=28
[INFO  wayscriber::backend::wayland::handlers::layer] Toolbar layer configure: size=260x634, layer=34
[INFO  wayscriber::backend::wayland::handlers::pointer::press] toolbar press: drag_start=false, surface=34, seat=Some(12), inline_active=false
[INFO  wayscriber::config::io] Saved config to /home/khanh/.config/wayscriber/config.toml
[INFO  wayscriber::backend::wayland::handlers::pointer::press] toolbar press: drag_start=false, surface=28, seat=Some(12), inline_active=false
[INFO  wayscriber::backend::wayland::toolbar::main::lifecycle] Side toolbar size change: (260, 634) -> (260, 542) (scale 1)
[INFO  wayscriber::backend::wayland::toolbar::surfaces::lifecycle] Creating toolbar surface 'wayscriber-toolbar-side' (anchor Anchor(TOP | LEFT), logical (260, 542), margin (24, 0, 24, 24), scale 1)
[INFO  wayscriber::backend::wayland::handlers::layer] Toolbar layer configure: size=260x542, layer=17
[INFO  wayscriber::backend::wayland::handlers::pointer::press] toolbar press: drag_start=false, surface=28, seat=Some(12), inline_active=false
[INFO  wayscriber::backend::wayland::toolbar::main::lifecycle] Side toolbar size change: (260, 542) -> (260, 422) (scale 1)
[INFO  wayscriber::backend::wayland::toolbar::surfaces::lifecycle] Creating toolbar surface 'wayscriber-toolbar-side' (anchor Anchor(TOP | LEFT), logical (260, 422), margin (24, 0, 24, 24), scale 1)
[INFO  wayscriber::backend::wayland::handlers::layer] Toolbar layer configure: size=260x422, layer=30
[INFO  wayscriber::backend::wayland::handlers::pointer::press] toolbar press: drag_start=false, surface=28, seat=Some(12), inline_active=false
[INFO  wayscriber::backend::wayland::toolbar::main::lifecycle] Side toolbar size change: (260, 422) -> (260, 634) (scale 1)
[INFO  wayscriber::backend::wayland::toolbar::surfaces::lifecycle] Creating toolbar surface 'wayscriber-toolbar-side' (anchor Anchor(TOP | LEFT), logical (260, 634), margin (24, 0, 24, 24), scale 1)
[INFO  wayscriber::backend::wayland::handlers::layer] Toolbar layer configure: size=260x634, layer=17
[INFO  wayscriber::session::snapshot::save] Session saved to /home/khanh/.local/share/wayscriber/session-wayland_1-LVDS_1_AU_Optronics_0x312C.json (87000 bytes, compression=true)
[INFO  wayscriber::session::snapshot::save] Session saved to /home/khanh/.local/share/wayscriber/session-wayland_1-LVDS_1_AU_Optronics_0x312C.json (86791 bytes, compression=true)
[INFO  wayscriber::backend::wayland::handlers::pointer::press] toolbar press: drag_start=false, surface=28, seat=Some(12), inline_active=false
[INFO  wayscriber::backend::wayland::toolbar::main::lifecycle] Side toolbar size change: (260, 634) -> (260, 542) (scale 1)
[INFO  wayscriber::backend::wayland::toolbar::surfaces::lifecycle] Creating toolbar surface 'wayscriber-toolbar-side' (anchor Anchor(TOP | LEFT), logical (260, 542), margin (24, 0, 24, 24), scale 1)
[INFO  wayscriber::backend::wayland::handlers::layer] Toolbar layer configure: size=260x542, layer=30
[INFO  wayscriber::backend::wayland::handlers::pointer::press] toolbar press: drag_start=false, surface=28, seat=Some(12), inline_active=false
[INFO  wayscriber::backend::wayland::toolbar::main::lifecycle] Side toolbar size change: (260, 542) -> (260, 634) (scale 1)
[INFO  wayscriber::backend::wayland::toolbar::surfaces::lifecycle] Creating toolbar surface 'wayscriber-toolbar-side' (anchor Anchor(TOP | LEFT), logical (260, 634), margin (24, 0, 24, 24), scale 1)
[INFO  wayscriber::backend::wayland::handlers::layer] Toolbar layer configure: size=260x634, layer=17
[INFO  wayscriber::session::snapshot::save] Session saved to /home/khanh/.local/share/wayscriber/session-wayland_1-LVDS_1_AU_Optronics_0x312C.json (87310 bytes, compression=true)
[INFO  wayscriber::session::snapshot::save] Session saved to /home/khanh/.local/share/wayscriber/session-wayland_1-LVDS_1_AU_Optronics_0x312C.json (87519 bytes, compression=true)
[INFO  wayscriber::session::snapshot::save] Session saved to /home/khanh/.local/share/wayscriber/session-wayland_1-LVDS_1_AU_Optronics_0x312C.json (46903 bytes, compression=true)
[INFO  wayscriber::session::snapshot::save] Session saved to /home/khanh/.local/share/wayscriber/session-wayland_1-LVDS_1_AU_Optronics_0x312C.json (46747 bytes, compression=true)
[INFO  wayscriber::session::snapshot::save] Session saved to /home/khanh/.local/share/wayscriber/session-wayland_1-LVDS_1_AU_Optronics_0x312C.json (46780 bytes, compression=true)
[INFO  wayscriber::config::io] Saved config to /home/khanh/.config/wayscriber/config.toml
[INFO  wayscriber::config::io] Saved config to /home/khanh/.config/wayscriber/config.toml
[INFO  wayscriber::config::io] Saved config to /home/khanh/.config/wayscriber/config.toml
[INFO  wayscriber::config::io] Saved config to /home/khanh/.config/wayscriber/config.toml
[INFO  wayscriber::config::io] Saved config to /home/khanh/.config/wayscriber/config.toml
[INFO  wayscriber::config::io] Saved config to /home/khanh/.config/wayscriber/config.toml
[INFO  wayscriber::session::snapshot::save] Session saved to /home/khanh/.local/share/wayscriber/session-wayland_1-LVDS_1_AU_Optronics_0x312C.json (48031 bytes, compression=true)
[INFO  wayscriber::session::snapshot::save] Session saved to /home/khanh/.local/share/wayscriber/session-wayland_1-LVDS_1_AU_Optronics_0x312C.json (49169 bytes, compression=true)
[INFO  wayscriber::session::snapshot::save] Session saved to /home/khanh/.local/share/wayscriber/session-wayland_1-LVDS_1_AU_Optronics_0x312C.json (52650 bytes, compression=true)
[INFO  wayscriber::session::snapshot::save] Session saved to /home/khanh/.local/share/wayscriber/session-wayland_1-LVDS_1_AU_Optronics_0x312C.json (52013 bytes, compression=true)
[INFO  wayscriber::session::snapshot::save] Session saved to /home/khanh/.local/share/wayscriber/session-wayland_1-LVDS_1_AU_Optronics_0x312C.json (53935 bytes, compression=true)
[INFO  wayscriber::session::snapshot::save] Session saved to /home/khanh/.local/share/wayscriber/session-wayland_1-LVDS_1_AU_Optronics_0x312C.json (54305 bytes, compression=true)
[INFO  wayscriber::session::snapshot::save] Session saved to /home/khanh/.local/share/wayscriber/session-wayland_1-LVDS_1_AU_Optronics_0x312C.json (41669 bytes, compression=true)
[INFO  wayscriber::session::snapshot::save] Session saved to /home/khanh/.local/share/wayscriber/session-wayland_1-LVDS_1_AU_Optronics_0x312C.json (42134 bytes, compression=true)
[INFO  wayscriber::session::snapshot::save] Session saved to /home/khanh/.local/share/wayscriber/session-wayland_1-LVDS_1_AU_Optronics_0x312C.json (41253 bytes, compression=true)
[INFO  wayscriber::session::snapshot::save] Session saved to /home/khanh/.local/share/wayscriber/session-wayland_1-LVDS_1_AU_Optronics_0x312C.json (41584 bytes, compression=true)
[INFO  wayscriber::session::snapshot::save] Session saved to /home/khanh/.local/share/wayscriber/session-wayland_1-LVDS_1_AU_Optronics_0x312C.json (42050 bytes, compression=true)
[INFO  wayscriber::backend::wayland::handlers::pointer::press] toolbar press: drag_start=false, surface=17, seat=Some(12), inline_active=false
[INFO  wayscriber::session::snapshot::save] Session saved to /home/khanh/.local/share/wayscriber/session-wayland_1-LVDS_1_AU_Optronics_0x312C.json (42065 bytes, compression=true)
[INFO  wayscriber::input::state::core::board::switch] Switched from 'transparent' to 'whiteboard' board
[INFO  wayscriber::input::state::core::board::switch] Switched from 'whiteboard' to 'transparent' board
[INFO  wayscriber::input::state::core::board::switch] Switched from 'transparent' to 'whiteboard' board
[INFO  wayscriber::input::state::core::board::switch] Switched from 'whiteboard' to 'transparent' board
[INFO  wayscriber::input::state::core::board::switch] Switched from 'transparent' to 'whiteboard' board
[INFO  wayscriber::input::state::core::board::switch] Switched from 'whiteboard' to 'transparent' board
[INFO  wayscriber::config::io] Saved config to /home/khanh/.config/wayscriber/config.toml
[INFO  wayscriber::config::io] Saved config to /home/khanh/.config/wayscriber/config.toml
[INFO  wayscriber::config::io] Saved config to /home/khanh/.config/wayscriber/config.toml
[INFO  wayscriber::config::io] Saved config to /home/khanh/.config/wayscriber/config.toml
[INFO  wayscriber::config::io] Saved config to /home/khanh/.config/wayscriber/config.toml
[INFO  wayscriber::session::snapshot::save] Session saved to /home/khanh/.local/share/wayscriber/session-wayland_1-LVDS_1_AU_Optronics_0x312C.json (42062 bytes, compression=true)
[INFO  wayscriber::backend::wayland::handlers::pointer::press] toolbar press: drag_start=false, surface=17, seat=Some(12), inline_active=false
[INFO  wayscriber::session::snapshot::save] Session saved to /home/khanh/.local/share/wayscriber/session-wayland_1-LVDS_1_AU_Optronics_0x312C.json (42064 bytes, compression=true)
[INFO  wayscriber::input::state::core::board::switch] Switched from 'transparent' to 'whiteboard' board
[INFO  wayscriber::input::state::core::board::switch] Switched from 'whiteboard' to 'transparent' board
[INFO  wayscriber::input::state::core::board::switch] Switched from 'transparent' to 'whiteboard' board
[INFO  wayscriber::input::state::core::board::switch] Switched from 'whiteboard' to 'transparent' board
[INFO  wayscriber::input::state::core::board::switch] Switched from 'transparent' to 'whiteboard' board
[INFO  wayscriber::input::state::core::board::switch] Switched from 'whiteboard' to 'transparent' board
[INFO  wayscriber::session::snapshot::save] Session saved to /home/khanh/.local/share/wayscriber/session-wayland_1-LVDS_1_AU_Optronics_0x312C.json (47576 bytes, compression=true)
[INFO  wayscriber::input::state::core::board::switch] Switched from 'transparent' to 'whiteboard' board
[INFO  wayscriber::input::state::core::board::switch] Switched from 'whiteboard' to 'transparent' board
[INFO  wayscriber::session::snapshot::save] Session saved to /home/khanh/.local/share/wayscriber/session-wayland_1-LVDS_1_AU_Optronics_0x312C.json (54370 bytes, compression=true)
[INFO  wayscriber::input::state::core::board::switch] Switched from 'transparent' to 'whiteboard' board
[INFO  wayscriber::session::snapshot::save] Session saved to /home/khanh/.local/share/wayscriber/session-wayland_1-LVDS_1_AU_Optronics_0x312C.json (54377 bytes, compression=true)
[INFO  wayscriber::input::state::core::board::switch] Switched from 'whiteboard' to 'transparent' board
[INFO  wayscriber::input::state::actions::action_core] Cleared canvas
[INFO  wayscriber::input::state::core::board::switch] Switched from 'transparent' to 'whiteboard' board
[INFO  wayscriber::input::state::actions::action_core] Cleared canvas
[INFO  wayscriber::config::io] Saved config to /home/khanh/.config/wayscriber/config.toml
[INFO  wayscriber::config::io] Saved config to /home/khanh/.config/wayscriber/config.toml
[INFO  wayscriber::config::io] Saved config to /home/khanh/.config/wayscriber/config.toml
[INFO  wayscriber::config::io] Saved config to /home/khanh/.config/wayscriber/config.toml
[INFO  wayscriber::config::io] Saved config to /home/khanh/.config/wayscriber/config.toml
[INFO  wayscriber::config::io] Saved config to /home/khanh/.config/wayscriber/config.toml
[INFO  wayscriber::session::snapshot::save] Session saved to /home/khanh/.local/share/wayscriber/session-wayland_1-LVDS_1_AU_Optronics_0x312C.json (54176 bytes, compression=true)
[INFO  wayscriber::backend::wayland::handlers::pointer::press] toolbar press: drag_start=false, surface=28, seat=Some(12), inline_active=false
[INFO  wayscriber::backend::wayland::handlers::pointer::press] toolbar press: drag_start=false, surface=17, seat=Some(12), inline_active=false
[INFO  wayscriber::input::state::core::board::switch] Switched from 'whiteboard' to 'transparent' board
[INFO  wayscriber::session::snapshot::save] Session saved to /home/khanh/.local/share/wayscriber/session-wayland_1-LVDS_1_AU_Optronics_0x312C.json (54335 bytes, compression=true)
[INFO  wayscriber::input::state::core::board::switch] Switched from 'transparent' to 'whiteboard' board
[INFO  wayscriber::input::state::core::board::switch] Switched from 'whiteboard' to 'transparent' board
[INFO  wayscriber::session::snapshot::save] Session saved to /home/khanh/.local/share/wayscriber/session-wayland_1-LVDS_1_AU_Optronics_0x312C.json (56020 bytes, compression=true)
[INFO  wayscriber::input::state::core::board::switch] Switched from 'transparent' to 'whiteboard' board
[INFO  wayscriber::session::snapshot::save] Session saved to /home/khanh/.local/share/wayscriber/session-wayland_1-LVDS_1_AU_Optronics_0x312C.json (63010 bytes, compression=true)
[INFO  wayscriber::session::snapshot::save] Session saved to /home/khanh/.local/share/wayscriber/session-wayland_1-LVDS_1_AU_Optronics_0x312C.json (63474 bytes, compression=true)
[INFO  wayscriber::session::snapshot::save] Session saved to /home/khanh/.local/share/wayscriber/session-wayland_1-LVDS_1_AU_Optronics_0x312C.json (68453 bytes, compression=true)
[INFO  wayscriber::input::state::core::board::switch] Switched from 'whiteboard' to 'transparent' board
[INFO  wayscriber::session::snapshot::save] Session saved to /home/khanh/.local/share/wayscriber/session-wayland_1-LVDS_1_AU_Optronics_0x312C.json (70045 bytes, compression=true)
[INFO  wayscriber::input::state::core::board::switch] Switched from 'transparent' to 'whiteboard' board
[INFO  wayscriber::input::state::core::board::switch] Switched from 'whiteboard' to 'transparent' board
[INFO  wayscriber::session::snapshot::save] Session saved to /home/khanh/.local/share/wayscriber/session-wayland_1-LVDS_1_AU_Optronics_0x312C.json (72548 bytes, compression=true)
[INFO  wayscriber::input::state::core::board::switch] Switched from 'transparent' to 'whiteboard' board
[INFO  wayscriber::input::state::core::board::switch] Switched from 'whiteboard' to 'transparent' board
[INFO  wayscriber::session::snapshot::save] Session saved to /home/khanh/.local/share/wayscriber/session-wayland_1-LVDS_1_AU_Optronics_0x312C.json (75579 bytes, compression=true)
[INFO  wayscriber::session::snapshot::save] Session saved to /home/khanh/.local/share/wayscriber/session-wayland_1-LVDS_1_AU_Optronics_0x312C.json (75215 bytes, compression=true)
[INFO  wayscriber::input::state::core::board::switch] Switched from 'transparent' to 'whiteboard' board
[INFO  wayscriber::session::snapshot::save] Session saved to /home/khanh/.local/share/wayscriber/session-wayland_1-LVDS_1_AU_Optronics_0x312C.json (75211 bytes, compression=true)
[INFO  wayscriber::session::snapshot::save] Session saved to /home/khanh/.local/share/wayscriber/session-wayland_1-LVDS_1_AU_Optronics_0x312C.json (75549 bytes, compression=true)
[INFO  wayscriber::session::snapshot::save] Session saved to /home/khanh/.local/share/wayscriber/session-wayland_1-LVDS_1_AU_Optronics_0x312C.json (78163 bytes, compression=true)
[INFO  wayscriber::session::snapshot::save] Session saved to /home/khanh/.local/share/wayscriber/session-wayland_1-LVDS_1_AU_Optronics_0x312C.json (78584 bytes, compression=true)
[INFO  wayscriber::input::state::core::board::switch] Switched from 'whiteboard' to 'blackboard' board
[INFO  wayscriber::config::io] Saved config to /home/khanh/.config/wayscriber/config.toml
[INFO  wayscriber::input::state::core::board::switch] Switched from 'blackboard' to 'whiteboard' board
[INFO  wayscriber::config::io] Saved config to /home/khanh/.config/wayscriber/config.toml
[INFO  wayscriber::input::state::core::board::switch] Switched from 'whiteboard' to 'blueprint' board
[INFO  wayscriber::config::io] Saved config to /home/khanh/.config/wayscriber/config.toml
[INFO  wayscriber::input::state::core::board::switch] Switched from 'blueprint' to 'corkboard' board
[INFO  wayscriber::config::io] Saved config to /home/khanh/.config/wayscriber/config.toml
[INFO  wayscriber::input::state::core::board::switch] Switched from 'corkboard' to 'board-6' board
[INFO  wayscriber::config::io] Saved config to /home/khanh/.config/wayscriber/config.toml
[INFO  wayscriber::config::io] Saved config to /home/khanh/.config/wayscriber/config.toml
[INFO  wayscriber::input::state::core::board::switch] Switched from 'board-6' to 'board-7' board
[INFO  wayscriber::config::io] Saved config to /home/khanh/.config/wayscriber/config.toml
[INFO  wayscriber::input::state::core::board::switch] Switched from 'board-7' to 'board-8' board
[INFO  wayscriber::config::io] Saved config to /home/khanh/.config/wayscriber/config.toml
[INFO  wayscriber::input::state::core::board::switch] Switched from 'board-8' to 'whiteboard' board
[INFO  wayscriber::session::snapshot::save] Session saved to /home/khanh/.local/share/wayscriber/session-wayland_1-LVDS_1_AU_Optronics_0x312C.json (78940 bytes, compression=true)
[INFO  wayscriber::session::snapshot::save] Session saved to /home/khanh/.local/share/wayscriber/session-wayland_1-LVDS_1_AU_Optronics_0x312C.json (79690 bytes, compression=true)
[INFO  wayscriber::session::snapshot::save] Session saved to /home/khanh/.local/share/wayscriber/session-wayland_1-LVDS_1_AU_Optronics_0x312C.json (81047 bytes, compression=true)
[INFO  wayscriber::session::snapshot::save] Session saved to /home/khanh/.local/share/wayscriber/session-wayland_1-LVDS_1_AU_Optronics_0x312C.json (75361 bytes, compression=true)
[INFO  wayscriber::input::state::core::board::switch] Switched from 'whiteboard' to 'transparent' board
[INFO  wayscriber::session::snapshot::save] Session saved to /home/khanh/.local/share/wayscriber/session-wayland_1-LVDS_1_AU_Optronics_0x312C.json (75362 bytes, compression=true)
[INFO  wayscriber::session::snapshot::save] Session saved to /home/khanh/.local/share/wayscriber/session-wayland_1-LVDS_1_AU_Optronics_0x312C.json (75495 bytes, compression=true)
[INFO  wayscriber::input::state::core::board::switch] Switched from 'transparent' to 'whiteboard' board
[INFO  wayscriber::input::state::core::board::switch] Switched from 'whiteboard' to 'transparent' board
[INFO  wayscriber::input::state::core::board::switch] Switched from 'transparent' to 'whiteboard' board
[INFO  wayscriber::session::snapshot::save] Session saved to /home/khanh/.local/share/wayscriber/session-wayland_1-LVDS_1_AU_Optronics_0x312C.json (75498 bytes, compression=true)
[INFO  wayscriber::input::state::core::board::switch] Switched from 'whiteboard' to 'transparent' board
[INFO  wayscriber::session::snapshot::save] Session saved to /home/khanh/.local/share/wayscriber/session-wayland_1-LVDS_1_AU_Optronics_0x312C.json (75496 bytes, compression=true)
[INFO  wayscriber::session::snapshot::save] Session saved to /home/khanh/.local/share/wayscriber/session-wayland_1-LVDS_1_AU_Optronics_0x312C.json (75904 bytes, compression=true)
[INFO  wayscriber::session::snapshot::save] Session saved to /home/khanh/.local/share/wayscriber/session-wayland_1-LVDS_1_AU_Optronics_0x312C.json (70518 bytes, compression=true)
[INFO  wayscriber::session::snapshot::save] Session saved to /home/khanh/.local/share/wayscriber/session-wayland_1-LVDS_1_AU_Optronics_0x312C.json (72588 bytes, compression=true)
[INFO  wayscriber::input::state::core::board::switch] Switched from 'transparent' to 'whiteboard' board
[INFO  wayscriber::input::state::core::board::switch] Switched from 'whiteboard' to 'transparent' board
[INFO  wayscriber::session::snapshot::save] Session saved to /home/khanh/.local/share/wayscriber/session-wayland_1-LVDS_1_AU_Optronics_0x312C.json (75570 bytes, compression=true)
[INFO  wayscriber::backend::wayland::backend::event_loop] Exit requested after dispatch, breaking event loop
[INFO  wayscriber::backend::wayland::backend::event_loop] Wayland backend exiting
[INFO  wayscriber::session::snapshot::save] Session saved to /home/khanh/.local/share/wayscriber/session-wayland_1-LVDS_1_AU_Optronics_0x312C.json (75570 bytes, compression=true)
[INFO  wayscriber::backend::wayland::backend] Hiding Wayland overlay
[INFO  wayscriber::app] Annotation overlay closed.
[INFO  wayscriber::app::usage] Starting Wayland overlay...
[INFO  wayscriber::app::usage] Starting annotation overlay...
[INFO  wayscriber::app::usage] Controls:
[INFO  wayscriber::app::usage]   - Pen: Just drag
[INFO  wayscriber::app::usage]   - Line: Hold Shift + drag
[INFO  wayscriber::app::usage]   - Rectangle: Hold Ctrl + drag
[INFO  wayscriber::app::usage]   - Circle: Hold Tab + drag
[INFO  wayscriber::app::usage]   - Arrow: Hold Ctrl+Shift + drag
[INFO  wayscriber::app::usage]   - Text: T, click to position, type, press Enter
[INFO  wayscriber::app::usage]   - Colors: R (Red), G (Green), B (Blue), Y (Yellow), O (Orange), P (Pink), W (White), K (Black)
[INFO  wayscriber::app::usage]   - Undo / Redo: Ctrl+Z / Ctrl+Shift+Z / Ctrl+Y
[INFO  wayscriber::app::usage]   - Clear Canvas: E
[INFO  wayscriber::app::usage]   - Increase Thickness: + / = or scroll down
[INFO  wayscriber::app::usage]   - Decrease Thickness: - / _ or scroll up
[INFO  wayscriber::app::usage]   - Freeze Screen: Ctrl+Shift+F (toggle frozen background)
[INFO  wayscriber::app::usage]   - Zoom In / Zoom Out: Ctrl+Alt++ / Ctrl+Alt+= / Ctrl+Alt+- / Ctrl+Alt+_ (Ctrl+Alt + scroll)
[INFO  wayscriber::app::usage]   - Reset Zoom: Ctrl+Alt+0   •   Lock Zoom: Ctrl+Alt+L   •   Pan view: middle drag/arrow keys
[INFO  wayscriber::app::usage]   - Context Menu: Right Click or Shift+F10 / Menu
[INFO  wayscriber::app::usage]   - Help: F10 / F1   •   Toolbar: F2 / F9   •   Presenter: Ctrl+Shift+M   •   Open Configurator: F11   •   Status Bar: F12 / F4
[INFO  wayscriber::app::usage]   - Exit: Escape / Ctrl+Q
[INFO  wayscriber::app::usage] 
[INFO  wayscriber::backend::wayland::backend] Initializing Wayland backend
[INFO  wayscriber::backend::wayland::backend] Showing Wayland overlay
[INFO  wayscriber::backend::wayland::backend::run] Starting Wayland backend
[INFO  wayscriber::config::io] Loaded config from /home/khanh/.config/wayscriber/config.toml
[INFO  wayscriber::backend::wayland::backend::state_init::config] Configuration loaded
[INFO  wayscriber::backend::wayland::backend::state_init::config] Tablet feature: compiled=yes, runtime_enabled=false
[INFO  wayscriber::backend::wayland::backend::state_init::session] Session persistence: base_dir=/home/khanh/.local/share/wayscriber, per_output=true, display_id='wayland_1', output_identity=None, boards[T/W/B]=true/true/true, history=true, max_persisted_history=None, restore_tool_state=true, autosave_enabled=true, autosave_idle_ms=5000, autosave_interval_ms=45000, autosave_failure_backoff_ms=5000, max_file_size=10485760 bytes, compression=Auto
[INFO  wayscriber::backend::wayland::backend::state_init] Capture manager initialized
[INFO  wayscriber::backend::wayland::toolbar::main::lifecycle] Ensuring top toolbar surface exists at logical size (863, 72), scale 1
[INFO  wayscriber::backend::wayland::toolbar::surfaces::lifecycle] Creating toolbar surface 'wayscriber-toolbar-top' (anchor Anchor(TOP | LEFT), logical (863, 72), margin (12, 12, 0, 12), scale 1)
[INFO  wayscriber::backend::wayland::toolbar::main::lifecycle] Ensuring side toolbar surface exists at logical size (260, 634), scale 1
[INFO  wayscriber::backend::wayland::toolbar::surfaces::lifecycle] Creating toolbar surface 'wayscriber-toolbar-side' (anchor Anchor(TOP | LEFT), logical (260, 634), margin (24, 0, 24, 24), scale 1)
[INFO  wayscriber::backend::wayland::backend::surface] Creating layer shell surface
[INFO  wayscriber::backend::wayland::backend::surface] Layer shell surface created
[INFO  wayscriber::backend::wayland::handlers::seat] Keyboard capability available
[INFO  wayscriber::backend::wayland::handlers::seat] Pointer capability available
[INFO  wayscriber::backend::wayland::handlers::layer] Toolbar layer configure: size=863x72, layer=16
[INFO  wayscriber::backend::wayland::handlers::layer] Toolbar layer configure: size=260x634, layer=18
[INFO  wayscriber::backend::wayland::handlers::layer] Surface size changed - recreating SlotPool
[INFO  wayscriber::session::snapshot::load] Session file not found at /home/khanh/.local/share/wayscriber/session-wayland_1.json; skipping load
[INFO  wayscriber::backend::wayland::surface] Creating new SlotPool (1366x768 @ scale 1, 12589056 bytes, 3 buffers, gen 1)
[INFO  wayscriber::backend::wayland::handlers::layer] Toolbar layer configure: size=863x72, layer=16
[INFO  wayscriber::backend::wayland::handlers::compositor] Persisting session using monitor identity 'LVDS_1_AU_Optronics_0x312C' (session file: /home/khanh/.local/share/wayscriber/session-wayland_1-LVDS_1_AU_Optronics_0x312C.json).
[INFO  wayscriber::backend::wayland::handlers::compositor] Loading session snapshot from /home/khanh/.local/share/wayscriber/session-wayland_1-LVDS_1_AU_Optronics_0x312C.json (per_output=true, output_identity=Some("LVDS_1_AU_Optronics_0x312C"))
[INFO  wayscriber::session::snapshot::load] Session file present at /home/khanh/.local/share/wayscriber/session-wayland_1-LVDS_1_AU_Optronics_0x312C.json (75570 bytes, per_output=true, output_identity=Some("LVDS_1_AU_Optronics_0x312C"))
[INFO  wayscriber::session::snapshot::load] Loaded session from /home/khanh/.local/share/wayscriber/session-wayland_1-LVDS_1_AU_Optronics_0x312C.json (version 5, compressed=true, boards=2, active_board=transparent, tool_state=true)
[INFO  wayscriber::session::snapshot::apply] Restoring tool state: color=Color { r: 0.0, g: 0.0, b: 0.0, a: 1.0 }, thickness=1.00, eraser[size=31.00, kind=Circle, mode=Brush], marker_opacity=0.32, fill_enabled=false, tool_override=Some(Pen), font_size=32.0, text_bg=false, arrow[length=20.0, angle=30.0], status_bar=true, prev_color=None, arrow_labels=Some(false)
[INFO  wayscriber::backend::wayland::toolbar::main::lifecycle] Ensuring top toolbar surface exists at logical size (863, 72), scale 1
[INFO  wayscriber::backend::wayland::toolbar::surfaces::lifecycle] Creating toolbar surface 'wayscriber-toolbar-top' (anchor Anchor(TOP | LEFT), logical (863, 72), margin (12, 12, 0, 300), scale 1)
[INFO  wayscriber::backend::wayland::toolbar::main::lifecycle] Ensuring side toolbar surface exists at logical size (260, 634), scale 1
[INFO  wayscriber::backend::wayland::toolbar::surfaces::lifecycle] Creating toolbar surface 'wayscriber-toolbar-side' (anchor Anchor(TOP | LEFT), logical (260, 634), margin (24, 0, 24, 24), scale 1)
[INFO  wayscriber::backend::wayland::handlers::layer] Toolbar layer configure: size=863x72, layer=28
[INFO  wayscriber::backend::wayland::handlers::layer] Toolbar layer configure: size=260x634, layer=34
[INFO  wayscriber::input::state::actions::action_core] Cleared canvas
[INFO  wayscriber::backend::wayland::handlers::pointer::press] toolbar press: drag_start=false, surface=34, seat=Some(12), inline_active=false
[INFO  wayscriber::backend::wayland::toolbar::main::lifecycle] Side toolbar size change: (260, 634) -> (260, 880) (scale 1)
[INFO  wayscriber::backend::wayland::toolbar::surfaces::lifecycle] Creating toolbar surface 'wayscriber-toolbar-side' (anchor Anchor(TOP | LEFT), logical (260, 880), margin (24, 0, 24, 24), scale 1)
[INFO  wayscriber::backend::wayland::handlers::layer] Toolbar layer configure: size=260x880, layer=17
[INFO  wayscriber::backend::wayland::handlers::pointer::press] toolbar press: drag_start=false, surface=17, seat=Some(12), inline_active=false
[INFO  wayscriber::backend::wayland::toolbar::main::lifecycle] Side toolbar size change: (260, 880) -> (260, 634) (scale 1)
[INFO  wayscriber::backend::wayland::toolbar::surfaces::lifecycle] Creating toolbar surface 'wayscriber-toolbar-side' (anchor Anchor(TOP | LEFT), logical (260, 634), margin (24, 0, 24, 24), scale 1)
[INFO  wayscriber::backend::wayland::handlers::layer] Toolbar layer configure: size=260x634, layer=30
[INFO  wayscriber::session::snapshot::save] Session saved to /home/khanh/.local/share/wayscriber/session-wayland_1-LVDS_1_AU_Optronics_0x312C.json (75254 bytes, compression=true)
[INFO  wayscriber::backend::wayland::handlers::pointer::press] toolbar press: drag_start=false, surface=30, seat=Some(12), inline_active=false
[INFO  wayscriber::backend::wayland::toolbar::main::lifecycle] Side toolbar size change: (260, 634) -> (260, 880) (scale 1)
[INFO  wayscriber::backend::wayland::toolbar::surfaces::lifecycle] Creating toolbar surface 'wayscriber-toolbar-side' (anchor Anchor(TOP | LEFT), logical (260, 880), margin (24, 0, 24, 24), scale 1)
[INFO  wayscriber::backend::wayland::handlers::layer] Toolbar layer configure: size=260x880, layer=17
[INFO  wayscriber::backend::wayland::handlers::pointer::press] toolbar press: drag_start=false, surface=17, seat=Some(12), inline_active=false
[INFO  wayscriber::backend::wayland::toolbar::main::lifecycle] Side toolbar size change: (260, 880) -> (260, 634) (scale 1)
[INFO  wayscriber::backend::wayland::toolbar::surfaces::lifecycle] Creating toolbar surface 'wayscriber-toolbar-side' (anchor Anchor(TOP | LEFT), logical (260, 634), margin (24, 0, 24, 24), scale 1)
[INFO  wayscriber::backend::wayland::handlers::layer] Toolbar layer configure: size=260x634, layer=30
[INFO  wayscriber::backend::wayland::handlers::pointer::press] toolbar press: drag_start=false, surface=30, seat=Some(12), inline_active=false
[INFO  wayscriber::backend::wayland::toolbar::main::lifecycle] Side toolbar size change: (260, 634) -> (260, 880) (scale 1)
[INFO  wayscriber::backend::wayland::toolbar::surfaces::lifecycle] Creating toolbar surface 'wayscriber-toolbar-side' (anchor Anchor(TOP | LEFT), logical (260, 880), margin (24, 0, 24, 24), scale 1)
[INFO  wayscriber::backend::wayland::handlers::layer] Toolbar layer configure: size=260x880, layer=17
[INFO  wayscriber::backend::wayland::handlers::pointer::press] toolbar press: drag_start=false, surface=17, seat=Some(12), inline_active=false
[INFO  wayscriber::backend::wayland::state::zoom] Zoom: using screencopy fast path
[INFO  wayscriber::config::io] Saved config to /home/khanh/.config/wayscriber/config.toml
[INFO  wayscriber::config::io] Saved config to /home/khanh/.config/wayscriber/config.toml
[INFO  wayscriber::config::io] Saved config to /home/khanh/.config/wayscriber/config.toml
[INFO  wayscriber::config::io] Saved config to /home/khanh/.config/wayscriber/config.toml
[INFO  wayscriber::config::io] Saved config to /home/khanh/.config/wayscriber/config.toml
[INFO  wayscriber::config::io] Saved config to /home/khanh/.config/wayscriber/config.toml
[INFO  wayscriber::config::io] Saved config to /home/khanh/.config/wayscriber/config.toml
[INFO  wayscriber::config::io] Saved config to /home/khanh/.config/wayscriber/config.toml
[INFO  wayscriber::session::snapshot::save] Session saved to /home/khanh/.local/share/wayscriber/session-wayland_1-LVDS_1_AU_Optronics_0x312C.json (75254 bytes, compression=true)
[INFO  wayscriber::backend::wayland::handlers::pointer::press] toolbar press: drag_start=true, surface=17, seat=Some(12), inline_active=false
[INFO  wayscriber::config::io] Saved config to /home/khanh/.config/wayscriber/config.toml
[INFO  wayscriber::config::io] Saved config to /home/khanh/.config/wayscriber/config.toml
[INFO  wayscriber::config::io] Saved config to /home/khanh/.config/wayscriber/config.toml
[INFO  wayscriber::config::io] Saved config to /home/khanh/.config/wayscriber/config.toml
[INFO  wayscriber::config::io] Saved config to /home/khanh/.config/wayscriber/config.toml
[INFO  wayscriber::config::io] Saved config to /home/khanh/.config/wayscriber/config.toml
[INFO  wayscriber::config::io] Saved config to /home/khanh/.config/wayscriber/config.toml
[INFO  wayscriber::config::io] Saved config to /home/khanh/.config/wayscriber/config.toml
[INFO  wayscriber::config::io] Saved config to /home/khanh/.config/wayscriber/config.toml
[INFO  wayscriber::config::io] Saved config to /home/khanh/.config/wayscriber/config.toml
[INFO  wayscriber::config::io] Saved config to /home/khanh/.config/wayscriber/config.toml
[INFO  wayscriber::config::io] Saved config to /home/khanh/.config/wayscriber/config.toml
[INFO  wayscriber::config::io] Saved config to /home/khanh/.config/wayscriber/config.toml
[INFO  wayscriber::config::io] Saved config to /home/khanh/.config/wayscriber/config.toml
[INFO  wayscriber::config::io] Saved config to /home/khanh/.config/wayscriber/config.toml
[INFO  wayscriber::config::io] Saved config to /home/khanh/.config/wayscriber/config.toml
[INFO  wayscriber::config::io] Saved config to /home/khanh/.config/wayscriber/config.toml
[INFO  wayscriber::config::io] Saved config to /home/khanh/.config/wayscriber/config.toml
[INFO  wayscriber::config::io] Saved config to /home/khanh/.config/wayscriber/config.toml
[INFO  wayscriber::config::io] Saved config to /home/khanh/.config/wayscriber/config.toml
[INFO  wayscriber::config::io] Saved config to /home/khanh/.config/wayscriber/config.toml
[INFO  wayscriber::config::io] Saved config to /home/khanh/.config/wayscriber/config.toml
[INFO  wayscriber::config::io] Saved config to /home/khanh/.config/wayscriber/config.toml
[INFO  wayscriber::config::io] Saved config to /home/khanh/.config/wayscriber/config.toml
[INFO  wayscriber::config::io] Saved config to /home/khanh/.config/wayscriber/config.toml
[INFO  wayscriber::config::io] Saved config to /home/khanh/.config/wayscriber/config.toml
[INFO  wayscriber::config::io] Saved config to /home/khanh/.config/wayscriber/config.toml
[INFO  wayscriber::config::io] Saved config to /home/khanh/.config/wayscriber/config.toml
[INFO  wayscriber::config::io] Saved config to /home/khanh/.config/wayscriber/config.toml
[INFO  wayscriber::config::io] Saved config to /home/khanh/.config/wayscriber/config.toml
[INFO  wayscriber::config::io] Saved config to /home/khanh/.config/wayscriber/config.toml
[INFO  wayscriber::config::io] Saved config to /home/khanh/.config/wayscriber/config.toml
[INFO  wayscriber::config::io] Saved config to /home/khanh/.config/wayscriber/config.toml
[INFO  wayscriber::config::io] Saved config to /home/khanh/.config/wayscriber/config.toml
[INFO  wayscriber::config::io] Saved config to /home/khanh/.config/wayscriber/config.toml
[INFO  wayscriber::config::io] Saved config to /home/khanh/.config/wayscriber/config.toml
[INFO  wayscriber::config::io] Saved config to /home/khanh/.config/wayscriber/config.toml
[INFO  wayscriber::config::io] Saved config to /home/khanh/.config/wayscriber/config.toml
[INFO  wayscriber::config::io] Saved config to /home/khanh/.config/wayscriber/config.toml
[INFO  wayscriber::config::io] Saved config to /home/khanh/.config/wayscriber/config.toml
[INFO  wayscriber::config::io] Saved config to /home/khanh/.config/wayscriber/config.toml
[INFO  wayscriber::config::io] Saved config to /home/khanh/.config/wayscriber/config.toml
[INFO  wayscriber::config::io] Saved config to /home/khanh/.config/wayscriber/config.toml
[INFO  wayscriber::config::io] Saved config to /home/khanh/.config/wayscriber/config.toml
[INFO  wayscriber::config::io] Saved config to /home/khanh/.config/wayscriber/config.toml
[INFO  wayscriber::config::io] Saved config to /home/khanh/.config/wayscriber/config.toml
[INFO  wayscriber::config::io] Saved config to /home/khanh/.config/wayscriber/config.toml
[INFO  wayscriber::config::io] Saved config to /home/khanh/.config/wayscriber/config.toml
[INFO  wayscriber::config::io] Saved config to /home/khanh/.config/wayscriber/config.toml
[INFO  wayscriber::config::io] Saved config to /home/khanh/.config/wayscriber/config.toml
[INFO  wayscriber::config::io] Saved config to /home/khanh/.config/wayscriber/config.toml
[INFO  wayscriber::config::io] Saved config to /home/khanh/.config/wayscriber/config.toml
[INFO  wayscriber::config::io] Saved config to /home/khanh/.config/wayscriber/config.toml
[INFO  wayscriber::config::io] Saved config to /home/khanh/.config/wayscriber/config.toml
[INFO  wayscriber::config::io] Saved config to /home/khanh/.config/wayscriber/config.toml
[INFO  wayscriber::config::io] Saved config to /home/khanh/.config/wayscriber/config.toml
[INFO  wayscriber::config::io] Saved config to /home/khanh/.config/wayscriber/config.toml
[INFO  wayscriber::config::io] Saved config to /home/khanh/.config/wayscriber/config.toml
[INFO  wayscriber::config::io] Saved config to /home/khanh/.config/wayscriber/config.toml
[INFO  wayscriber::config::io] Saved config to /home/khanh/.config/wayscriber/config.toml
[INFO  wayscriber::config::io] Saved config to /home/khanh/.config/wayscriber/config.toml
[INFO  wayscriber::config::io] Saved config to /home/khanh/.config/wayscriber/config.toml
[INFO  wayscriber::config::io] Saved config to /home/khanh/.config/wayscriber/config.toml
[INFO  wayscriber::config::io] Saved config to /home/khanh/.config/wayscriber/config.toml
[INFO  wayscriber::config::io] Saved config to /home/khanh/.config/wayscriber/config.toml
[INFO  wayscriber::config::io] Saved config to /home/khanh/.config/wayscriber/config.toml
[INFO  wayscriber::config::io] Saved config to /home/khanh/.config/wayscriber/config.toml
[INFO  wayscriber::config::io] Saved config to /home/khanh/.config/wayscriber/config.toml
[INFO  wayscriber::config::io] Saved config to /home/khanh/.config/wayscriber/config.toml
[INFO  wayscriber::config::io] Saved config to /home/khanh/.config/wayscriber/config.toml
[INFO  wayscriber::config::io] Saved config to /home/khanh/.config/wayscriber/config.toml
[INFO  wayscriber::config::io] Saved config to /home/khanh/.config/wayscriber/config.toml
[INFO  wayscriber::config::io] Saved config to /home/khanh/.config/wayscriber/config.toml
[INFO  wayscriber::backend::wayland::toolbar::main::lifecycle] Side toolbar size change: (260, 880) -> (260, 788) (scale 1)
[INFO  wayscriber::backend::wayland::toolbar::surfaces::lifecycle] Creating toolbar surface 'wayscriber-toolbar-side' (anchor Anchor(TOP | LEFT), logical (260, 788), margin (24, 0, 24, 24), scale 1)
[INFO  wayscriber::backend::wayland::handlers::layer] Toolbar layer configure: size=260x788, layer=30
[INFO  wayscriber::backend::wayland::toolbar::main::lifecycle] Side toolbar size change: (260, 788) -> (260, 880) (scale 1)
[INFO  wayscriber::backend::wayland::toolbar::surfaces::lifecycle] Creating toolbar surface 'wayscriber-toolbar-side' (anchor Anchor(TOP | LEFT), logical (260, 880), margin (24, 0, 24, 24), scale 1)
[INFO  wayscriber::backend::wayland::handlers::layer] Toolbar layer configure: size=260x880, layer=17
[INFO  wayscriber::backend::wayland::toolbar::main::lifecycle] Side toolbar size change: (260, 880) -> (260, 788) (scale 1)
[INFO  wayscriber::backend::wayland::toolbar::surfaces::lifecycle] Creating toolbar surface 'wayscriber-toolbar-side' (anchor Anchor(TOP | LEFT), logical (260, 788), margin (24, 0, 24, 24), scale 1)
[INFO  wayscriber::backend::wayland::handlers::layer] Toolbar layer configure: size=260x788, layer=30
[INFO  wayscriber::backend::wayland::toolbar::main::lifecycle] Side toolbar size change: (260, 788) -> (260, 880) (scale 1)
[INFO  wayscriber::backend::wayland::toolbar::surfaces::lifecycle] Creating toolbar surface 'wayscriber-toolbar-side' (anchor Anchor(TOP | LEFT), logical (260, 880), margin (24, 0, 24, 24), scale 1)
[INFO  wayscriber::backend::wayland::handlers::layer] Toolbar layer configure: size=260x880, layer=17
[INFO  wayscriber::session::snapshot::save] Session saved to /home/khanh/.local/share/wayscriber/session-wayland_1-LVDS_1_AU_Optronics_0x312C.json (75266 bytes, compression=true)
[INFO  wayscriber::backend::wayland::handlers::pointer::press] toolbar press: drag_start=false, surface=28, seat=Some(12), inline_active=false
[INFO  wayscriber::config::io] Saved config to /home/khanh/.config/wayscriber/config.toml
[INFO  wayscriber::backend::wayland::handlers::pointer::press] toolbar press: drag_start=false, surface=17, seat=Some(12), inline_active=false
[INFO  wayscriber::backend::wayland::handlers::pointer::press] toolbar press: drag_start=false, surface=17, seat=Some(12), inline_active=false
[INFO  wayscriber::session::snapshot::save] Session saved to /home/khanh/.local/share/wayscriber/session-wayland_1-LVDS_1_AU_Optronics_0x312C.json (33904 bytes, compression=true)
[INFO  wayscriber::session::snapshot::save] Session saved to /home/khanh/.local/share/wayscriber/session-wayland_1-LVDS_1_AU_Optronics_0x312C.json (678 bytes, compression=false)
[INFO  wayscriber::session::snapshot::save] Session saved to /home/khanh/.local/share/wayscriber/session-wayland_1-LVDS_1_AU_Optronics_0x312C.json (871 bytes, compression=false)
[INFO  wayscriber::session::snapshot::save] Session saved to /home/khanh/.local/share/wayscriber/session-wayland_1-LVDS_1_AU_Optronics_0x312C.json (1887 bytes, compression=false)
[INFO  wayscriber::backend::wayland::backend::event_loop] Exit requested after dispatch, breaking event loop
[INFO  wayscriber::backend::wayland::backend::event_loop] Wayland backend exiting
[INFO  wayscriber::session::snapshot::save] Session saved to /home/khanh/.local/share/wayscriber/session-wayland_1-LVDS_1_AU_Optronics_0x312C.json (1847 bytes, compression=false)
[INFO  wayscriber::backend::wayland::backend] Hiding Wayland overlay
[INFO  wayscriber::app] Annotation overlay closed.
[INFO  wayscriber::app::usage] Starting Wayland overlay...
[INFO  wayscriber::app::usage] Starting annotation overlay...
[INFO  wayscriber::app::usage] Controls:
[INFO  wayscriber::app::usage]   - Pen: Just drag
[INFO  wayscriber::app::usage]   - Line: Hold Shift + drag
[INFO  wayscriber::app::usage]   - Rectangle: Hold Ctrl + drag
[INFO  wayscriber::app::usage]   - Circle: Hold Tab + drag
[INFO  wayscriber::app::usage]   - Arrow: Hold Ctrl+Shift + drag
[INFO  wayscriber::app::usage]   - Text: T, click to position, type, press Enter
[INFO  wayscriber::app::usage]   - Colors: R (Red), G (Green), B (Blue), Y (Yellow), O (Orange), P (Pink), W (White), K (Black)
[INFO  wayscriber::app::usage]   - Undo / Redo: Ctrl+Z / Ctrl+Shift+Z / Ctrl+Y
[INFO  wayscriber::app::usage]   - Clear Canvas: E
[INFO  wayscriber::app::usage]   - Increase Thickness: + / = or scroll down
[INFO  wayscriber::app::usage]   - Decrease Thickness: - / _ or scroll up
[INFO  wayscriber::app::usage]   - Freeze Screen: Ctrl+Shift+F (toggle frozen background)
[INFO  wayscriber::app::usage]   - Zoom In / Zoom Out: Ctrl+Alt++ / Ctrl+Alt+= / Ctrl+Alt+- / Ctrl+Alt+_ (Ctrl+Alt + scroll)
[INFO  wayscriber::app::usage]   - Reset Zoom: Ctrl+Alt+0   •   Lock Zoom: Ctrl+Alt+L   •   Pan view: middle drag/arrow keys
[INFO  wayscriber::app::usage]   - Context Menu: Right Click or Shift+F10 / Menu
[INFO  wayscriber::app::usage]   - Help: F10 / F1   •   Toolbar: F2 / F9   •   Presenter: Ctrl+Shift+M   •   Open Configurator: F11   •   Status Bar: F12 / F4
[INFO  wayscriber::app::usage]   - Exit: Escape / Ctrl+Q
[INFO  wayscriber::app::usage] 
[INFO  wayscriber::backend::wayland::backend] Initializing Wayland backend
[INFO  wayscriber::backend::wayland::backend] Showing Wayland overlay
[INFO  wayscriber::backend::wayland::backend::run] Starting Wayland backend
[INFO  wayscriber::config::io] Loaded config from /home/khanh/.config/wayscriber/config.toml
[INFO  wayscriber::backend::wayland::backend::state_init::config] Configuration loaded
[INFO  wayscriber::backend::wayland::backend::state_init::config] Tablet feature: compiled=yes, runtime_enabled=false
[INFO  wayscriber::backend::wayland::backend::state_init::session] Session persistence: base_dir=/home/khanh/.local/share/wayscriber, per_output=true, display_id='wayland_1', output_identity=None, boards[T/W/B]=true/true/true, history=true, max_persisted_history=None, restore_tool_state=true, autosave_enabled=true, autosave_idle_ms=5000, autosave_interval_ms=45000, autosave_failure_backoff_ms=5000, max_file_size=10485760 bytes, compression=Auto
[INFO  wayscriber::backend::wayland::backend::state_init] Capture manager initialized
[INFO  wayscriber::backend::wayland::toolbar::main::lifecycle] Ensuring top toolbar surface exists at logical size (863, 72), scale 1
[INFO  wayscriber::backend::wayland::toolbar::surfaces::lifecycle] Creating toolbar surface 'wayscriber-toolbar-top' (anchor Anchor(TOP | LEFT), logical (863, 72), margin (12, 12, 0, 12), scale 1)
[INFO  wayscriber::backend::wayland::toolbar::main::lifecycle] Ensuring side toolbar surface exists at logical size (260, 634), scale 1
[INFO  wayscriber::backend::wayland::toolbar::surfaces::lifecycle] Creating toolbar surface 'wayscriber-toolbar-side' (anchor Anchor(TOP | LEFT), logical (260, 634), margin (24, 0, 24, 24), scale 1)
[INFO  wayscriber::backend::wayland::backend::surface] Creating layer shell surface
[INFO  wayscriber::backend::wayland::backend::surface] Layer shell surface created
[INFO  wayscriber::backend::wayland::handlers::seat] Keyboard capability available
[INFO  wayscriber::backend::wayland::handlers::seat] Pointer capability available
[INFO  wayscriber::backend::wayland::handlers::layer] Toolbar layer configure: size=863x72, layer=16
[INFO  wayscriber::backend::wayland::handlers::layer] Toolbar layer configure: size=260x634, layer=18
[INFO  wayscriber::backend::wayland::handlers::layer] Surface size changed - recreating SlotPool
[INFO  wayscriber::session::snapshot::load] Session file not found at /home/khanh/.local/share/wayscriber/session-wayland_1.json; skipping load
[INFO  wayscriber::backend::wayland::surface] Creating new SlotPool (1366x768 @ scale 1, 12589056 bytes, 3 buffers, gen 1)
[INFO  wayscriber::backend::wayland::handlers::layer] Toolbar layer configure: size=863x72, layer=16
[INFO  wayscriber::backend::wayland::handlers::compositor] Persisting session using monitor identity 'LVDS_1_AU_Optronics_0x312C' (session file: /home/khanh/.local/share/wayscriber/session-wayland_1-LVDS_1_AU_Optronics_0x312C.json).
[INFO  wayscriber::backend::wayland::handlers::compositor] Loading session snapshot from /home/khanh/.local/share/wayscriber/session-wayland_1-LVDS_1_AU_Optronics_0x312C.json (per_output=true, output_identity=Some("LVDS_1_AU_Optronics_0x312C"))
[INFO  wayscriber::session::snapshot::load] Session file present at /home/khanh/.local/share/wayscriber/session-wayland_1-LVDS_1_AU_Optronics_0x312C.json (1847 bytes, per_output=true, output_identity=Some("LVDS_1_AU_Optronics_0x312C"))
[INFO  wayscriber::session::snapshot::load] Loaded session from /home/khanh/.local/share/wayscriber/session-wayland_1-LVDS_1_AU_Optronics_0x312C.json (version 5, compressed=false, boards=2, active_board=transparent, tool_state=true)
[INFO  wayscriber::session::snapshot::apply] Restoring tool state: color=Color { r: 0.0, g: 0.0, b: 0.0, a: 1.0 }, thickness=1.00, eraser[size=31.00, kind=Circle, mode=Brush], marker_opacity=0.32, fill_enabled=false, tool_override=Some(Pen), font_size=8.4, text_bg=false, arrow[length=20.0, angle=30.0], status_bar=true, prev_color=None, arrow_labels=Some(false)
[INFO  wayscriber::backend::wayland::toolbar::main::lifecycle] Ensuring top toolbar surface exists at logical size (863, 72), scale 1
[INFO  wayscriber::backend::wayland::toolbar::surfaces::lifecycle] Creating toolbar surface 'wayscriber-toolbar-top' (anchor Anchor(TOP | LEFT), logical (863, 72), margin (12, 12, 0, 300), scale 1)
[INFO  wayscriber::backend::wayland::toolbar::main::lifecycle] Ensuring side toolbar surface exists at logical size (260, 634), scale 1
[INFO  wayscriber::backend::wayland::toolbar::surfaces::lifecycle] Creating toolbar surface 'wayscriber-toolbar-side' (anchor Anchor(TOP | LEFT), logical (260, 634), margin (24, 0, 24, 24), scale 1)
[INFO  wayscriber::backend::wayland::handlers::layer] Toolbar layer configure: size=863x72, layer=28
[INFO  wayscriber::backend::wayland::handlers::layer] Toolbar layer configure: size=260x634, layer=34
[INFO  wayscriber::backend::wayland::handlers::pointer::press] toolbar press: drag_start=false, surface=34, seat=Some(12), inline_active=false
[INFO  wayscriber::backend::wayland::handlers::pointer::press] toolbar press: drag_start=false, surface=28, seat=Some(12), inline_active=false
[INFO  wayscriber::session::snapshot::save] Session saved to /home/khanh/.local/share/wayscriber/session-wayland_1-LVDS_1_AU_Optronics_0x312C.json (1847 bytes, compression=false)
[INFO  wayscriber::session::snapshot::save] Session saved to /home/khanh/.local/share/wayscriber/session-wayland_1-LVDS_1_AU_Optronics_0x312C.json (6557 bytes, compression=true)
[INFO  wayscriber::session::snapshot::save] Session saved to /home/khanh/.local/share/wayscriber/session-wayland_1-LVDS_1_AU_Optronics_0x312C.json (7435 bytes, compression=true)
[INFO  wayscriber::session::snapshot::save] Session saved to /home/khanh/.local/share/wayscriber/session-wayland_1-LVDS_1_AU_Optronics_0x312C.json (9972 bytes, compression=true)
[INFO  wayscriber::session::snapshot::save] Session saved to /home/khanh/.local/share/wayscriber/session-wayland_1-LVDS_1_AU_Optronics_0x312C.json (10776 bytes, compression=true)
[INFO  wayscriber::session::snapshot::save] Session saved to /home/khanh/.local/share/wayscriber/session-wayland_1-LVDS_1_AU_Optronics_0x312C.json (14883 bytes, compression=true)
[INFO  wayscriber::session::snapshot::save] Session saved to /home/khanh/.local/share/wayscriber/session-wayland_1-LVDS_1_AU_Optronics_0x312C.json (15745 bytes, compression=true)
[INFO  wayscriber::session::snapshot::save] Session saved to /home/khanh/.local/share/wayscriber/session-wayland_1-LVDS_1_AU_Optronics_0x312C.json (22851 bytes, compression=true)
[INFO  wayscriber::session::snapshot::save] Session saved to /home/khanh/.local/share/wayscriber/session-wayland_1-LVDS_1_AU_Optronics_0x312C.json (23969 bytes, compression=true)
[INFO  wayscriber::session::snapshot::save] Session saved to /home/khanh/.local/share/wayscriber/session-wayland_1-LVDS_1_AU_Optronics_0x312C.json (26840 bytes, compression=true)
[INFO  wayscriber::session::snapshot::save] Session saved to /home/khanh/.local/share/wayscriber/session-wayland_1-LVDS_1_AU_Optronics_0x312C.json (27067 bytes, compression=true)
[INFO  wayscriber::session::snapshot::save] Session saved to /home/khanh/.local/share/wayscriber/session-wayland_1-LVDS_1_AU_Optronics_0x312C.json (33094 bytes, compression=true)
[INFO  wayscriber::session::snapshot::save] Session saved to /home/khanh/.local/share/wayscriber/session-wayland_1-LVDS_1_AU_Optronics_0x312C.json (33455 bytes, compression=true)
[INFO  wayscriber::backend::wayland::backend::event_loop] Exit requested after dispatch, breaking event loop
[INFO  wayscriber::backend::wayland::backend::event_loop] Wayland backend exiting
[INFO  wayscriber::session::snapshot::save] Session saved to /home/khanh/.local/share/wayscriber/session-wayland_1-LVDS_1_AU_Optronics_0x312C.json (33455 bytes, compression=true)
[INFO  wayscriber::backend::wayland::backend] Hiding Wayland overlay
[INFO  wayscriber::app] Annotation overlay closed.
[INFO  wayscriber::app::usage] Starting Wayland overlay...
[INFO  wayscriber::app::usage] Starting annotation overlay...
[INFO  wayscriber::app::usage] Controls:
[INFO  wayscriber::app::usage]   - Pen: Just drag
[INFO  wayscriber::app::usage]   - Line: Hold Shift + drag
[INFO  wayscriber::app::usage]   - Rectangle: Hold Ctrl + drag
[INFO  wayscriber::app::usage]   - Circle: Hold Tab + drag
[INFO  wayscriber::app::usage]   - Arrow: Hold Ctrl+Shift + drag
[INFO  wayscriber::app::usage]   - Text: T, click to position, type, press Enter
[INFO  wayscriber::app::usage]   - Colors: R (Red), G (Green), B (Blue), Y (Yellow), O (Orange), P (Pink), W (White), K (Black)
[INFO  wayscriber::app::usage]   - Undo / Redo: Ctrl+Z / Ctrl+Shift+Z / Ctrl+Y
[INFO  wayscriber::app::usage]   - Clear Canvas: E
[INFO  wayscriber::app::usage]   - Increase Thickness: + / = or scroll down
[INFO  wayscriber::app::usage]   - Decrease Thickness: - / _ or scroll up
[INFO  wayscriber::app::usage]   - Freeze Screen: Ctrl+Shift+F (toggle frozen background)
[INFO  wayscriber::app::usage]   - Zoom In / Zoom Out: Ctrl+Alt++ / Ctrl+Alt+= / Ctrl+Alt+- / Ctrl+Alt+_ (Ctrl+Alt + scroll)
[INFO  wayscriber::app::usage]   - Reset Zoom: Ctrl+Alt+0   •   Lock Zoom: Ctrl+Alt+L   •   Pan view: middle drag/arrow keys
[INFO  wayscriber::app::usage]   - Context Menu: Right Click or Shift+F10 / Menu
[INFO  wayscriber::app::usage]   - Help: F10 / F1   •   Toolbar: F2 / F9   •   Presenter: Ctrl+Shift+M   •   Open Configurator: F11   •   Status Bar: F12 / F4
[INFO  wayscriber::app::usage]   - Exit: Escape / Ctrl+Q
[INFO  wayscriber::app::usage] 
[INFO  wayscriber::backend::wayland::backend] Initializing Wayland backend
[INFO  wayscriber::backend::wayland::backend] Showing Wayland overlay
[INFO  wayscriber::backend::wayland::backend::run] Starting Wayland backend
[INFO  wayscriber::config::io] Loaded config from /home/khanh/.config/wayscriber/config.toml
[INFO  wayscriber::backend::wayland::backend::state_init::config] Configuration loaded
[INFO  wayscriber::backend::wayland::backend::state_init::config] Tablet feature: compiled=yes, runtime_enabled=false
[INFO  wayscriber::backend::wayland::backend::state_init::session] Session persistence: base_dir=/home/khanh/.local/share/wayscriber, per_output=true, display_id='wayland_1', output_identity=None, boards[T/W/B]=true/true/true, history=true, max_persisted_history=None, restore_tool_state=true, autosave_enabled=true, autosave_idle_ms=5000, autosave_interval_ms=45000, autosave_failure_backoff_ms=5000, max_file_size=10485760 bytes, compression=Auto
[INFO  wayscriber::backend::wayland::backend::state_init] Capture manager initialized
[INFO  wayscriber::backend::wayland::toolbar::main::lifecycle] Ensuring top toolbar surface exists at logical size (863, 72), scale 1
[INFO  wayscriber::backend::wayland::toolbar::surfaces::lifecycle] Creating toolbar surface 'wayscriber-toolbar-top' (anchor Anchor(TOP | LEFT), logical (863, 72), margin (12, 12, 0, 12), scale 1)
[INFO  wayscriber::backend::wayland::toolbar::main::lifecycle] Ensuring side toolbar surface exists at logical size (260, 634), scale 1
[INFO  wayscriber::backend::wayland::toolbar::surfaces::lifecycle] Creating toolbar surface 'wayscriber-toolbar-side' (anchor Anchor(TOP | LEFT), logical (260, 634), margin (24, 0, 24, 24), scale 1)
[INFO  wayscriber::backend::wayland::backend::surface] Creating layer shell surface
[INFO  wayscriber::backend::wayland::backend::surface] Layer shell surface created
[INFO  wayscriber::backend::wayland::handlers::seat] Keyboard capability available
[INFO  wayscriber::backend::wayland::handlers::seat] Pointer capability available
[INFO  wayscriber::backend::wayland::handlers::layer] Toolbar layer configure: size=863x72, layer=16
[INFO  wayscriber::backend::wayland::handlers::layer] Toolbar layer configure: size=260x634, layer=18
[INFO  wayscriber::backend::wayland::handlers::layer] Surface size changed - recreating SlotPool
[INFO  wayscriber::session::snapshot::load] Session file not found at /home/khanh/.local/share/wayscriber/session-wayland_1.json; skipping load
[INFO  wayscriber::backend::wayland::surface] Creating new SlotPool (1366x768 @ scale 1, 12589056 bytes, 3 buffers, gen 1)
[INFO  wayscriber::backend::wayland::handlers::layer] Toolbar layer configure: size=863x72, layer=16
[INFO  wayscriber::backend::wayland::handlers::compositor] Persisting session using monitor identity 'LVDS_1_AU_Optronics_0x312C' (session file: /home/khanh/.local/share/wayscriber/session-wayland_1-LVDS_1_AU_Optronics_0x312C.json).
[INFO  wayscriber::backend::wayland::handlers::compositor] Loading session snapshot from /home/khanh/.local/share/wayscriber/session-wayland_1-LVDS_1_AU_Optronics_0x312C.json (per_output=true, output_identity=Some("LVDS_1_AU_Optronics_0x312C"))
[INFO  wayscriber::session::snapshot::load] Session file present at /home/khanh/.local/share/wayscriber/session-wayland_1-LVDS_1_AU_Optronics_0x312C.json (33455 bytes, per_output=true, output_identity=Some("LVDS_1_AU_Optronics_0x312C"))
[INFO  wayscriber::session::snapshot::load] Loaded session from /home/khanh/.local/share/wayscriber/session-wayland_1-LVDS_1_AU_Optronics_0x312C.json (version 5, compressed=true, boards=2, active_board=transparent, tool_state=true)
[INFO  wayscriber::session::snapshot::apply] Restoring tool state: color=Color { r: 0.0, g: 0.0, b: 0.0, a: 1.0 }, thickness=1.00, eraser[size=31.00, kind=Circle, mode=Brush], marker_opacity=0.32, fill_enabled=false, tool_override=Some(Pen), font_size=8.4, text_bg=false, arrow[length=20.0, angle=30.0], status_bar=true, prev_color=None, arrow_labels=Some(false)
[INFO  wayscriber::backend::wayland::toolbar::main::lifecycle] Ensuring top toolbar surface exists at logical size (863, 72), scale 1
[INFO  wayscriber::backend::wayland::toolbar::surfaces::lifecycle] Creating toolbar surface 'wayscriber-toolbar-top' (anchor Anchor(TOP | LEFT), logical (863, 72), margin (12, 12, 0, 300), scale 1)
[INFO  wayscriber::backend::wayland::toolbar::main::lifecycle] Ensuring side toolbar surface exists at logical size (260, 634), scale 1
[INFO  wayscriber::backend::wayland::toolbar::surfaces::lifecycle] Creating toolbar surface 'wayscriber-toolbar-side' (anchor Anchor(TOP | LEFT), logical (260, 634), margin (24, 0, 24, 24), scale 1)
[INFO  wayscriber::backend::wayland::handlers::layer] Toolbar layer configure: size=863x72, layer=28
[INFO  wayscriber::backend::wayland::handlers::layer] Toolbar layer configure: size=260x634, layer=34
[INFO  wayscriber::session::snapshot::save] Session saved to /home/khanh/.local/share/wayscriber/session-wayland_1-LVDS_1_AU_Optronics_0x312C.json (33455 bytes, compression=true)
[INFO  wayscriber::backend::wayland::backend::event_loop] Exit requested after dispatch, breaking event loop
[INFO  wayscriber::backend::wayland::backend::event_loop] Wayland backend exiting
[INFO  wayscriber::session::snapshot::save] Session saved to /home/khanh/.local/share/wayscriber/session-wayland_1-LVDS_1_AU_Optronics_0x312C.json (33455 bytes, compression=true)
[INFO  wayscriber::backend::wayland::backend] Hiding Wayland overlay
[INFO  wayscriber::app] Annotation overlay closed.
[INFO  wayscriber::app::usage] Starting Wayland overlay...
[INFO  wayscriber::app::usage] Starting annotation overlay...
[INFO  wayscriber::app::usage] Controls:
[INFO  wayscriber::app::usage]   - Pen: Just drag
[INFO  wayscriber::app::usage]   - Line: Hold Shift + drag
[INFO  wayscriber::app::usage]   - Rectangle: Hold Ctrl + drag
[INFO  wayscriber::app::usage]   - Circle: Hold Tab + drag
[INFO  wayscriber::app::usage]   - Arrow: Hold Ctrl+Shift + drag
[INFO  wayscriber::app::usage]   - Text: T, click to position, type, press Enter
[INFO  wayscriber::app::usage]   - Colors: R (Red), G (Green), B (Blue), Y (Yellow), O (Orange), P (Pink), W (White), K (Black)
[INFO  wayscriber::app::usage]   - Undo / Redo: Ctrl+Z / Ctrl+Shift+Z / Ctrl+Y
[INFO  wayscriber::app::usage]   - Clear Canvas: E
[INFO  wayscriber::app::usage]   - Increase Thickness: + / = or scroll down
[INFO  wayscriber::app::usage]   - Decrease Thickness: - / _ or scroll up
[INFO  wayscriber::app::usage]   - Freeze Screen: Ctrl+Shift+F (toggle frozen background)
[INFO  wayscriber::app::usage]   - Zoom In / Zoom Out: Ctrl+Alt++ / Ctrl+Alt+= / Ctrl+Alt+- / Ctrl+Alt+_ (Ctrl+Alt + scroll)
[INFO  wayscriber::app::usage]   - Reset Zoom: Ctrl+Alt+0   •   Lock Zoom: Ctrl+Alt+L   •   Pan view: middle drag/arrow keys
[INFO  wayscriber::app::usage]   - Context Menu: Right Click or Shift+F10 / Menu
[INFO  wayscriber::app::usage]   - Help: F10 / F1   •   Toolbar: F2 / F9   •   Presenter: Ctrl+Shift+M   •   Open Configurator: F11   •   Status Bar: F12 / F4
[INFO  wayscriber::app::usage]   - Exit: Escape / Ctrl+Q
[INFO  wayscriber::app::usage] 
[INFO  wayscriber::backend::wayland::backend] Initializing Wayland backend
[INFO  wayscriber::backend::wayland::backend] Showing Wayland overlay
[INFO  wayscriber::backend::wayland::backend::run] Starting Wayland backend
[INFO  wayscriber::config::io] Loaded config from /home/khanh/.config/wayscriber/config.toml
[INFO  wayscriber::backend::wayland::backend::state_init::config] Configuration loaded
[INFO  wayscriber::backend::wayland::backend::state_init::config] Tablet feature: compiled=yes, runtime_enabled=false
[INFO  wayscriber::backend::wayland::backend::state_init::session] Session persistence: base_dir=/home/khanh/.local/share/wayscriber, per_output=true, display_id='wayland_1', output_identity=None, boards[T/W/B]=true/true/true, history=true, max_persisted_history=None, restore_tool_state=true, autosave_enabled=true, autosave_idle_ms=5000, autosave_interval_ms=45000, autosave_failure_backoff_ms=5000, max_file_size=10485760 bytes, compression=Auto
[INFO  wayscriber::backend::wayland::backend::state_init] Capture manager initialized
[INFO  wayscriber::backend::wayland::toolbar::main::lifecycle] Ensuring top toolbar surface exists at logical size (863, 72), scale 1
[INFO  wayscriber::backend::wayland::toolbar::surfaces::lifecycle] Creating toolbar surface 'wayscriber-toolbar-top' (anchor Anchor(TOP | LEFT), logical (863, 72), margin (12, 12, 0, 12), scale 1)
[INFO  wayscriber::backend::wayland::toolbar::main::lifecycle] Ensuring side toolbar surface exists at logical size (260, 634), scale 1
[INFO  wayscriber::backend::wayland::toolbar::surfaces::lifecycle] Creating toolbar surface 'wayscriber-toolbar-side' (anchor Anchor(TOP | LEFT), logical (260, 634), margin (24, 0, 24, 24), scale 1)
[INFO  wayscriber::backend::wayland::backend::surface] Creating layer shell surface
[INFO  wayscriber::backend::wayland::backend::surface] Layer shell surface created
[INFO  wayscriber::backend::wayland::handlers::seat] Keyboard capability available
[INFO  wayscriber::backend::wayland::handlers::seat] Pointer capability available
[INFO  wayscriber::backend::wayland::handlers::layer] Toolbar layer configure: size=863x72, layer=16
[INFO  wayscriber::backend::wayland::handlers::layer] Toolbar layer configure: size=260x634, layer=18
[INFO  wayscriber::backend::wayland::handlers::layer] Surface size changed - recreating SlotPool
[INFO  wayscriber::session::snapshot::load] Session file not found at /home/khanh/.local/share/wayscriber/session-wayland_1.json; skipping load
[INFO  wayscriber::backend::wayland::surface] Creating new SlotPool (1366x768 @ scale 1, 12589056 bytes, 3 buffers, gen 1)
[INFO  wayscriber::backend::wayland::handlers::layer] Toolbar layer configure: size=863x72, layer=16
[INFO  wayscriber::backend::wayland::handlers::compositor] Persisting session using monitor identity 'LVDS_1_AU_Optronics_0x312C' (session file: /home/khanh/.local/share/wayscriber/session-wayland_1-LVDS_1_AU_Optronics_0x312C.json).
[INFO  wayscriber::backend::wayland::handlers::compositor] Loading session snapshot from /home/khanh/.local/share/wayscriber/session-wayland_1-LVDS_1_AU_Optronics_0x312C.json (per_output=true, output_identity=Some("LVDS_1_AU_Optronics_0x312C"))
[INFO  wayscriber::session::snapshot::load] Session file present at /home/khanh/.local/share/wayscriber/session-wayland_1-LVDS_1_AU_Optronics_0x312C.json (33455 bytes, per_output=true, output_identity=Some("LVDS_1_AU_Optronics_0x312C"))
[INFO  wayscriber::session::snapshot::load] Loaded session from /home/khanh/.local/share/wayscriber/session-wayland_1-LVDS_1_AU_Optronics_0x312C.json (version 5, compressed=true, boards=2, active_board=transparent, tool_state=true)
[INFO  wayscriber::session::snapshot::apply] Restoring tool state: color=Color { r: 0.0, g: 0.0, b: 0.0, a: 1.0 }, thickness=1.00, eraser[size=31.00, kind=Circle, mode=Brush], marker_opacity=0.32, fill_enabled=false, tool_override=Some(Pen), font_size=8.4, text_bg=false, arrow[length=20.0, angle=30.0], status_bar=true, prev_color=None, arrow_labels=Some(false)
[INFO  wayscriber::backend::wayland::toolbar::main::lifecycle] Ensuring top toolbar surface exists at logical size (863, 72), scale 1
[INFO  wayscriber::backend::wayland::toolbar::surfaces::lifecycle] Creating toolbar surface 'wayscriber-toolbar-top' (anchor Anchor(TOP | LEFT), logical (863, 72), margin (12, 12, 0, 300), scale 1)
[INFO  wayscriber::backend::wayland::toolbar::main::lifecycle] Ensuring side toolbar surface exists at logical size (260, 634), scale 1
[INFO  wayscriber::backend::wayland::toolbar::surfaces::lifecycle] Creating toolbar surface 'wayscriber-toolbar-side' (anchor Anchor(TOP | LEFT), logical (260, 634), margin (24, 0, 24, 24), scale 1)
[INFO  wayscriber::backend::wayland::handlers::layer] Toolbar layer configure: size=863x72, layer=28
[INFO  wayscriber::backend::wayland::handlers::layer] Toolbar layer configure: size=260x634, layer=34
[INFO  wayscriber::input::state::actions::action_core] Cleared canvas
[INFO  wayscriber::session::snapshot::save] Session saved to /home/khanh/.local/share/wayscriber/session-wayland_1-LVDS_1_AU_Optronics_0x312C.json (33471 bytes, compression=true)
[INFO  wayscriber::session::snapshot::save] Session saved to /home/khanh/.local/share/wayscriber/session-wayland_1-LVDS_1_AU_Optronics_0x312C.json (39001 bytes, compression=true)
[INFO  wayscriber::session::snapshot::save] Session saved to /home/khanh/.local/share/wayscriber/session-wayland_1-LVDS_1_AU_Optronics_0x312C.json (40630 bytes, compression=true)
[INFO  wayscriber::session::snapshot::save] Session saved to /home/khanh/.local/share/wayscriber/session-wayland_1-LVDS_1_AU_Optronics_0x312C.json (41321 bytes, compression=true)
[INFO  wayscriber::session::snapshot::save] Session saved to /home/khanh/.local/share/wayscriber/session-wayland_1-LVDS_1_AU_Optronics_0x312C.json (45531 bytes, compression=true)
[INFO  wayscriber::session::snapshot::save] Session saved to /home/khanh/.local/share/wayscriber/session-wayland_1-LVDS_1_AU_Optronics_0x312C.json (46080 bytes, compression=true)
[INFO  wayscriber::session::snapshot::save] Session saved to /home/khanh/.local/share/wayscriber/session-wayland_1-LVDS_1_AU_Optronics_0x312C.json (47243 bytes, compression=true)
[INFO  wayscriber::backend::wayland::backend::event_loop] Exit requested after dispatch, breaking event loop
[INFO  wayscriber::backend::wayland::backend::event_loop] Wayland backend exiting
[INFO  wayscriber::session::snapshot::save] Session saved to /home/khanh/.local/share/wayscriber/session-wayland_1-LVDS_1_AU_Optronics_0x312C.json (47235 bytes, compression=true)
[INFO  wayscriber::backend::wayland::backend] Hiding Wayland overlay
[INFO  wayscriber::app] Annotation overlay closed.
[INFO  wayscriber::app::usage] Starting Wayland overlay...
[INFO  wayscriber::app::usage] Starting annotation overlay...
[INFO  wayscriber::app::usage] Controls:
[INFO  wayscriber::app::usage]   - Pen: Just drag
[INFO  wayscriber::app::usage]   - Line: Hold Shift + drag
[INFO  wayscriber::app::usage]   - Rectangle: Hold Ctrl + drag
[INFO  wayscriber::app::usage]   - Circle: Hold Tab + drag
[INFO  wayscriber::app::usage]   - Arrow: Hold Ctrl+Shift + drag
[INFO  wayscriber::app::usage]   - Text: T, click to position, type, press Enter
[INFO  wayscriber::app::usage]   - Colors: R (Red), G (Green), B (Blue), Y (Yellow), O (Orange), P (Pink), W (White), K (Black)
[INFO  wayscriber::app::usage]   - Undo / Redo: Ctrl+Z / Ctrl+Shift+Z / Ctrl+Y
[INFO  wayscriber::app::usage]   - Clear Canvas: E
[INFO  wayscriber::app::usage]   - Increase Thickness: + / = or scroll down
[INFO  wayscriber::app::usage]   - Decrease Thickness: - / _ or scroll up
[INFO  wayscriber::app::usage]   - Freeze Screen: Ctrl+Shift+F (toggle frozen background)
[INFO  wayscriber::app::usage]   - Zoom In / Zoom Out: Ctrl+Alt++ / Ctrl+Alt+= / Ctrl+Alt+- / Ctrl+Alt+_ (Ctrl+Alt + scroll)
[INFO  wayscriber::app::usage]   - Reset Zoom: Ctrl+Alt+0   •   Lock Zoom: Ctrl+Alt+L   •   Pan view: middle drag/arrow keys
[INFO  wayscriber::app::usage]   - Context Menu: Right Click or Shift+F10 / Menu
[INFO  wayscriber::app::usage]   - Help: F10 / F1   •   Toolbar: F2 / F9   •   Presenter: Ctrl+Shift+M   •   Open Configurator: F11   •   Status Bar: F12 / F4
[INFO  wayscriber::app::usage]   - Exit: Escape / Ctrl+Q
[INFO  wayscriber::app::usage] 
[INFO  wayscriber::backend::wayland::backend] Initializing Wayland backend
[INFO  wayscriber::backend::wayland::backend] Showing Wayland overlay
[INFO  wayscriber::backend::wayland::backend::run] Starting Wayland backend
[INFO  wayscriber::config::io] Loaded config from /home/khanh/.config/wayscriber/config.toml
[INFO  wayscriber::backend::wayland::backend::state_init::config] Configuration loaded
[INFO  wayscriber::backend::wayland::backend::state_init::config] Tablet feature: compiled=yes, runtime_enabled=false
[INFO  wayscriber::backend::wayland::backend::state_init::session] Session persistence: base_dir=/home/khanh/.local/share/wayscriber, per_output=true, display_id='wayland_1', output_identity=None, boards[T/W/B]=true/true/true, history=true, max_persisted_history=None, restore_tool_state=true, autosave_enabled=true, autosave_idle_ms=5000, autosave_interval_ms=45000, autosave_failure_backoff_ms=5000, max_file_size=10485760 bytes, compression=Auto
[INFO  wayscriber::backend::wayland::backend::state_init] Capture manager initialized
[INFO  wayscriber::backend::wayland::toolbar::main::lifecycle] Ensuring top toolbar surface exists at logical size (863, 72), scale 1
[INFO  wayscriber::backend::wayland::toolbar::surfaces::lifecycle] Creating toolbar surface 'wayscriber-toolbar-top' (anchor Anchor(TOP | LEFT), logical (863, 72), margin (12, 12, 0, 12), scale 1)
[INFO  wayscriber::backend::wayland::toolbar::main::lifecycle] Ensuring side toolbar surface exists at logical size (260, 634), scale 1
[INFO  wayscriber::backend::wayland::toolbar::surfaces::lifecycle] Creating toolbar surface 'wayscriber-toolbar-side' (anchor Anchor(TOP | LEFT), logical (260, 634), margin (24, 0, 24, 24), scale 1)
[INFO  wayscriber::backend::wayland::backend::surface] Creating layer shell surface
[INFO  wayscriber::backend::wayland::backend::surface] Layer shell surface created
[INFO  wayscriber::backend::wayland::handlers::seat] Keyboard capability available
[INFO  wayscriber::backend::wayland::handlers::seat] Pointer capability available
[INFO  wayscriber::backend::wayland::handlers::layer] Toolbar layer configure: size=863x72, layer=16
[INFO  wayscriber::backend::wayland::handlers::layer] Toolbar layer configure: size=260x634, layer=18
[INFO  wayscriber::backend::wayland::handlers::layer] Surface size changed - recreating SlotPool
[INFO  wayscriber::session::snapshot::load] Session file not found at /home/khanh/.local/share/wayscriber/session-wayland_1.json; skipping load
[INFO  wayscriber::backend::wayland::surface] Creating new SlotPool (1366x768 @ scale 1, 12589056 bytes, 3 buffers, gen 1)
[INFO  wayscriber::backend::wayland::handlers::layer] Toolbar layer configure: size=863x72, layer=16
[INFO  wayscriber::backend::wayland::handlers::compositor] Persisting session using monitor identity 'LVDS_1_AU_Optronics_0x312C' (session file: /home/khanh/.local/share/wayscriber/session-wayland_1-LVDS_1_AU_Optronics_0x312C.json).
[INFO  wayscriber::backend::wayland::handlers::compositor] Loading session snapshot from /home/khanh/.local/share/wayscriber/session-wayland_1-LVDS_1_AU_Optronics_0x312C.json (per_output=true, output_identity=Some("LVDS_1_AU_Optronics_0x312C"))
[INFO  wayscriber::session::snapshot::load] Session file present at /home/khanh/.local/share/wayscriber/session-wayland_1-LVDS_1_AU_Optronics_0x312C.json (47235 bytes, per_output=true, output_identity=Some("LVDS_1_AU_Optronics_0x312C"))
[INFO  wayscriber::session::snapshot::load] Loaded session from /home/khanh/.local/share/wayscriber/session-wayland_1-LVDS_1_AU_Optronics_0x312C.json (version 5, compressed=true, boards=2, active_board=transparent, tool_state=true)
[INFO  wayscriber::session::snapshot::apply] Restoring tool state: color=Color { r: 0.0, g: 0.0, b: 0.0, a: 1.0 }, thickness=1.00, eraser[size=31.00, kind=Circle, mode=Brush], marker_opacity=0.32, fill_enabled=false, tool_override=Some(Pen), font_size=8.4, text_bg=false, arrow[length=20.0, angle=30.0], status_bar=true, prev_color=None, arrow_labels=Some(false)
[INFO  wayscriber::backend::wayland::toolbar::main::lifecycle] Ensuring top toolbar surface exists at logical size (863, 72), scale 1
[INFO  wayscriber::backend::wayland::toolbar::surfaces::lifecycle] Creating toolbar surface 'wayscriber-toolbar-top' (anchor Anchor(TOP | LEFT), logical (863, 72), margin (12, 12, 0, 300), scale 1)
[INFO  wayscriber::backend::wayland::toolbar::main::lifecycle] Ensuring side toolbar surface exists at logical size (260, 634), scale 1
[INFO  wayscriber::backend::wayland::toolbar::surfaces::lifecycle] Creating toolbar surface 'wayscriber-toolbar-side' (anchor Anchor(TOP | LEFT), logical (260, 634), margin (24, 0, 24, 24), scale 1)
[INFO  wayscriber::backend::wayland::handlers::layer] Toolbar layer configure: size=863x72, layer=28
[INFO  wayscriber::backend::wayland::handlers::layer] Toolbar layer configure: size=260x634, layer=34
[INFO  wayscriber::session::snapshot::save] Session saved to /home/khanh/.local/share/wayscriber/session-wayland_1-LVDS_1_AU_Optronics_0x312C.json (47243 bytes, compression=true)
[INFO  wayscriber::session::snapshot::save] Session saved to /home/khanh/.local/share/wayscriber/session-wayland_1-LVDS_1_AU_Optronics_0x312C.json (47508 bytes, compression=true)
[INFO  wayscriber::backend::wayland::backend::event_loop] Exit requested after dispatch, breaking event loop
[INFO  wayscriber::backend::wayland::backend::event_loop] Wayland backend exiting
[INFO  wayscriber::session::snapshot::save] Session saved to /home/khanh/.local/share/wayscriber/session-wayland_1-LVDS_1_AU_Optronics_0x312C.json (47508 bytes, compression=true)
[INFO  wayscriber::backend::wayland::backend] Hiding Wayland overlay
[INFO  wayscriber::app] Annotation overlay closed.
[INFO  wayscriber::app::usage] Starting Wayland overlay...
[INFO  wayscriber::app::usage] Starting annotation overlay...
[INFO  wayscriber::app::usage] Controls:
[INFO  wayscriber::app::usage]   - Pen: Just drag
[INFO  wayscriber::app::usage]   - Line: Hold Shift + drag
[INFO  wayscriber::app::usage]   - Rectangle: Hold Ctrl + drag
[INFO  wayscriber::app::usage]   - Circle: Hold Tab + drag
[INFO  wayscriber::app::usage]   - Arrow: Hold Ctrl+Shift + drag
[INFO  wayscriber::app::usage]   - Text: T, click to position, type, press Enter
[INFO  wayscriber::app::usage]   - Colors: R (Red), G (Green), B (Blue), Y (Yellow), O (Orange), P (Pink), W (White), K (Black)
[INFO  wayscriber::app::usage]   - Undo / Redo: Ctrl+Z / Ctrl+Shift+Z / Ctrl+Y
[INFO  wayscriber::app::usage]   - Clear Canvas: E
[INFO  wayscriber::app::usage]   - Increase Thickness: + / = or scroll down
[INFO  wayscriber::app::usage]   - Decrease Thickness: - / _ or scroll up
[INFO  wayscriber::app::usage]   - Freeze Screen: Ctrl+Shift+F (toggle frozen background)
[INFO  wayscriber::app::usage]   - Zoom In / Zoom Out: Ctrl+Alt++ / Ctrl+Alt+= / Ctrl+Alt+- / Ctrl+Alt+_ (Ctrl+Alt + scroll)
[INFO  wayscriber::app::usage]   - Reset Zoom: Ctrl+Alt+0   •   Lock Zoom: Ctrl+Alt+L   •   Pan view: middle drag/arrow keys
[INFO  wayscriber::app::usage]   - Context Menu: Right Click or Shift+F10 / Menu
[INFO  wayscriber::app::usage]   - Help: F10 / F1   •   Toolbar: F2 / F9   •   Presenter: Ctrl+Shift+M   •   Open Configurator: F11   •   Status Bar: F12 / F4
[INFO  wayscriber::app::usage]   - Exit: Escape / Ctrl+Q
[INFO  wayscriber::app::usage] 
[INFO  wayscriber::backend::wayland::backend] Initializing Wayland backend
[INFO  wayscriber::backend::wayland::backend] Showing Wayland overlay
[INFO  wayscriber::backend::wayland::backend::run] Starting Wayland backend
[INFO  wayscriber::config::io] Loaded config from /home/khanh/.config/wayscriber/config.toml
[INFO  wayscriber::backend::wayland::backend::state_init::config] Configuration loaded
[INFO  wayscriber::backend::wayland::backend::state_init::config] Tablet feature: compiled=yes, runtime_enabled=false
[INFO  wayscriber::backend::wayland::backend::state_init::session] Session persistence: base_dir=/home/khanh/.local/share/wayscriber, per_output=true, display_id='wayland_1', output_identity=None, boards[T/W/B]=true/true/true, history=true, max_persisted_history=None, restore_tool_state=true, autosave_enabled=true, autosave_idle_ms=5000, autosave_interval_ms=45000, autosave_failure_backoff_ms=5000, max_file_size=10485760 bytes, compression=Auto
[INFO  wayscriber::backend::wayland::backend::state_init] Capture manager initialized
[INFO  wayscriber::backend::wayland::toolbar::main::lifecycle] Ensuring top toolbar surface exists at logical size (863, 72), scale 1
[INFO  wayscriber::backend::wayland::toolbar::surfaces::lifecycle] Creating toolbar surface 'wayscriber-toolbar-top' (anchor Anchor(TOP | LEFT), logical (863, 72), margin (12, 12, 0, 12), scale 1)
[INFO  wayscriber::backend::wayland::toolbar::main::lifecycle] Ensuring side toolbar surface exists at logical size (260, 634), scale 1
[INFO  wayscriber::backend::wayland::toolbar::surfaces::lifecycle] Creating toolbar surface 'wayscriber-toolbar-side' (anchor Anchor(TOP | LEFT), logical (260, 634), margin (24, 0, 24, 24), scale 1)
[INFO  wayscriber::backend::wayland::backend::surface] Creating layer shell surface
[INFO  wayscriber::backend::wayland::backend::surface] Layer shell surface created
[INFO  wayscriber::backend::wayland::handlers::seat] Keyboard capability available
[INFO  wayscriber::backend::wayland::handlers::seat] Pointer capability available
[INFO  wayscriber::backend::wayland::handlers::layer] Toolbar layer configure: size=863x72, layer=16
[INFO  wayscriber::backend::wayland::handlers::layer] Toolbar layer configure: size=260x634, layer=18
[INFO  wayscriber::backend::wayland::handlers::layer] Surface size changed - recreating SlotPool
[INFO  wayscriber::session::snapshot::load] Session file not found at /home/khanh/.local/share/wayscriber/session-wayland_1.json; skipping load
[INFO  wayscriber::backend::wayland::surface] Creating new SlotPool (1366x768 @ scale 1, 12589056 bytes, 3 buffers, gen 1)
[INFO  wayscriber::backend::wayland::handlers::layer] Toolbar layer configure: size=863x72, layer=16
[INFO  wayscriber::backend::wayland::handlers::compositor] Persisting session using monitor identity 'LVDS_1_AU_Optronics_0x312C' (session file: /home/khanh/.local/share/wayscriber/session-wayland_1-LVDS_1_AU_Optronics_0x312C.json).
[INFO  wayscriber::backend::wayland::handlers::compositor] Loading session snapshot from /home/khanh/.local/share/wayscriber/session-wayland_1-LVDS_1_AU_Optronics_0x312C.json (per_output=true, output_identity=Some("LVDS_1_AU_Optronics_0x312C"))
[INFO  wayscriber::session::snapshot::load] Session file present at /home/khanh/.local/share/wayscriber/session-wayland_1-LVDS_1_AU_Optronics_0x312C.json (47508 bytes, per_output=true, output_identity=Some("LVDS_1_AU_Optronics_0x312C"))
[INFO  wayscriber::session::snapshot::load] Loaded session from /home/khanh/.local/share/wayscriber/session-wayland_1-LVDS_1_AU_Optronics_0x312C.json (version 5, compressed=true, boards=2, active_board=transparent, tool_state=true)
[INFO  wayscriber::session::snapshot::apply] Restoring tool state: color=Color { r: 0.0, g: 0.0, b: 0.0, a: 1.0 }, thickness=1.00, eraser[size=31.00, kind=Circle, mode=Brush], marker_opacity=0.32, fill_enabled=false, tool_override=Some(Pen), font_size=8.4, text_bg=false, arrow[length=20.0, angle=30.0], status_bar=true, prev_color=None, arrow_labels=Some(false)
[INFO  wayscriber::backend::wayland::toolbar::main::lifecycle] Ensuring top toolbar surface exists at logical size (863, 72), scale 1
[INFO  wayscriber::backend::wayland::toolbar::surfaces::lifecycle] Creating toolbar surface 'wayscriber-toolbar-top' (anchor Anchor(TOP | LEFT), logical (863, 72), margin (12, 12, 0, 300), scale 1)
[INFO  wayscriber::backend::wayland::toolbar::main::lifecycle] Ensuring side toolbar surface exists at logical size (260, 634), scale 1
[INFO  wayscriber::backend::wayland::toolbar::surfaces::lifecycle] Creating toolbar surface 'wayscriber-toolbar-side' (anchor Anchor(TOP | LEFT), logical (260, 634), margin (24, 0, 24, 24), scale 1)
[INFO  wayscriber::backend::wayland::handlers::layer] Toolbar layer configure: size=863x72, layer=28
[INFO  wayscriber::backend::wayland::handlers::layer] Toolbar layer configure: size=260x634, layer=34
[INFO  wayscriber::session::snapshot::save] Session saved to /home/khanh/.local/share/wayscriber/session-wayland_1-LVDS_1_AU_Optronics_0x312C.json (47508 bytes, compression=true)
[INFO  wayscriber::input::state::actions::action_core] Cleared canvas
[INFO  wayscriber::session::snapshot::save] Session saved to /home/khanh/.local/share/wayscriber/session-wayland_1-LVDS_1_AU_Optronics_0x312C.json (47181 bytes, compression=true)
[INFO  wayscriber::session::snapshot::save] Session saved to /home/khanh/.local/share/wayscriber/session-wayland_1-LVDS_1_AU_Optronics_0x312C.json (48078 bytes, compression=true)
[INFO  wayscriber::backend::wayland::backend::event_loop] Exit requested after dispatch, breaking event loop
[INFO  wayscriber::backend::wayland::backend::event_loop] Wayland backend exiting
[INFO  wayscriber::session::snapshot::save] Session saved to /home/khanh/.local/share/wayscriber/session-wayland_1-LVDS_1_AU_Optronics_0x312C.json (48077 bytes, compression=true)
[INFO  wayscriber::backend::wayland::backend] Hiding Wayland overlay
[INFO  wayscriber::app] Annotation overlay closed.
[INFO  wayscriber::app::usage] Starting Wayland overlay...
[INFO  wayscriber::app::usage] Starting annotation overlay...
[INFO  wayscriber::app::usage] Controls:
[INFO  wayscriber::app::usage]   - Pen: Just drag
[INFO  wayscriber::app::usage]   - Line: Hold Shift + drag
[INFO  wayscriber::app::usage]   - Rectangle: Hold Ctrl + drag
[INFO  wayscriber::app::usage]   - Circle: Hold Tab + drag
[INFO  wayscriber::app::usage]   - Arrow: Hold Ctrl+Shift + drag
[INFO  wayscriber::app::usage]   - Text: T, click to position, type, press Enter
[INFO  wayscriber::app::usage]   - Colors: R (Red), G (Green), B (Blue), Y (Yellow), O (Orange), P (Pink), W (White), K (Black)
[INFO  wayscriber::app::usage]   - Undo / Redo: Ctrl+Z / Ctrl+Shift+Z / Ctrl+Y
[INFO  wayscriber::app::usage]   - Clear Canvas: E
[INFO  wayscriber::app::usage]   - Increase Thickness: + / = or scroll down
[INFO  wayscriber::app::usage]   - Decrease Thickness: - / _ or scroll up
[INFO  wayscriber::app::usage]   - Freeze Screen: Ctrl+Shift+F (toggle frozen background)
[INFO  wayscriber::app::usage]   - Zoom In / Zoom Out: Ctrl+Alt++ / Ctrl+Alt+= / Ctrl+Alt+- / Ctrl+Alt+_ (Ctrl+Alt + scroll)
[INFO  wayscriber::app::usage]   - Reset Zoom: Ctrl+Alt+0   •   Lock Zoom: Ctrl+Alt+L   •   Pan view: middle drag/arrow keys
[INFO  wayscriber::app::usage]   - Context Menu: Right Click or Shift+F10 / Menu
[INFO  wayscriber::app::usage]   - Help: F10 / F1   •   Toolbar: F2 / F9   •   Presenter: Ctrl+Shift+M   •   Open Configurator: F11   •   Status Bar: F12 / F4
[INFO  wayscriber::app::usage]   - Exit: Escape / Ctrl+Q
[INFO  wayscriber::app::usage] 
[INFO  wayscriber::backend::wayland::backend] Initializing Wayland backend
[INFO  wayscriber::backend::wayland::backend] Showing Wayland overlay
[INFO  wayscriber::backend::wayland::backend::run] Starting Wayland backend
[INFO  wayscriber::config::io] Loaded config from /home/khanh/.config/wayscriber/config.toml
[INFO  wayscriber::backend::wayland::backend::state_init::config] Configuration loaded
[INFO  wayscriber::backend::wayland::backend::state_init::config] Tablet feature: compiled=yes, runtime_enabled=false
[INFO  wayscriber::backend::wayland::backend::state_init::session] Session persistence: base_dir=/home/khanh/.local/share/wayscriber, per_output=true, display_id='wayland_1', output_identity=None, boards[T/W/B]=true/true/true, history=true, max_persisted_history=None, restore_tool_state=true, autosave_enabled=true, autosave_idle_ms=5000, autosave_interval_ms=45000, autosave_failure_backoff_ms=5000, max_file_size=10485760 bytes, compression=Auto
[INFO  wayscriber::backend::wayland::backend::state_init] Capture manager initialized
[INFO  wayscriber::backend::wayland::toolbar::main::lifecycle] Ensuring top toolbar surface exists at logical size (863, 72), scale 1
[INFO  wayscriber::backend::wayland::toolbar::surfaces::lifecycle] Creating toolbar surface 'wayscriber-toolbar-top' (anchor Anchor(TOP | LEFT), logical (863, 72), margin (12, 12, 0, 12), scale 1)
[INFO  wayscriber::backend::wayland::toolbar::main::lifecycle] Ensuring side toolbar surface exists at logical size (260, 634), scale 1
[INFO  wayscriber::backend::wayland::toolbar::surfaces::lifecycle] Creating toolbar surface 'wayscriber-toolbar-side' (anchor Anchor(TOP | LEFT), logical (260, 634), margin (24, 0, 24, 24), scale 1)
[INFO  wayscriber::backend::wayland::backend::surface] Creating layer shell surface
[INFO  wayscriber::backend::wayland::backend::surface] Layer shell surface created
[INFO  wayscriber::backend::wayland::handlers::seat] Keyboard capability available
[INFO  wayscriber::backend::wayland::handlers::seat] Pointer capability available
[INFO  wayscriber::backend::wayland::handlers::layer] Toolbar layer configure: size=863x72, layer=16
[INFO  wayscriber::backend::wayland::handlers::layer] Toolbar layer configure: size=260x634, layer=18
[INFO  wayscriber::backend::wayland::handlers::layer] Surface size changed - recreating SlotPool
[INFO  wayscriber::session::snapshot::load] Session file not found at /home/khanh/.local/share/wayscriber/session-wayland_1.json; skipping load
[INFO  wayscriber::backend::wayland::surface] Creating new SlotPool (1366x768 @ scale 1, 12589056 bytes, 3 buffers, gen 1)
[INFO  wayscriber::backend::wayland::handlers::layer] Toolbar layer configure: size=863x72, layer=16
[INFO  wayscriber::backend::wayland::handlers::compositor] Persisting session using monitor identity 'LVDS_1_AU_Optronics_0x312C' (session file: /home/khanh/.local/share/wayscriber/session-wayland_1-LVDS_1_AU_Optronics_0x312C.json).
[INFO  wayscriber::backend::wayland::handlers::compositor] Loading session snapshot from /home/khanh/.local/share/wayscriber/session-wayland_1-LVDS_1_AU_Optronics_0x312C.json (per_output=true, output_identity=Some("LVDS_1_AU_Optronics_0x312C"))
[INFO  wayscriber::session::snapshot::load] Session file present at /home/khanh/.local/share/wayscriber/session-wayland_1-LVDS_1_AU_Optronics_0x312C.json (48077 bytes, per_output=true, output_identity=Some("LVDS_1_AU_Optronics_0x312C"))
[INFO  wayscriber::session::snapshot::load] Loaded session from /home/khanh/.local/share/wayscriber/session-wayland_1-LVDS_1_AU_Optronics_0x312C.json (version 5, compressed=true, boards=2, active_board=transparent, tool_state=true)
[INFO  wayscriber::session::snapshot::apply] Restoring tool state: color=Color { r: 0.0, g: 0.0, b: 0.0, a: 1.0 }, thickness=1.00, eraser[size=31.00, kind=Circle, mode=Brush], marker_opacity=0.32, fill_enabled=false, tool_override=Some(Pen), font_size=8.4, text_bg=false, arrow[length=20.0, angle=30.0], status_bar=true, prev_color=None, arrow_labels=Some(false)
[INFO  wayscriber::backend::wayland::toolbar::main::lifecycle] Ensuring top toolbar surface exists at logical size (863, 72), scale 1
[INFO  wayscriber::backend::wayland::toolbar::surfaces::lifecycle] Creating toolbar surface 'wayscriber-toolbar-top' (anchor Anchor(TOP | LEFT), logical (863, 72), margin (12, 12, 0, 300), scale 1)
[INFO  wayscriber::backend::wayland::toolbar::main::lifecycle] Ensuring side toolbar surface exists at logical size (260, 634), scale 1
[INFO  wayscriber::backend::wayland::toolbar::surfaces::lifecycle] Creating toolbar surface 'wayscriber-toolbar-side' (anchor Anchor(TOP | LEFT), logical (260, 634), margin (24, 0, 24, 24), scale 1)
[INFO  wayscriber::backend::wayland::handlers::layer] Toolbar layer configure: size=863x72, layer=28
[INFO  wayscriber::backend::wayland::handlers::layer] Toolbar layer configure: size=260x634, layer=34
[INFO  wayscriber::session::snapshot::save] Session saved to /home/khanh/.local/share/wayscriber/session-wayland_1-LVDS_1_AU_Optronics_0x312C.json (48714 bytes, compression=true)
[INFO  wayscriber::backend::wayland::backend::event_loop] Exit requested after dispatch, breaking event loop
[INFO  wayscriber::backend::wayland::backend::event_loop] Wayland backend exiting
[INFO  wayscriber::session::snapshot::save] Session saved to /home/khanh/.local/share/wayscriber/session-wayland_1-LVDS_1_AU_Optronics_0x312C.json (48715 bytes, compression=true)
[INFO  wayscriber::backend::wayland::backend] Hiding Wayland overlay
[INFO  wayscriber::app] Annotation overlay closed.
[INFO  wayscriber::app::usage] Starting Wayland overlay...
[INFO  wayscriber::app::usage] Starting annotation overlay...
[INFO  wayscriber::app::usage] Controls:
[INFO  wayscriber::app::usage]   - Pen: Just drag
[INFO  wayscriber::app::usage]   - Line: Hold Shift + drag
[INFO  wayscriber::app::usage]   - Rectangle: Hold Ctrl + drag
[INFO  wayscriber::app::usage]   - Circle: Hold Tab + drag
[INFO  wayscriber::app::usage]   - Arrow: Hold Ctrl+Shift + drag
[INFO  wayscriber::app::usage]   - Text: T, click to position, type, press Enter
[INFO  wayscriber::app::usage]   - Colors: R (Red), G (Green), B (Blue), Y (Yellow), O (Orange), P (Pink), W (White), K (Black)
[INFO  wayscriber::app::usage]   - Undo / Redo: Ctrl+Z / Ctrl+Shift+Z / Ctrl+Y
[INFO  wayscriber::app::usage]   - Clear Canvas: E
[INFO  wayscriber::app::usage]   - Increase Thickness: + / = or scroll down
[INFO  wayscriber::app::usage]   - Decrease Thickness: - / _ or scroll up
[INFO  wayscriber::app::usage]   - Freeze Screen: Ctrl+Shift+F (toggle frozen background)
[INFO  wayscriber::app::usage]   - Zoom In / Zoom Out: Ctrl+Alt++ / Ctrl+Alt+= / Ctrl+Alt+- / Ctrl+Alt+_ (Ctrl+Alt + scroll)
[INFO  wayscriber::app::usage]   - Reset Zoom: Ctrl+Alt+0   •   Lock Zoom: Ctrl+Alt+L   •   Pan view: middle drag/arrow keys
[INFO  wayscriber::app::usage]   - Context Menu: Right Click or Shift+F10 / Menu
[INFO  wayscriber::app::usage]   - Help: F10 / F1   •   Toolbar: F2 / F9   •   Presenter: Ctrl+Shift+M   •   Open Configurator: F11   •   Status Bar: F12 / F4
[INFO  wayscriber::app::usage]   - Exit: Escape / Ctrl+Q
[INFO  wayscriber::app::usage] 
[INFO  wayscriber::backend::wayland::backend] Initializing Wayland backend
[INFO  wayscriber::backend::wayland::backend] Showing Wayland overlay
[INFO  wayscriber::backend::wayland::backend::run] Starting Wayland backend
[INFO  wayscriber::config::io] Loaded config from /home/khanh/.config/wayscriber/config.toml
[INFO  wayscriber::backend::wayland::backend::state_init::config] Configuration loaded
[INFO  wayscriber::backend::wayland::backend::state_init::config] Tablet feature: compiled=yes, runtime_enabled=false
[INFO  wayscriber::backend::wayland::backend::state_init::session] Session persistence: base_dir=/home/khanh/.local/share/wayscriber, per_output=true, display_id='wayland_1', output_identity=None, boards[T/W/B]=true/true/true, history=true, max_persisted_history=None, restore_tool_state=true, autosave_enabled=true, autosave_idle_ms=5000, autosave_interval_ms=45000, autosave_failure_backoff_ms=5000, max_file_size=10485760 bytes, compression=Auto
[INFO  wayscriber::backend::wayland::backend::state_init] Capture manager initialized
[INFO  wayscriber::backend::wayland::toolbar::main::lifecycle] Ensuring top toolbar surface exists at logical size (863, 72), scale 1
[INFO  wayscriber::backend::wayland::toolbar::surfaces::lifecycle] Creating toolbar surface 'wayscriber-toolbar-top' (anchor Anchor(TOP | LEFT), logical (863, 72), margin (12, 12, 0, 12), scale 1)
[INFO  wayscriber::backend::wayland::toolbar::main::lifecycle] Ensuring side toolbar surface exists at logical size (260, 634), scale 1
[INFO  wayscriber::backend::wayland::toolbar::surfaces::lifecycle] Creating toolbar surface 'wayscriber-toolbar-side' (anchor Anchor(TOP | LEFT), logical (260, 634), margin (24, 0, 24, 24), scale 1)
[INFO  wayscriber::backend::wayland::backend::surface] Creating layer shell surface
[INFO  wayscriber::backend::wayland::backend::surface] Layer shell surface created
[INFO  wayscriber::backend::wayland::handlers::seat] Keyboard capability available
[INFO  wayscriber::backend::wayland::handlers::seat] Pointer capability available
[INFO  wayscriber::backend::wayland::handlers::layer] Toolbar layer configure: size=863x72, layer=16
[INFO  wayscriber::backend::wayland::handlers::layer] Toolbar layer configure: size=260x634, layer=18
[INFO  wayscriber::backend::wayland::handlers::layer] Surface size changed - recreating SlotPool
[INFO  wayscriber::session::snapshot::load] Session file not found at /home/khanh/.local/share/wayscriber/session-wayland_1.json; skipping load
[INFO  wayscriber::backend::wayland::surface] Creating new SlotPool (1366x768 @ scale 1, 12589056 bytes, 3 buffers, gen 1)
[INFO  wayscriber::backend::wayland::handlers::layer] Toolbar layer configure: size=863x72, layer=16
[INFO  wayscriber::backend::wayland::handlers::compositor] Persisting session using monitor identity 'LVDS_1_AU_Optronics_0x312C' (session file: /home/khanh/.local/share/wayscriber/session-wayland_1-LVDS_1_AU_Optronics_0x312C.json).
[INFO  wayscriber::backend::wayland::handlers::compositor] Loading session snapshot from /home/khanh/.local/share/wayscriber/session-wayland_1-LVDS_1_AU_Optronics_0x312C.json (per_output=true, output_identity=Some("LVDS_1_AU_Optronics_0x312C"))
[INFO  wayscriber::session::snapshot::load] Session file present at /home/khanh/.local/share/wayscriber/session-wayland_1-LVDS_1_AU_Optronics_0x312C.json (48715 bytes, per_output=true, output_identity=Some("LVDS_1_AU_Optronics_0x312C"))
[INFO  wayscriber::session::snapshot::load] Loaded session from /home/khanh/.local/share/wayscriber/session-wayland_1-LVDS_1_AU_Optronics_0x312C.json (version 5, compressed=true, boards=2, active_board=transparent, tool_state=true)
[INFO  wayscriber::session::snapshot::apply] Restoring tool state: color=Color { r: 0.0, g: 0.0, b: 0.0, a: 1.0 }, thickness=1.00, eraser[size=31.00, kind=Circle, mode=Brush], marker_opacity=0.32, fill_enabled=false, tool_override=Some(Pen), font_size=8.4, text_bg=false, arrow[length=20.0, angle=30.0], status_bar=true, prev_color=None, arrow_labels=Some(false)
[INFO  wayscriber::backend::wayland::toolbar::main::lifecycle] Ensuring top toolbar surface exists at logical size (863, 72), scale 1
[INFO  wayscriber::backend::wayland::toolbar::surfaces::lifecycle] Creating toolbar surface 'wayscriber-toolbar-top' (anchor Anchor(TOP | LEFT), logical (863, 72), margin (12, 12, 0, 300), scale 1)
[INFO  wayscriber::backend::wayland::toolbar::main::lifecycle] Ensuring side toolbar surface exists at logical size (260, 634), scale 1
[INFO  wayscriber::backend::wayland::toolbar::surfaces::lifecycle] Creating toolbar surface 'wayscriber-toolbar-side' (anchor Anchor(TOP | LEFT), logical (260, 634), margin (24, 0, 24, 24), scale 1)
[INFO  wayscriber::backend::wayland::handlers::layer] Toolbar layer configure: size=863x72, layer=28
[INFO  wayscriber::backend::wayland::handlers::layer] Toolbar layer configure: size=260x634, layer=34
[INFO  wayscriber::session::snapshot::save] Session saved to /home/khanh/.local/share/wayscriber/session-wayland_1-LVDS_1_AU_Optronics_0x312C.json (32880 bytes, compression=true)
[INFO  wayscriber::input::state::core::board::switch] Switched from 'transparent' to 'whiteboard' board
[INFO  wayscriber::backend::wayland::handlers::pointer::press] toolbar press: drag_start=false, surface=28, seat=Some(12), inline_active=false
[INFO  wayscriber::backend::wayland::handlers::pointer::press] toolbar press: drag_start=false, surface=34, seat=Some(12), inline_active=false
[INFO  wayscriber::session::snapshot::save] Session saved to /home/khanh/.local/share/wayscriber/session-wayland_1-LVDS_1_AU_Optronics_0x312C.json (34202 bytes, compression=true)
[INFO  wayscriber::input::state::core::board::switch] Switched from 'whiteboard' to 'transparent' board
[INFO  wayscriber::session::snapshot::save] Session saved to /home/khanh/.local/share/wayscriber/session-wayland_1-LVDS_1_AU_Optronics_0x312C.json (37136 bytes, compression=true)
[INFO  wayscriber::input::state::core::board::switch] Switched from 'transparent' to 'whiteboard' board
[INFO  wayscriber::input::state::core::board::switch] Switched from 'whiteboard' to 'transparent' board
[INFO  wayscriber::session::snapshot::save] Session saved to /home/khanh/.local/share/wayscriber/session-wayland_1-LVDS_1_AU_Optronics_0x312C.json (39984 bytes, compression=true)
[INFO  wayscriber::input::state::core::board::switch] Switched from 'transparent' to 'whiteboard' board
[INFO  wayscriber::backend::wayland::backend::event_loop] Exit requested after dispatch, breaking event loop
[INFO  wayscriber::backend::wayland::backend::event_loop] Wayland backend exiting
[INFO  wayscriber::session::snapshot::save] Session saved to /home/khanh/.local/share/wayscriber/session-wayland_1-LVDS_1_AU_Optronics_0x312C.json (40603 bytes, compression=true)
[INFO  wayscriber::backend::wayland::backend] Hiding Wayland overlay
[INFO  wayscriber::app] Annotation overlay closed.
[INFO  wayscriber::app::usage] Starting Wayland overlay...
[INFO  wayscriber::app::usage] Starting annotation overlay...
[INFO  wayscriber::app::usage] Controls:
[INFO  wayscriber::app::usage]   - Pen: Just drag
[INFO  wayscriber::app::usage]   - Line: Hold Shift + drag
[INFO  wayscriber::app::usage]   - Rectangle: Hold Ctrl + drag
[INFO  wayscriber::app::usage]   - Circle: Hold Tab + drag
[INFO  wayscriber::app::usage]   - Arrow: Hold Ctrl+Shift + drag
[INFO  wayscriber::app::usage]   - Text: T, click to position, type, press Enter
[INFO  wayscriber::app::usage]   - Colors: R (Red), G (Green), B (Blue), Y (Yellow), O (Orange), P (Pink), W (White), K (Black)
[INFO  wayscriber::app::usage]   - Undo / Redo: Ctrl+Z / Ctrl+Shift+Z / Ctrl+Y
[INFO  wayscriber::app::usage]   - Clear Canvas: E
[INFO  wayscriber::app::usage]   - Increase Thickness: + / = or scroll down
[INFO  wayscriber::app::usage]   - Decrease Thickness: - / _ or scroll up
[INFO  wayscriber::app::usage]   - Freeze Screen: Ctrl+Shift+F (toggle frozen background)
[INFO  wayscriber::app::usage]   - Zoom In / Zoom Out: Ctrl+Alt++ / Ctrl+Alt+= / Ctrl+Alt+- / Ctrl+Alt+_ (Ctrl+Alt + scroll)
[INFO  wayscriber::app::usage]   - Reset Zoom: Ctrl+Alt+0   •   Lock Zoom: Ctrl+Alt+L   •   Pan view: middle drag/arrow keys
[INFO  wayscriber::app::usage]   - Context Menu: Right Click or Shift+F10 / Menu
[INFO  wayscriber::app::usage]   - Help: F10 / F1   •   Toolbar: F2 / F9   •   Presenter: Ctrl+Shift+M   •   Open Configurator: F11   •   Status Bar: F12 / F4
[INFO  wayscriber::app::usage]   - Exit: Escape / Ctrl+Q
[INFO  wayscriber::app::usage] 
[INFO  wayscriber::backend::wayland::backend] Initializing Wayland backend
[INFO  wayscriber::backend::wayland::backend] Showing Wayland overlay
[INFO  wayscriber::backend::wayland::backend::run] Starting Wayland backend
[INFO  wayscriber::config::io] Loaded config from /home/khanh/.config/wayscriber/config.toml
[INFO  wayscriber::backend::wayland::backend::state_init::config] Configuration loaded
[INFO  wayscriber::backend::wayland::backend::state_init::config] Tablet feature: compiled=yes, runtime_enabled=false
[INFO  wayscriber::backend::wayland::backend::state_init::session] Session persistence: base_dir=/home/khanh/.local/share/wayscriber, per_output=true, display_id='wayland_1', output_identity=None, boards[T/W/B]=true/true/true, history=true, max_persisted_history=None, restore_tool_state=true, autosave_enabled=true, autosave_idle_ms=5000, autosave_interval_ms=45000, autosave_failure_backoff_ms=5000, max_file_size=10485760 bytes, compression=Auto
[INFO  wayscriber::backend::wayland::backend::state_init] Capture manager initialized
[INFO  wayscriber::backend::wayland::toolbar::main::lifecycle] Ensuring top toolbar surface exists at logical size (863, 72), scale 1
[INFO  wayscriber::backend::wayland::toolbar::surfaces::lifecycle] Creating toolbar surface 'wayscriber-toolbar-top' (anchor Anchor(TOP | LEFT), logical (863, 72), margin (12, 12, 0, 12), scale 1)
[INFO  wayscriber::backend::wayland::toolbar::main::lifecycle] Ensuring side toolbar surface exists at logical size (260, 634), scale 1
[INFO  wayscriber::backend::wayland::toolbar::surfaces::lifecycle] Creating toolbar surface 'wayscriber-toolbar-side' (anchor Anchor(TOP | LEFT), logical (260, 634), margin (24, 0, 24, 24), scale 1)
[INFO  wayscriber::backend::wayland::backend::surface] Creating layer shell surface
[INFO  wayscriber::backend::wayland::backend::surface] Layer shell surface created
[INFO  wayscriber::backend::wayland::handlers::seat] Keyboard capability available
[INFO  wayscriber::backend::wayland::handlers::seat] Pointer capability available
[INFO  wayscriber::backend::wayland::handlers::layer] Toolbar layer configure: size=863x72, layer=16
[INFO  wayscriber::backend::wayland::handlers::layer] Toolbar layer configure: size=260x634, layer=18
[INFO  wayscriber::backend::wayland::handlers::layer] Surface size changed - recreating SlotPool
[INFO  wayscriber::session::snapshot::load] Session file not found at /home/khanh/.local/share/wayscriber/session-wayland_1.json; skipping load
[INFO  wayscriber::backend::wayland::surface] Creating new SlotPool (1366x768 @ scale 1, 12589056 bytes, 3 buffers, gen 1)
[INFO  wayscriber::backend::wayland::handlers::layer] Toolbar layer configure: size=863x72, layer=16
[INFO  wayscriber::backend::wayland::handlers::compositor] Persisting session using monitor identity 'LVDS_1_AU_Optronics_0x312C' (session file: /home/khanh/.local/share/wayscriber/session-wayland_1-LVDS_1_AU_Optronics_0x312C.json).
[INFO  wayscriber::backend::wayland::handlers::compositor] Loading session snapshot from /home/khanh/.local/share/wayscriber/session-wayland_1-LVDS_1_AU_Optronics_0x312C.json (per_output=true, output_identity=Some("LVDS_1_AU_Optronics_0x312C"))
[INFO  wayscriber::session::snapshot::load] Session file present at /home/khanh/.local/share/wayscriber/session-wayland_1-LVDS_1_AU_Optronics_0x312C.json (40603 bytes, per_output=true, output_identity=Some("LVDS_1_AU_Optronics_0x312C"))
[INFO  wayscriber::session::snapshot::load] Loaded session from /home/khanh/.local/share/wayscriber/session-wayland_1-LVDS_1_AU_Optronics_0x312C.json (version 5, compressed=true, boards=2, active_board=whiteboard, tool_state=true)
[INFO  wayscriber::input::state::core::board::switch] Switched from 'transparent' to 'whiteboard' board
[INFO  wayscriber::session::snapshot::apply] Restoring tool state: color=Color { r: 0.0, g: 0.0, b: 0.0, a: 1.0 }, thickness=1.00, eraser[size=31.00, kind=Circle, mode=Brush], marker_opacity=0.32, fill_enabled=false, tool_override=Some(Pen), font_size=8.4, text_bg=false, arrow[length=20.0, angle=30.0], status_bar=true, prev_color=Some(Color { r: 0.0, g: 0.0, b: 0.0, a: 1.0 }), arrow_labels=Some(false)
[INFO  wayscriber::backend::wayland::toolbar::main::lifecycle] Ensuring top toolbar surface exists at logical size (863, 72), scale 1
[INFO  wayscriber::backend::wayland::toolbar::surfaces::lifecycle] Creating toolbar surface 'wayscriber-toolbar-top' (anchor Anchor(TOP | LEFT), logical (863, 72), margin (12, 12, 0, 300), scale 1)
[INFO  wayscriber::backend::wayland::toolbar::main::lifecycle] Ensuring side toolbar surface exists at logical size (260, 634), scale 1
[INFO  wayscriber::backend::wayland::toolbar::surfaces::lifecycle] Creating toolbar surface 'wayscriber-toolbar-side' (anchor Anchor(TOP | LEFT), logical (260, 634), margin (24, 0, 24, 24), scale 1)
[INFO  wayscriber::backend::wayland::handlers::layer] Toolbar layer configure: size=863x72, layer=28
[INFO  wayscriber::backend::wayland::handlers::layer] Toolbar layer configure: size=260x634, layer=34
[INFO  wayscriber::backend::wayland::handlers::pointer::press] toolbar press: drag_start=false, surface=28, seat=Some(12), inline_active=false
[INFO  wayscriber::backend::wayland::toolbar::main::lifecycle] Side toolbar size change: (260, 634) -> (260, 542) (scale 1)
[INFO  wayscriber::backend::wayland::toolbar::surfaces::lifecycle] Creating toolbar surface 'wayscriber-toolbar-side' (anchor Anchor(TOP | LEFT), logical (260, 542), margin (24, 0, 24, 24), scale 1)
[INFO  wayscriber::backend::wayland::handlers::layer] Toolbar layer configure: size=260x542, layer=17
[INFO  wayscriber::backend::wayland::backend::event_loop] Exit requested after dispatch, breaking event loop
[INFO  wayscriber::backend::wayland::backend::event_loop] Wayland backend exiting
[INFO  wayscriber::session::snapshot::save] Session saved to /home/khanh/.local/share/wayscriber/session-wayland_1-LVDS_1_AU_Optronics_0x312C.json (40600 bytes, compression=true)
[INFO  wayscriber::backend::wayland::backend] Hiding Wayland overlay
[INFO  wayscriber::app] Annotation overlay closed.
[INFO  wayscriber::app::usage] Starting Wayland overlay...
[INFO  wayscriber::app::usage] Starting annotation overlay...
[INFO  wayscriber::app::usage] Controls:
[INFO  wayscriber::app::usage]   - Pen: Just drag
[INFO  wayscriber::app::usage]   - Line: Hold Shift + drag
[INFO  wayscriber::app::usage]   - Rectangle: Hold Ctrl + drag
[INFO  wayscriber::app::usage]   - Circle: Hold Tab + drag
[INFO  wayscriber::app::usage]   - Arrow: Hold Ctrl+Shift + drag
[INFO  wayscriber::app::usage]   - Text: T, click to position, type, press Enter
[INFO  wayscriber::app::usage]   - Colors: R (Red), G (Green), B (Blue), Y (Yellow), O (Orange), P (Pink), W (White), K (Black)
[INFO  wayscriber::app::usage]   - Undo / Redo: Ctrl+Z / Ctrl+Shift+Z / Ctrl+Y
[INFO  wayscriber::app::usage]   - Clear Canvas: E
[INFO  wayscriber::app::usage]   - Increase Thickness: + / = or scroll down
[INFO  wayscriber::app::usage]   - Decrease Thickness: - / _ or scroll up
[INFO  wayscriber::app::usage]   - Freeze Screen: Ctrl+Shift+F (toggle frozen background)
[INFO  wayscriber::app::usage]   - Zoom In / Zoom Out: Ctrl+Alt++ / Ctrl+Alt+= / Ctrl+Alt+- / Ctrl+Alt+_ (Ctrl+Alt + scroll)
[INFO  wayscriber::app::usage]   - Reset Zoom: Ctrl+Alt+0   •   Lock Zoom: Ctrl+Alt+L   •   Pan view: middle drag/arrow keys
[INFO  wayscriber::app::usage]   - Context Menu: Right Click or Shift+F10 / Menu
[INFO  wayscriber::app::usage]   - Help: F10 / F1   •   Toolbar: F2 / F9   •   Presenter: Ctrl+Shift+M   •   Open Configurator: F11   •   Status Bar: F12 / F4
[INFO  wayscriber::app::usage]   - Exit: Escape / Ctrl+Q
[INFO  wayscriber::app::usage] 
[INFO  wayscriber::backend::wayland::backend] Initializing Wayland backend
[INFO  wayscriber::backend::wayland::backend] Showing Wayland overlay
[INFO  wayscriber::backend::wayland::backend::run] Starting Wayland backend
[INFO  wayscriber::config::io] Loaded config from /home/khanh/.config/wayscriber/config.toml
[INFO  wayscriber::backend::wayland::backend::state_init::config] Configuration loaded
[INFO  wayscriber::backend::wayland::backend::state_init::config] Tablet feature: compiled=yes, runtime_enabled=false
[INFO  wayscriber::backend::wayland::backend::state_init::session] Session persistence: base_dir=/home/khanh/.local/share/wayscriber, per_output=true, display_id='wayland_1', output_identity=None, boards[T/W/B]=true/true/true, history=true, max_persisted_history=None, restore_tool_state=true, autosave_enabled=true, autosave_idle_ms=5000, autosave_interval_ms=45000, autosave_failure_backoff_ms=5000, max_file_size=10485760 bytes, compression=Auto
[INFO  wayscriber::backend::wayland::backend::state_init] Capture manager initialized
[INFO  wayscriber::backend::wayland::toolbar::main::lifecycle] Ensuring top toolbar surface exists at logical size (863, 72), scale 1
[INFO  wayscriber::backend::wayland::toolbar::surfaces::lifecycle] Creating toolbar surface 'wayscriber-toolbar-top' (anchor Anchor(TOP | LEFT), logical (863, 72), margin (12, 12, 0, 12), scale 1)
[INFO  wayscriber::backend::wayland::toolbar::main::lifecycle] Ensuring side toolbar surface exists at logical size (260, 634), scale 1
[INFO  wayscriber::backend::wayland::toolbar::surfaces::lifecycle] Creating toolbar surface 'wayscriber-toolbar-side' (anchor Anchor(TOP | LEFT), logical (260, 634), margin (24, 0, 24, 24), scale 1)
[INFO  wayscriber::backend::wayland::backend::surface] Creating layer shell surface
[INFO  wayscriber::backend::wayland::backend::surface] Layer shell surface created
[INFO  wayscriber::backend::wayland::handlers::seat] Keyboard capability available
[INFO  wayscriber::backend::wayland::handlers::seat] Pointer capability available
[INFO  wayscriber::backend::wayland::handlers::layer] Toolbar layer configure: size=863x72, layer=16
[INFO  wayscriber::backend::wayland::handlers::layer] Toolbar layer configure: size=260x634, layer=18
[INFO  wayscriber::backend::wayland::handlers::layer] Surface size changed - recreating SlotPool
[INFO  wayscriber::session::snapshot::load] Session file not found at /home/khanh/.local/share/wayscriber/session-wayland_1.json; skipping load
[INFO  wayscriber::backend::wayland::surface] Creating new SlotPool (1366x768 @ scale 1, 12589056 bytes, 3 buffers, gen 1)
[INFO  wayscriber::backend::wayland::handlers::layer] Toolbar layer configure: size=863x72, layer=16
[INFO  wayscriber::backend::wayland::handlers::compositor] Persisting session using monitor identity 'LVDS_1_AU_Optronics_0x312C' (session file: /home/khanh/.local/share/wayscriber/session-wayland_1-LVDS_1_AU_Optronics_0x312C.json).
[INFO  wayscriber::backend::wayland::handlers::compositor] Loading session snapshot from /home/khanh/.local/share/wayscriber/session-wayland_1-LVDS_1_AU_Optronics_0x312C.json (per_output=true, output_identity=Some("LVDS_1_AU_Optronics_0x312C"))
[INFO  wayscriber::session::snapshot::load] Session file present at /home/khanh/.local/share/wayscriber/session-wayland_1-LVDS_1_AU_Optronics_0x312C.json (40600 bytes, per_output=true, output_identity=Some("LVDS_1_AU_Optronics_0x312C"))
[INFO  wayscriber::session::snapshot::load] Loaded session from /home/khanh/.local/share/wayscriber/session-wayland_1-LVDS_1_AU_Optronics_0x312C.json (version 5, compressed=true, boards=2, active_board=whiteboard, tool_state=true)
[INFO  wayscriber::input::state::core::board::switch] Switched from 'transparent' to 'whiteboard' board
[INFO  wayscriber::session::snapshot::apply] Restoring tool state: color=Color { r: 0.0, g: 0.0, b: 0.0, a: 1.0 }, thickness=1.00, eraser[size=31.00, kind=Circle, mode=Brush], marker_opacity=0.32, fill_enabled=false, tool_override=Some(Eraser), font_size=8.4, text_bg=false, arrow[length=20.0, angle=30.0], status_bar=true, prev_color=Some(Color { r: 0.0, g: 0.0, b: 0.0, a: 1.0 }), arrow_labels=Some(false)
[INFO  wayscriber::backend::wayland::toolbar::main::lifecycle] Ensuring top toolbar surface exists at logical size (863, 72), scale 1
[INFO  wayscriber::backend::wayland::toolbar::surfaces::lifecycle] Creating toolbar surface 'wayscriber-toolbar-top' (anchor Anchor(TOP | LEFT), logical (863, 72), margin (12, 12, 0, 300), scale 1)
[INFO  wayscriber::backend::wayland::toolbar::main::lifecycle] Ensuring side toolbar surface exists at logical size (260, 542), scale 1
[INFO  wayscriber::backend::wayland::toolbar::surfaces::lifecycle] Creating toolbar surface 'wayscriber-toolbar-side' (anchor Anchor(TOP | LEFT), logical (260, 542), margin (24, 0, 24, 24), scale 1)
[INFO  wayscriber::backend::wayland::handlers::layer] Toolbar layer configure: size=863x72, layer=28
[INFO  wayscriber::backend::wayland::handlers::layer] Toolbar layer configure: size=260x542, layer=34
[INFO  wayscriber::backend::wayland::handlers::pointer::press] toolbar press: drag_start=false, surface=28, seat=Some(12), inline_active=false
[INFO  wayscriber::backend::wayland::backend::event_loop] Exit requested after dispatch, breaking event loop
[INFO  wayscriber::backend::wayland::backend::event_loop] Wayland backend exiting
[INFO  wayscriber::session::snapshot::save] Session saved to /home/khanh/.local/share/wayscriber/session-wayland_1-LVDS_1_AU_Optronics_0x312C.json (43293 bytes, compression=true)
[INFO  wayscriber::backend::wayland::backend] Hiding Wayland overlay
[INFO  wayscriber::app] Annotation overlay closed.
[INFO  wayscriber::app::usage] Starting Wayland overlay...
[INFO  wayscriber::app::usage] Starting annotation overlay...
[INFO  wayscriber::app::usage] Controls:
[INFO  wayscriber::app::usage]   - Pen: Just drag
[INFO  wayscriber::app::usage]   - Line: Hold Shift + drag
[INFO  wayscriber::app::usage]   - Rectangle: Hold Ctrl + drag
[INFO  wayscriber::app::usage]   - Circle: Hold Tab + drag
[INFO  wayscriber::app::usage]   - Arrow: Hold Ctrl+Shift + drag
[INFO  wayscriber::app::usage]   - Text: T, click to position, type, press Enter
[INFO  wayscriber::app::usage]   - Colors: R (Red), G (Green), B (Blue), Y (Yellow), O (Orange), P (Pink), W (White), K (Black)
[INFO  wayscriber::app::usage]   - Undo / Redo: Ctrl+Z / Ctrl+Shift+Z / Ctrl+Y
[INFO  wayscriber::app::usage]   - Clear Canvas: E
[INFO  wayscriber::app::usage]   - Increase Thickness: + / = or scroll down
[INFO  wayscriber::app::usage]   - Decrease Thickness: - / _ or scroll up
[INFO  wayscriber::app::usage]   - Freeze Screen: Ctrl+Shift+F (toggle frozen background)
[INFO  wayscriber::app::usage]   - Zoom In / Zoom Out: Ctrl+Alt++ / Ctrl+Alt+= / Ctrl+Alt+- / Ctrl+Alt+_ (Ctrl+Alt + scroll)
[INFO  wayscriber::app::usage]   - Reset Zoom: Ctrl+Alt+0   •   Lock Zoom: Ctrl+Alt+L   •   Pan view: middle drag/arrow keys
[INFO  wayscriber::app::usage]   - Context Menu: Right Click or Shift+F10 / Menu
[INFO  wayscriber::app::usage]   - Help: F10 / F1   •   Toolbar: F2 / F9   •   Presenter: Ctrl+Shift+M   •   Open Configurator: F11   •   Status Bar: F12 / F4
[INFO  wayscriber::app::usage]   - Exit: Escape / Ctrl+Q
[INFO  wayscriber::app::usage] 
[INFO  wayscriber::backend::wayland::backend] Initializing Wayland backend
[INFO  wayscriber::backend::wayland::backend] Showing Wayland overlay
[INFO  wayscriber::backend::wayland::backend::run] Starting Wayland backend
[INFO  wayscriber::config::io] Loaded config from /home/khanh/.config/wayscriber/config.toml
[INFO  wayscriber::backend::wayland::backend::state_init::config] Configuration loaded
[INFO  wayscriber::backend::wayland::backend::state_init::config] Tablet feature: compiled=yes, runtime_enabled=false
[INFO  wayscriber::backend::wayland::backend::state_init::session] Session persistence: base_dir=/home/khanh/.local/share/wayscriber, per_output=true, display_id='wayland_1', output_identity=None, boards[T/W/B]=true/true/true, history=true, max_persisted_history=None, restore_tool_state=true, autosave_enabled=true, autosave_idle_ms=5000, autosave_interval_ms=45000, autosave_failure_backoff_ms=5000, max_file_size=10485760 bytes, compression=Auto
[INFO  wayscriber::backend::wayland::backend::state_init] Capture manager initialized
[INFO  wayscriber::backend::wayland::toolbar::main::lifecycle] Ensuring top toolbar surface exists at logical size (863, 72), scale 1
[INFO  wayscriber::backend::wayland::toolbar::surfaces::lifecycle] Creating toolbar surface 'wayscriber-toolbar-top' (anchor Anchor(TOP | LEFT), logical (863, 72), margin (12, 12, 0, 12), scale 1)
[INFO  wayscriber::backend::wayland::toolbar::main::lifecycle] Ensuring side toolbar surface exists at logical size (260, 634), scale 1
[INFO  wayscriber::backend::wayland::toolbar::surfaces::lifecycle] Creating toolbar surface 'wayscriber-toolbar-side' (anchor Anchor(TOP | LEFT), logical (260, 634), margin (24, 0, 24, 24), scale 1)
[INFO  wayscriber::backend::wayland::backend::surface] Creating layer shell surface
[INFO  wayscriber::backend::wayland::backend::surface] Layer shell surface created
[INFO  wayscriber::backend::wayland::handlers::seat] Keyboard capability available
[INFO  wayscriber::backend::wayland::handlers::seat] Pointer capability available
[INFO  wayscriber::backend::wayland::handlers::layer] Toolbar layer configure: size=863x72, layer=16
[INFO  wayscriber::backend::wayland::handlers::layer] Toolbar layer configure: size=260x634, layer=18
[INFO  wayscriber::backend::wayland::handlers::layer] Surface size changed - recreating SlotPool
[INFO  wayscriber::session::snapshot::load] Session file not found at /home/khanh/.local/share/wayscriber/session-wayland_1.json; skipping load
[INFO  wayscriber::backend::wayland::surface] Creating new SlotPool (1366x768 @ scale 1, 12589056 bytes, 3 buffers, gen 1)
[INFO  wayscriber::backend::wayland::handlers::layer] Toolbar layer configure: size=863x72, layer=16
[INFO  wayscriber::backend::wayland::handlers::compositor] Persisting session using monitor identity 'LVDS_1_AU_Optronics_0x312C' (session file: /home/khanh/.local/share/wayscriber/session-wayland_1-LVDS_1_AU_Optronics_0x312C.json).
[INFO  wayscriber::backend::wayland::handlers::compositor] Loading session snapshot from /home/khanh/.local/share/wayscriber/session-wayland_1-LVDS_1_AU_Optronics_0x312C.json (per_output=true, output_identity=Some("LVDS_1_AU_Optronics_0x312C"))
[INFO  wayscriber::session::snapshot::load] Session file present at /home/khanh/.local/share/wayscriber/session-wayland_1-LVDS_1_AU_Optronics_0x312C.json (43293 bytes, per_output=true, output_identity=Some("LVDS_1_AU_Optronics_0x312C"))
[INFO  wayscriber::session::snapshot::load] Loaded session from /home/khanh/.local/share/wayscriber/session-wayland_1-LVDS_1_AU_Optronics_0x312C.json (version 5, compressed=true, boards=2, active_board=whiteboard, tool_state=true)
[INFO  wayscriber::input::state::core::board::switch] Switched from 'transparent' to 'whiteboard' board
[INFO  wayscriber::session::snapshot::apply] Restoring tool state: color=Color { r: 0.0, g: 0.0, b: 0.0, a: 1.0 }, thickness=1.00, eraser[size=31.00, kind=Circle, mode=Brush], marker_opacity=0.32, fill_enabled=false, tool_override=Some(Eraser), font_size=8.4, text_bg=false, arrow[length=20.0, angle=30.0], status_bar=true, prev_color=Some(Color { r: 0.0, g: 0.0, b: 0.0, a: 1.0 }), arrow_labels=Some(false)
[INFO  wayscriber::backend::wayland::toolbar::main::lifecycle] Ensuring top toolbar surface exists at logical size (863, 72), scale 1
[INFO  wayscriber::backend::wayland::toolbar::surfaces::lifecycle] Creating toolbar surface 'wayscriber-toolbar-top' (anchor Anchor(TOP | LEFT), logical (863, 72), margin (12, 12, 0, 300), scale 1)
[INFO  wayscriber::backend::wayland::toolbar::main::lifecycle] Ensuring side toolbar surface exists at logical size (260, 542), scale 1
[INFO  wayscriber::backend::wayland::toolbar::surfaces::lifecycle] Creating toolbar surface 'wayscriber-toolbar-side' (anchor Anchor(TOP | LEFT), logical (260, 542), margin (24, 0, 24, 24), scale 1)
[INFO  wayscriber::backend::wayland::handlers::layer] Toolbar layer configure: size=863x72, layer=28
[INFO  wayscriber::backend::wayland::handlers::layer] Toolbar layer configure: size=260x542, layer=34
[INFO  wayscriber::backend::wayland::handlers::pointer::press] toolbar press: drag_start=false, surface=28, seat=Some(12), inline_active=false
[INFO  wayscriber::session::snapshot::save] Session saved to /home/khanh/.local/share/wayscriber/session-wayland_1-LVDS_1_AU_Optronics_0x312C.json (45612 bytes, compression=true)
[INFO  wayscriber::backend::wayland::handlers::pointer::press] toolbar press: drag_start=false, surface=34, seat=Some(12), inline_active=false
[INFO  wayscriber::session::snapshot::save] Session saved to /home/khanh/.local/share/wayscriber/session-wayland_1-LVDS_1_AU_Optronics_0x312C.json (46186 bytes, compression=true)
[INFO  wayscriber::backend::wayland::backend::event_loop] Exit requested after dispatch, breaking event loop
[INFO  wayscriber::backend::wayland::backend::event_loop] Wayland backend exiting
[INFO  wayscriber::session::snapshot::save] Session saved to /home/khanh/.local/share/wayscriber/session-wayland_1-LVDS_1_AU_Optronics_0x312C.json (46186 bytes, compression=true)
[INFO  wayscriber::backend::wayland::backend] Hiding Wayland overlay
[INFO  wayscriber::app] Annotation overlay closed.
[INFO  wayscriber::app::usage] Starting Wayland overlay...
[INFO  wayscriber::app::usage] Starting annotation overlay...
[INFO  wayscriber::app::usage] Controls:
[INFO  wayscriber::app::usage]   - Pen: Just drag
[INFO  wayscriber::app::usage]   - Line: Hold Shift + drag
[INFO  wayscriber::app::usage]   - Rectangle: Hold Ctrl + drag
[INFO  wayscriber::app::usage]   - Circle: Hold Tab + drag
[INFO  wayscriber::app::usage]   - Arrow: Hold Ctrl+Shift + drag
[INFO  wayscriber::app::usage]   - Text: T, click to position, type, press Enter
[INFO  wayscriber::app::usage]   - Colors: R (Red), G (Green), B (Blue), Y (Yellow), O (Orange), P (Pink), W (White), K (Black)
[INFO  wayscriber::app::usage]   - Undo / Redo: Ctrl+Z / Ctrl+Shift+Z / Ctrl+Y
[INFO  wayscriber::app::usage]   - Clear Canvas: E
[INFO  wayscriber::app::usage]   - Increase Thickness: + / = or scroll down
[INFO  wayscriber::app::usage]   - Decrease Thickness: - / _ or scroll up
[INFO  wayscriber::app::usage]   - Freeze Screen: Ctrl+Shift+F (toggle frozen background)
[INFO  wayscriber::app::usage]   - Zoom In / Zoom Out: Ctrl+Alt++ / Ctrl+Alt+= / Ctrl+Alt+- / Ctrl+Alt+_ (Ctrl+Alt + scroll)
[INFO  wayscriber::app::usage]   - Reset Zoom: Ctrl+Alt+0   •   Lock Zoom: Ctrl+Alt+L   •   Pan view: middle drag/arrow keys
[INFO  wayscriber::app::usage]   - Context Menu: Right Click or Shift+F10 / Menu
[INFO  wayscriber::app::usage]   - Help: F10 / F1   •   Toolbar: F2 / F9   •   Presenter: Ctrl+Shift+M   •   Open Configurator: F11   •   Status Bar: F12 / F4
[INFO  wayscriber::app::usage]   - Exit: Escape / Ctrl+Q
[INFO  wayscriber::app::usage] 
[INFO  wayscriber::backend::wayland::backend] Initializing Wayland backend
[INFO  wayscriber::backend::wayland::backend] Showing Wayland overlay
[INFO  wayscriber::backend::wayland::backend::run] Starting Wayland backend
[INFO  wayscriber::config::io] Loaded config from /home/khanh/.config/wayscriber/config.toml
[INFO  wayscriber::backend::wayland::backend::state_init::config] Configuration loaded
[INFO  wayscriber::backend::wayland::backend::state_init::config] Tablet feature: compiled=yes, runtime_enabled=false
[INFO  wayscriber::backend::wayland::backend::state_init::session] Session persistence: base_dir=/home/khanh/.local/share/wayscriber, per_output=true, display_id='wayland_1', output_identity=None, boards[T/W/B]=true/true/true, history=true, max_persisted_history=None, restore_tool_state=true, autosave_enabled=true, autosave_idle_ms=5000, autosave_interval_ms=45000, autosave_failure_backoff_ms=5000, max_file_size=10485760 bytes, compression=Auto
[INFO  wayscriber::backend::wayland::backend::state_init] Capture manager initialized
[INFO  wayscriber::backend::wayland::toolbar::main::lifecycle] Ensuring top toolbar surface exists at logical size (863, 72), scale 1
[INFO  wayscriber::backend::wayland::toolbar::surfaces::lifecycle] Creating toolbar surface 'wayscriber-toolbar-top' (anchor Anchor(TOP | LEFT), logical (863, 72), margin (12, 12, 0, 12), scale 1)
[INFO  wayscriber::backend::wayland::toolbar::main::lifecycle] Ensuring side toolbar surface exists at logical size (260, 634), scale 1
[INFO  wayscriber::backend::wayland::toolbar::surfaces::lifecycle] Creating toolbar surface 'wayscriber-toolbar-side' (anchor Anchor(TOP | LEFT), logical (260, 634), margin (24, 0, 24, 24), scale 1)
[INFO  wayscriber::backend::wayland::backend::surface] Creating layer shell surface
[INFO  wayscriber::backend::wayland::backend::surface] Layer shell surface created
[INFO  wayscriber::backend::wayland::handlers::seat] Keyboard capability available
[INFO  wayscriber::backend::wayland::handlers::seat] Pointer capability available
[INFO  wayscriber::backend::wayland::handlers::layer] Toolbar layer configure: size=863x72, layer=16
[INFO  wayscriber::backend::wayland::handlers::layer] Toolbar layer configure: size=260x634, layer=18
[INFO  wayscriber::backend::wayland::handlers::layer] Surface size changed - recreating SlotPool
[INFO  wayscriber::session::snapshot::load] Session file not found at /home/khanh/.local/share/wayscriber/session-wayland_1.json; skipping load
[INFO  wayscriber::backend::wayland::surface] Creating new SlotPool (1366x768 @ scale 1, 12589056 bytes, 3 buffers, gen 1)
[INFO  wayscriber::backend::wayland::handlers::layer] Toolbar layer configure: size=863x72, layer=16
[INFO  wayscriber::backend::wayland::handlers::compositor] Persisting session using monitor identity 'LVDS_1_AU_Optronics_0x312C' (session file: /home/khanh/.local/share/wayscriber/session-wayland_1-LVDS_1_AU_Optronics_0x312C.json).
[INFO  wayscriber::backend::wayland::handlers::compositor] Loading session snapshot from /home/khanh/.local/share/wayscriber/session-wayland_1-LVDS_1_AU_Optronics_0x312C.json (per_output=true, output_identity=Some("LVDS_1_AU_Optronics_0x312C"))
[INFO  wayscriber::session::snapshot::load] Session file present at /home/khanh/.local/share/wayscriber/session-wayland_1-LVDS_1_AU_Optronics_0x312C.json (46186 bytes, per_output=true, output_identity=Some("LVDS_1_AU_Optronics_0x312C"))
[INFO  wayscriber::session::snapshot::load] Loaded session from /home/khanh/.local/share/wayscriber/session-wayland_1-LVDS_1_AU_Optronics_0x312C.json (version 5, compressed=true, boards=2, active_board=whiteboard, tool_state=true)
[INFO  wayscriber::input::state::core::board::switch] Switched from 'transparent' to 'whiteboard' board
[INFO  wayscriber::session::snapshot::apply] Restoring tool state: color=Color { r: 0.0, g: 0.0, b: 0.0, a: 1.0 }, thickness=1.00, eraser[size=31.00, kind=Circle, mode=Brush], marker_opacity=0.32, fill_enabled=false, tool_override=Some(Eraser), font_size=8.4, text_bg=false, arrow[length=20.0, angle=30.0], status_bar=true, prev_color=Some(Color { r: 0.0, g: 0.0, b: 0.0, a: 1.0 }), arrow_labels=Some(false)
[INFO  wayscriber::backend::wayland::toolbar::main::lifecycle] Ensuring top toolbar surface exists at logical size (863, 72), scale 1
[INFO  wayscriber::backend::wayland::toolbar::surfaces::lifecycle] Creating toolbar surface 'wayscriber-toolbar-top' (anchor Anchor(TOP | LEFT), logical (863, 72), margin (12, 12, 0, 300), scale 1)
[INFO  wayscriber::backend::wayland::toolbar::main::lifecycle] Ensuring side toolbar surface exists at logical size (260, 542), scale 1
[INFO  wayscriber::backend::wayland::toolbar::surfaces::lifecycle] Creating toolbar surface 'wayscriber-toolbar-side' (anchor Anchor(TOP | LEFT), logical (260, 542), margin (24, 0, 24, 24), scale 1)
[INFO  wayscriber::backend::wayland::handlers::layer] Toolbar layer configure: size=863x72, layer=28
[INFO  wayscriber::backend::wayland::handlers::layer] Toolbar layer configure: size=260x542, layer=34
[INFO  wayscriber::session::snapshot::save] Session saved to /home/khanh/.local/share/wayscriber/session-wayland_1-LVDS_1_AU_Optronics_0x312C.json (46186 bytes, compression=true)
[INFO  wayscriber::backend::wayland::handlers::pointer::press] toolbar press: drag_start=false, surface=34, seat=Some(12), inline_active=false
[INFO  wayscriber::config::io] Saved config to /home/khanh/.config/wayscriber/config.toml
[INFO  wayscriber::backend::wayland::handlers::pointer::press] toolbar press: drag_start=false, surface=34, seat=Some(12), inline_active=false
[INFO  wayscriber::backend::wayland::handlers::pointer::press] toolbar press: drag_start=false, surface=28, seat=Some(12), inline_active=false
[INFO  wayscriber::config::io] Saved config to /home/khanh/.config/wayscriber/config.toml
[INFO  wayscriber::backend::wayland::handlers::pointer::press] toolbar press: drag_start=false, surface=28, seat=Some(12), inline_active=false
[INFO  wayscriber::session::snapshot::save] Session saved to /home/khanh/.local/share/wayscriber/session-wayland_1-LVDS_1_AU_Optronics_0x312C.json (47068 bytes, compression=true)
[INFO  wayscriber::input::state::core::board::switch] Switched from 'whiteboard' to 'transparent' board
[INFO  wayscriber::input::state::core::board::switch] Switched from 'transparent' to 'whiteboard' board
[INFO  wayscriber::session::snapshot::save] Session saved to /home/khanh/.local/share/wayscriber/session-wayland_1-LVDS_1_AU_Optronics_0x312C.json (47067 bytes, compression=true)
[INFO  wayscriber::input::state::core::board::switch] Switched from 'whiteboard' to 'transparent' board
[INFO  wayscriber::session::snapshot::save] Session saved to /home/khanh/.local/share/wayscriber/session-wayland_1-LVDS_1_AU_Optronics_0x312C.json (47055 bytes, compression=true)
[INFO  wayscriber::input::state::core::board::switch] Switched from 'transparent' to 'whiteboard' board
[INFO  wayscriber::session::snapshot::save] Session saved to /home/khanh/.local/share/wayscriber/session-wayland_1-LVDS_1_AU_Optronics_0x312C.json (47689 bytes, compression=true)
[INFO  wayscriber::input::state::core::board::switch] Switched from 'whiteboard' to 'transparent' board
[INFO  wayscriber::backend::wayland::backend::event_loop] Exit requested after dispatch, breaking event loop
[INFO  wayscriber::backend::wayland::backend::event_loop] Wayland backend exiting
[INFO  wayscriber::session::snapshot::save] Session saved to /home/khanh/.local/share/wayscriber/session-wayland_1-LVDS_1_AU_Optronics_0x312C.json (47677 bytes, compression=true)
[INFO  wayscriber::backend::wayland::backend] Hiding Wayland overlay
[INFO  wayscriber::app] Annotation overlay closed.
[INFO  wayscriber::daemon::core] Received SIGTERM - initiating graceful shutdown
[INFO  wayscriber::daemon::core] Quit signal received - exiting daemon
[INFO  wayscriber::daemon::core] Daemon shutting down
[INFO  wayscriber::daemon::tray::runtime] Quit signal received - shutting down system tray
[INFO  wayscriber::daemon::core] System tray thread joined
[INFO  wayscriber::daemon::core] Global shortcuts listener thread joined
[INFO  wayscriber::app::usage] Starting Wayland overlay...
[INFO  wayscriber::app::usage] Starting annotation overlay...
[INFO  wayscriber::app::usage] Controls:
[INFO  wayscriber::app::usage]   - Pen: Just drag
[INFO  wayscriber::app::usage]   - Line: Hold Shift + drag
[INFO  wayscriber::app::usage]   - Rectangle: Hold Ctrl + drag
[INFO  wayscriber::app::usage]   - Circle: Hold Tab + drag
[INFO  wayscriber::app::usage]   - Arrow: Hold Ctrl+Shift + drag
[INFO  wayscriber::app::usage]   - Text: T, click to position, type, press Enter
[INFO  wayscriber::app::usage]   - Colors: R (Red), G (Green), B (Blue), Y (Yellow), O (Orange), P (Pink), W (White), K (Black)
[INFO  wayscriber::app::usage]   - Undo / Redo: Ctrl+Z / Ctrl+Shift+Z / Ctrl+Y
[INFO  wayscriber::app::usage]   - Clear Canvas: E
[INFO  wayscriber::app::usage]   - Increase Thickness: + / = or scroll down
[INFO  wayscriber::app::usage]   - Decrease Thickness: - / _ or scroll up
[INFO  wayscriber::app::usage]   - Freeze Screen: Ctrl+Shift+F (toggle frozen background)
[INFO  wayscriber::app::usage]   - Zoom In / Zoom Out: Ctrl+Alt++ / Ctrl+Alt+= / Ctrl+Alt+- / Ctrl+Alt+_ (Ctrl+Alt + scroll)
[INFO  wayscriber::app::usage]   - Reset Zoom: Ctrl+Alt+0   •   Lock Zoom: Ctrl+Alt+L   •   Pan view: middle drag/arrow keys
[INFO  wayscriber::app::usage]   - Context Menu: Right Click or Shift+F10 / Menu
[INFO  wayscriber::app::usage]   - Help: F10 / F1   •   Toolbar: F2 / F9   •   Presenter: Ctrl+Shift+M   •   Open Configurator: F11   •   Status Bar: F12 / F4
[INFO  wayscriber::app::usage]   - Exit: Escape / Ctrl+Q
[INFO  wayscriber::app::usage] 
[INFO  wayscriber::backend::wayland::backend] Initializing Wayland backend
[INFO  wayscriber::backend::wayland::backend] Showing Wayland overlay
[INFO  wayscriber::backend::wayland::backend::run] Starting Wayland backend
[INFO  wayscriber::config::io] Loaded config from /home/khanh/.config/wayscriber/config.toml
[INFO  wayscriber::backend::wayland::backend::state_init::config] Configuration loaded
[INFO  wayscriber::backend::wayland::backend::state_init::config] Tablet feature: compiled=yes, runtime_enabled=false
[INFO  wayscriber::backend::wayland::backend::state_init::session] Session persistence: base_dir=/home/khanh/.local/share/wayscriber, per_output=true, display_id='wayland_1', output_identity=None, boards[T/W/B]=true/true/true, history=true, max_persisted_history=None, restore_tool_state=true, autosave_enabled=true, autosave_idle_ms=5000, autosave_interval_ms=45000, autosave_failure_backoff_ms=5000, max_file_size=10485760 bytes, compression=Auto
[INFO  wayscriber::backend::wayland::backend::state_init] Capture manager initialized
[INFO  wayscriber::backend::wayland::backend::surface] Creating layer shell surface
[INFO  wayscriber::backend::wayland::backend::surface] Layer shell surface created
[INFO  wayscriber::backend::wayland::handlers::seat] Keyboard capability available
[INFO  wayscriber::backend::wayland::handlers::seat] Pointer capability available
[INFO  wayscriber::backend::wayland::handlers::layer] Surface size changed - recreating SlotPool
[INFO  wayscriber::session::snapshot::load] Session file not found at /home/khanh/.local/share/wayscriber/session-wayland_1.json; skipping load
[INFO  wayscriber::backend::wayland::surface] Creating new SlotPool (1366x768 @ scale 1, 12589056 bytes, 3 buffers, gen 1)
[INFO  wayscriber::backend::wayland::handlers::compositor] Persisting session using monitor identity 'LVDS_1_AU_Optronics_0x312C' (session file: /home/khanh/.local/share/wayscriber/session-wayland_1-LVDS_1_AU_Optronics_0x312C.json).
[INFO  wayscriber::backend::wayland::handlers::compositor] Loading session snapshot from /home/khanh/.local/share/wayscriber/session-wayland_1-LVDS_1_AU_Optronics_0x312C.json (per_output=true, output_identity=Some("LVDS_1_AU_Optronics_0x312C"))
[INFO  wayscriber::session::snapshot::load] Session file present at /home/khanh/.local/share/wayscriber/session-wayland_1-LVDS_1_AU_Optronics_0x312C.json (47677 bytes, per_output=true, output_identity=Some("LVDS_1_AU_Optronics_0x312C"))
[INFO  wayscriber::session::snapshot::load] Loaded session from /home/khanh/.local/share/wayscriber/session-wayland_1-LVDS_1_AU_Optronics_0x312C.json (version 5, compressed=true, boards=2, active_board=transparent, tool_state=true)
[INFO  wayscriber::session::snapshot::apply] Restoring tool state: color=Color { r: 0.0, g: 0.0, b: 0.0, a: 1.0 }, thickness=1.00, eraser[size=31.00, kind=Circle, mode=Brush], marker_opacity=0.32, fill_enabled=false, tool_override=Some(Eraser), font_size=8.4, text_bg=false, arrow[length=20.0, angle=30.0], status_bar=true, prev_color=None, arrow_labels=Some(false)
[INFO  wayscriber::backend::wayland::backend::event_loop] Exit requested after dispatch, breaking event loop
[INFO  wayscriber::backend::wayland::backend::event_loop] Wayland backend exiting
[INFO  wayscriber::session::snapshot::save] Session saved to /home/khanh/.local/share/wayscriber/session-wayland_1-LVDS_1_AU_Optronics_0x312C.json (48051 bytes, compression=true)
[INFO  wayscriber::backend::wayland::backend] Hiding Wayland overlay
[INFO  wayscriber::app] Annotation overlay closed.
