[22:30:48] [main/INFO]: Loading Minecraft 1.19.4 with Fabric Loader 0.18.4
[22:30:48] [main/INFO]: Loading 72 mods:
	- appleskin 2.5.1+mc1.19.4
	   \-- cloth-config 10.0.95
	        \-- cloth-basic-math 0.6.1
	- cateyes 7.2.4
	- fabric-api 0.87.2+1.19.4
	   |-- fabric-api-base 0.4.28+737a6ee8f4
	   |-- fabric-api-lookup-api-v1 1.6.29+504944c8f4
	   |-- fabric-biome-api-v1 13.0.10+6b242079f4
	   |-- fabric-block-api-v1 1.0.8+e022e5d1f4
	   |-- fabric-blockrenderlayer-v1 1.1.38+10ce000ff4
	   |-- fabric-client-tags-api-v1 1.1.1+0eee1254f4
	   |-- fabric-command-api-v1 1.2.31+f71b366ff4
	   |-- fabric-command-api-v2 2.2.10+10ce000ff4
	   |-- fabric-commands-v0 0.2.48+df3654b3f4
	   |-- fabric-containers-v0 0.1.59+df3654b3f4
	   |-- fabric-content-registries-v0 3.5.14+10ce000ff4
	   |-- fabric-convention-tags-v1 1.5.3+6d727b51f4
	   |-- fabric-crash-report-info-v1 0.2.17+aeb40ebef4
	   |-- fabric-data-generation-api-v1 11.5.2+26f09d40f4
	   |-- fabric-dimensions-v1 2.1.50+44c9c860f4
	   |-- fabric-entity-events-v1 1.5.17+10ce000ff4
	   |-- fabric-events-interaction-v0 0.6.1+4b6b93f0f4
	   |-- fabric-events-lifecycle-v0 0.2.56+df3654b3f4
	   |-- fabric-game-rule-api-v1 1.0.36+3f657af2f4
	   |-- fabric-item-api-v1 2.1.21+10ce000ff4
	   |-- fabric-item-group-api-v1 3.0.10+8400c67ef4
	   |-- fabric-key-binding-api-v1 1.0.35+504944c8f4
	   |-- fabric-keybindings-v0 0.2.33+df3654b3f4
	   |-- fabric-lifecycle-events-v1 2.2.19+10ce000ff4
	   |-- fabric-loot-api-v2 1.1.32+10ce000ff4
	   |-- fabric-loot-tables-v1 1.1.36+9e7660c6f4
	   |-- fabric-message-api-v1 5.1.5+53c11dadf4
	   |-- fabric-mining-level-api-v1 2.1.44+10ce000ff4
	   |-- fabric-model-loading-api-v1 1.0.2+3a1ea2f1f4
	   |-- fabric-models-v0 0.4.1+a0255436f4
	   |-- fabric-networking-api-v1 1.3.6+ae9c4c6af4
	   |-- fabric-networking-v0 0.3.46+df3654b3f4
	   |-- fabric-object-builder-api-v1 7.1.1+d63b52eaf4
	   |-- fabric-particles-v1 1.1.1+86d48884f4
	   |-- fabric-recipe-api-v1 1.0.13+10ce000ff4
	   |-- fabric-registry-sync-v0 2.3.2+95ae8716f4
	   |-- fabric-renderer-api-v1 2.4.2+90110d8df4
	   |-- fabric-renderer-indigo 1.4.2+90110d8df4
	   |-- fabric-renderer-registries-v1 3.2.42+df3654b3f4
	   |-- fabric-rendering-data-attachment-v1 0.3.32+10ce000ff4
	   |-- fabric-rendering-fluids-v1 3.0.25+10ce000ff4
	   |-- fabric-rendering-v0 1.1.45+df3654b3f4
	   |-- fabric-rendering-v1 2.1.5+10ce000ff4
	   |-- fabric-resource-conditions-api-v1 2.3.3+10ce000ff4
	   |-- fabric-resource-loader-v0 0.11.7+8400c67ef4
	   |-- fabric-screen-api-v1 1.0.49+10ce000ff4
	   |-- fabric-screen-handler-api-v1 1.3.25+10ce000ff4
	   |-- fabric-sound-api-v1 1.0.11+10ce000ff4
	   |-- fabric-transfer-api-v1 3.3.1+602c17c7f4
	   \-- fabric-transitive-access-wideners-v1 3.3.0+1b5f819af4
	- fabricloader 0.18.4
	   \-- mixinextras 0.5.0
	- inventoryhud 3.4.26
	- java 17
	- lithium 0.11.1
	- malilib 0.15.4
	- minecraft 1.19.4
	- modmenu 6.3.1
	- mousetweaks 2.24
	- no_fog 1.3.6+1.16.5-1.21
	- nohurtcamplus 2.1.0-1.19.4
	- placeholder-api 2.1.1+1.19.4
	- reeses-sodium-options 1.6.3+mc1.19.4-build.90
	- sodium 0.4.10+build.24
	- sodium-extra 0.4.18+mc1.19.4-build.100
	   |-- caffeineconfig 1.1.0+1.17
	   \-- crowdin-translate 1.4+1.19.3
[22:30:49] [main/INFO]: SpongePowered MIXIN Subsystem Version=0.8.7 Source=file:/home/khanh/.local/share/PrismLauncher/libraries/net/fabricmc/sponge-mixin/0.17.0+mixin.0.8.7/sponge-mixin-0.17.0+mixin.0.8.7.jar Service=Knot/Fabric Env=CLIENT
[22:30:49] [main/INFO]: Compatibility level set to JAVA_17
[22:30:50] [main/INFO]: Loaded configuration file for Lithium: 114 options available, 0 override(s) found
[22:30:50] [main/INFO]: Loaded configuration file for Sodium: 33 options available, 0 override(s) found
[22:30:50] [main/INFO]: Loaded configuration file for Sodium Extra: 28 options available, 1 override(s) found
[22:30:52] [main/WARN]: Force-disabling mixin 'fog.MixinBackgroundRenderer' as option 'mixin.fog' (added by mods [no_fog]) disables it and children
[22:30:53] [main/INFO]: Initializing MixinExtras via com.llamalad7.mixinextras.service.MixinExtrasServiceImpl(version=0.5.0).
[22:31:06] [Datafixer Bootstrap/INFO]: 180 Datafixer optimizations took 732 milliseconds
[22:31:10] [main/WARN]: Unrecognized user type: offline
[22:31:10] [Render thread/INFO]: Launching a new process to probe the system configuration!
[22:31:11] [Render thread/INFO]: OpenGL Vendor: Intel
[22:31:11] [Render thread/INFO]: OpenGL Renderer: Mesa Intel(R) HD Graphics 4000 (IVB GT2)
[22:31:11] [Render thread/INFO]: OpenGL Version: 4.2 (Core Profile) Mesa 26.0.4-arch1.1
[22:31:11] [Render thread/INFO]: Environment: authHost='https://authserver.mojang.com', accountsHost='https://api.mojang.com', sessionHost='https://sessionserver.mojang.com', servicesHost='https://api.minecraftservices.com', name='PROD'
[22:31:12] [Render thread/ERROR]: Failed to verify authentication
com.mojang.authlib.exceptions.InvalidCredentialsException: Status: 401
	at com.mojang.authlib.exceptions.MinecraftClientHttpException.toAuthenticationException(MinecraftClientHttpException.java:56) ~[authlib-3.18.38.jar:?]
	at com.mojang.authlib.yggdrasil.YggdrasilUserApiService.fetchProperties(YggdrasilUserApiService.java:156) ~[authlib-3.18.38.jar:?]
	at com.mojang.authlib.yggdrasil.YggdrasilUserApiService.<init>(YggdrasilUserApiService.java:55) ~[authlib-3.18.38.jar:?]
	at com.mojang.authlib.yggdrasil.YggdrasilAuthenticationService.createUserApiService(YggdrasilAuthenticationService.java:161) ~[authlib-3.18.38.jar:?]
	at net.minecraft.class_310.method_31382(class_310.java:732) ~[client-intermediary.jar:?]
	at net.minecraft.class_310.<init>(class_310.java:440) ~[client-intermediary.jar:?]
	at net.minecraft.client.main.Main.main(Main.java:198) ~[minecraft-1.19.4-client.jar:?]
	at net.fabricmc.loader.impl.game.minecraft.MinecraftGameProvider.launch(MinecraftGameProvider.java:514) ~[fabric-loader-0.18.4.jar:?]
	at net.fabricmc.loader.impl.launch.knot.Knot.launch(Knot.java:72) ~[fabric-loader-0.18.4.jar:?]
	at net.fabricmc.loader.impl.launch.knot.KnotClient.main(KnotClient.java:23) ~[fabric-loader-0.18.4.jar:?]
	at org.prismlauncher.launcher.impl.StandardLauncher.launch(StandardLauncher.java:115) ~[NewLaunch.jar:?]
	at org.prismlauncher.EntryPoint.listen(EntryPoint.java:129) ~[NewLaunch.jar:?]
	at org.prismlauncher.EntryPoint.main(EntryPoint.java:70) ~[NewLaunch.jar:?]
Caused by: com.mojang.authlib.exceptions.MinecraftClientHttpException: Status: 401
	at com.mojang.authlib.minecraft.client.MinecraftClient.readInputStream(MinecraftClient.java:85) ~[authlib-3.18.38.jar:?]
	at com.mojang.authlib.minecraft.client.MinecraftClient.get(MinecraftClient.java:48) ~[authlib-3.18.38.jar:?]
	at com.mojang.authlib.yggdrasil.YggdrasilUserApiService.fetchProperties(YggdrasilUserApiService.java:129) ~[authlib-3.18.38.jar:?]
	... 11 more
[22:31:13] [Render thread/INFO]: Setting user: khanhnotbruh
[22:31:13] [Render thread/INFO]: [Indigo] Different rendering plugin detected; not applying Indigo.
[22:31:14] [Render thread/INFO]: [STDOUT]: Inventory HUD + has been initialized!
[22:31:14] [Worker-Main-1/INFO]: Checking mod updates...
[22:31:14] [Render thread/INFO]: [STDOUT]: [Mouse Tweaks] Main.initialize()
[22:31:14] [Render thread/INFO]: [STDOUT]: [Mouse Tweaks] Initialized.
[22:31:15] [Worker-Main-1/INFO]: Update available for 'sodium-extra@0.4.18+mc1.19.4-build.100', (-> mc1.19.3-0.4.19)
[22:31:16] [Render thread/INFO]: Backend library: LWJGL version 3.3.1 SNAPSHOT
[22:31:17] [Render thread/WARN]: Static binding violation: PRIVATE @Overwrite method method_23182 in sodium.mixins.json:features.item.MixinItemRenderer from mod sodium cannot reduce visibiliy of PUBLIC target method, visibility will be upgraded.
[22:31:18] [Render thread/ERROR]: Error while loading the narrator
com.mojang.text2speech.Narrator$InitializeException: Failed to load library flite
	at com.mojang.text2speech.NarratorLinux$FliteLibrary.loadNative(NarratorLinux.java:69) ~[text2speech-1.16.7.jar:?]
	at com.mojang.text2speech.NarratorLinux.<init>(NarratorLinux.java:18) ~[text2speech-1.16.7.jar:?]
	at com.mojang.text2speech.Narrator.getNarrator(Narrator.java:41) ~[text2speech-1.16.7.jar:?]
	at net.minecraft.class_333.<init>(class_333.java:17) ~[client-intermediary.jar:?]
	at net.minecraft.class_310.<init>(class_310.java:647) ~[client-intermediary.jar:?]
	at net.minecraft.client.main.Main.main(Main.java:198) ~[minecraft-1.19.4-client.jar:?]
	at net.fabricmc.loader.impl.game.minecraft.MinecraftGameProvider.launch(MinecraftGameProvider.java:514) ~[fabric-loader-0.18.4.jar:?]
	at net.fabricmc.loader.impl.launch.knot.Knot.launch(Knot.java:72) ~[fabric-loader-0.18.4.jar:?]
	at net.fabricmc.loader.impl.launch.knot.KnotClient.main(KnotClient.java:23) ~[fabric-loader-0.18.4.jar:?]
	at org.prismlauncher.launcher.impl.StandardLauncher.launch(StandardLauncher.java:115) ~[NewLaunch.jar:?]
	at org.prismlauncher.EntryPoint.listen(EntryPoint.java:129) ~[NewLaunch.jar:?]
	at org.prismlauncher.EntryPoint.main(EntryPoint.java:70) ~[NewLaunch.jar:?]
Caused by: java.lang.UnsatisfiedLinkError: Unable to load library 'flite':
libflite.so: cannot open shared object file: No such file or directory
libflite.so: cannot open shared object file: No such file or directory
Native library (linux-x86-64/libflite.so) not found in resource path (/usr/share/PrismLauncher/NewLaunch.jar:/home/khanh/.local/share/PrismLauncher/libraries/org/lwjgl/lwjgl-glfw-natives-linux/3.3.2-lwjgl.1/lwjgl-glfw-natives-linux-3.3.2-lwjgl.1.jar:/home/khanh/.local/share/PrismLauncher/libraries/org/lwjgl/lwjgl-glfw/3.3.1/lwjgl-glfw-3.3.1.jar:/home/khanh/.local/share/PrismLauncher/libraries/org/lwjgl/lwjgl-jemalloc-natives-linux/3.3.1/lwjgl-jemalloc-natives-linux-3.3.1.jar:/home/khanh/.local/share/PrismLauncher/libraries/org/lwjgl/lwjgl-jemalloc/3.3.1/lwjgl-jemalloc-3.3.1.jar:/home/khanh/.local/share/PrismLauncher/libraries/org/lwjgl/lwjgl-natives-linux/3.3.1/lwjgl-natives-linux-3.3.1.jar:/home/khanh/.local/share/PrismLauncher/libraries/org/lwjgl/lwjgl-openal-natives-linux/3.3.1/lwjgl-openal-natives-linux-3.3.1.jar:/home/khanh/.local/share/PrismLauncher/libraries/org/lwjgl/lwjgl-openal/3.3.1/lwjgl-openal-3.3.1.jar:/home/khanh/.local/share/PrismLauncher/libraries/org/lwjgl/lwjgl-opengl-natives-linux/3.3.1/lwjgl-opengl-natives-linux-3.3.1.jar:/home/khanh/.local/share/PrismLauncher/libraries/org/lwjgl/lwjgl-opengl/3.3.1/lwjgl-opengl-3.3.1.jar:/home/khanh/.local/share/PrismLauncher/libraries/org/lwjgl/lwjgl-stb-natives-linux/3.3.1/lwjgl-stb-natives-linux-3.3.1.jar:/home/khanh/.local/share/PrismLauncher/libraries/org/lwjgl/lwjgl-stb/3.3.1/lwjgl-stb-3.3.1.jar:/home/khanh/.local/share/PrismLauncher/libraries/org/lwjgl/lwjgl-tinyfd-natives-linux/3.3.1/lwjgl-tinyfd-natives-linux-3.3.1.jar:/home/khanh/.local/share/PrismLauncher/libraries/org/lwjgl/lwjgl-tinyfd/3.3.1/lwjgl-tinyfd-3.3.1.jar:/home/khanh/.local/share/PrismLauncher/libraries/org/lwjgl/lwjgl/3.3.1/lwjgl-3.3.1.jar:/home/khanh/.local/share/PrismLauncher/libraries/com/github/oshi/oshi-core/6.2.2/oshi-core-6.2.2.jar:/home/khanh/.local/share/PrismLauncher/libraries/com/google/code/gson/gson/2.10/gson-2.10.jar:/home/khanh/.local/share/PrismLauncher/libraries/com/google/guava/failureaccess/1.0.1/failureaccess-1.0.1.jar:/home/khanh/.local/share/PrismLauncher/libraries/com/google/guava/guava/31.1-jre/guava-31.1-jre.jar:/home/khanh/.local/share/PrismLauncher/libraries/com/ibm/icu/icu4j/71.1/icu4j-71.1.jar:/home/khanh/.local/share/PrismLauncher/libraries/com/mojang/authlib/3.18.38/authlib-3.18.38.jar:/home/khanh/.local/share/PrismLauncher/libraries/com/mojang/blocklist/1.0.10/blocklist-1.0.10.jar:/home/khanh/.local/share/PrismLauncher/libraries/com/mojang/brigadier/1.0.18/brigadier-1.0.18.jar:/home/khanh/.local/share/PrismLauncher/libraries/com/mojang/datafixerupper/6.0.6/datafixerupper-6.0.6.jar:/home/khanh/.local/share/PrismLauncher/libraries/com/mojang/logging/1.1.1/logging-1.1.1.jar:/home/khanh/.local/share/PrismLauncher/libraries/com/mojang/patchy/2.2.10/patchy-2.2.10.jar:/home/khanh/.local/share/PrismLauncher/libraries/com/mojang/text2speech/1.16.7/text2speech-1.16.7.jar:/home/khanh/.local/share/PrismLauncher/libraries/commons-codec/commons-codec/1.15/commons-codec-1.15.jar:/home/khanh/.local/share/PrismLauncher/libraries/commons-io/commons-io/2.11.0/commons-io-2.11.0.jar:/home/khanh/.local/share/PrismLauncher/libraries/commons-logging/commons-logging/1.2/commons-logging-1.2.jar:/home/khanh/.local/share/PrismLauncher/libraries/io/netty/netty-buffer/4.1.82.Final/netty-buffer-4.1.82.Final.jar:/home/khanh/.local/share/PrismLauncher/libraries/io/netty/netty-codec/4.1.82.Final/netty-codec-4.1.82.Final.jar:/home/khanh/.local/share/PrismLauncher/libraries/io/netty/netty-common/4.1.82.Final/netty-common-4.1.82.Final.jar:/home/khanh/.local/share/PrismLauncher/libraries/io/netty/netty-handler/4.1.82.Final/netty-handler-4.1.82.Final.jar:/home/khanh/.local/share/PrismLauncher/libraries/io/netty/netty-resolver/4.1.82.Final/netty-resolver-4.1.82.Final.jar:/home/khanh/.local/share/PrismLauncher/libraries/io/netty/netty-transport-classes-epoll/4.1.82.Final/netty-transport-classes-epoll-4.1.82.Final.jar:/home/khanh/.local/share/PrismLauncher/libraries/io/netty/netty-transport-native-epoll/4.1.82.Final/netty-transport-native-epoll-4.1.82.Final-linux-aarch_64.jar:/home/khanh/.local/share/PrismLauncher/libraries/io/netty/netty-transport-native-epoll/4.1.82.Final/netty-transport-native-epoll-4.1.82.Final-linux-x86_64.jar:/home/khanh/.local/share/PrismLauncher/libraries/io/netty/netty-transport-native-unix-common/4.1.82.Final/netty-transport-native-unix-common-4.1.82.Final.jar:/home/khanh/.local/share/PrismLauncher/libraries/io/netty/netty-transport/4.1.82.Final/netty-transport-4.1.82.Final.jar:/home/khanh/.local/share/PrismLauncher/libraries/it/unimi/dsi/fastutil/8.5.9/fastutil-8.5.9.jar:/home/khanh/.local/share/PrismLauncher/libraries/net/java/dev/jna/jna-platform/5.12.1/jna-platform-5.12.1.jar:/home/khanh/.local/share/PrismLauncher/libraries/net/java/dev/jna/jna/5.12.1/jna-5.12.1.jar:/home/khanh/.local/share/PrismLauncher/libraries/net/sf/jopt-simple/jopt-simple/5.0.4/jopt-simple-5.0.4.jar:/home/khanh/.local/share/PrismLauncher/libraries/org/apache/commons/commons-compress/1.21/commons-compress-1.21.jar:/home/khanh/.local/share/PrismLauncher/libraries/org/apache/commons/commons-lang3/3.12.0/commons-lang3-3.12.0.jar:/home/khanh/.local/share/PrismLauncher/libraries/org/apache/httpcomponents/httpclient/4.5.13/httpclient-4.5.13.jar:/home/khanh/.local/share/PrismLauncher/libraries/org/apache/httpcomponents/httpcore/4.4.15/httpcore-4.4.15.jar:/home/khanh/.local/share/PrismLauncher/libraries/org/apache/logging/log4j/log4j-api/2.19.0/log4j-api-2.19.0.jar:/home/khanh/.local/share/PrismLauncher/libraries/org/apache/logging/log4j/log4j-core/2.19.0/log4j-core-2.19.0.jar:/home/khanh/.local/share/PrismLauncher/libraries/org/apache/logging/log4j/log4j-slf4j2-impl/2.19.0/log4j-slf4j2-impl-2.19.0.jar:/home/khanh/.local/share/PrismLauncher/libraries/org/joml/joml/1.10.5/joml-1.10.5.jar:/home/khanh/.local/share/PrismLauncher/libraries/org/slf4j/slf4j-api/2.0.1/slf4j-api-2.0.1.jar:/home/khanh/.local/share/PrismLauncher/libraries/net/fabricmc/intermediary/1.19.4/intermediary-1.19.4.jar:/home/khanh/.local/share/PrismLauncher/libraries/org/ow2/asm/asm/9.9/asm-9.9.jar:/home/khanh/.local/share/PrismLauncher/libraries/org/ow2/asm/asm-analysis/9.9/asm-analysis-9.9.jar:/home/khanh/.local/share/PrismLauncher/libraries/org/ow2/asm/asm-commons/9.9/asm-commons-9.9.jar:/home/khanh/.local/share/PrismLauncher/libraries/org/ow2/asm/asm-tree/9.9/asm-tree-9.9.jar:/home/khanh/.local/share/PrismLauncher/libraries/org/ow2/asm/asm-util/9.9/asm-util-9.9.jar:/home/khanh/.local/share/PrismLauncher/libraries/net/fabricmc/sponge-mixin/0.17.0+mixin.0.8.7/sponge-mixin-0.17.0+mixin.0.8.7.jar:/home/khanh/.local/share/PrismLauncher/libraries/net/fabricmc/fabric-loader/0.18.4/fabric-loader-0.18.4.jar:/home/khanh/.local/share/PrismLauncher/libraries/com/mojang/minecraft/1.19.4/minecraft-1.19.4-client.jar)
	at com.sun.jna.NativeLibrary.loadLibrary(NativeLibrary.java:307) ~[jna-5.12.1.jar:?]
	at com.sun.jna.NativeLibrary.getInstance(NativeLibrary.java:467) ~[jna-5.12.1.jar:?]
	at com.sun.jna.NativeLibrary.getInstance(NativeLibrary.java:409) ~[jna-5.12.1.jar:?]
	at com.mojang.text2speech.NarratorLinux$FliteLibrary.loadNative(NarratorLinux.java:67) ~[text2speech-1.16.7.jar:?]
	... 11 more
	Suppressed: java.lang.UnsatisfiedLinkError: libflite.so: cannot open shared object file: No such file or directory
		at com.sun.jna.Native.open(Native Method) ~[jna-5.12.1.jar:?]
		at com.sun.jna.NativeLibrary.loadLibrary(NativeLibrary.java:197) ~[jna-5.12.1.jar:?]
		at com.sun.jna.NativeLibrary.getInstance(NativeLibrary.java:467) ~[jna-5.12.1.jar:?]
		at com.sun.jna.NativeLibrary.getInstance(NativeLibrary.java:409) ~[jna-5.12.1.jar:?]
		at com.mojang.text2speech.NarratorLinux$FliteLibrary.loadNative(NarratorLinux.java:67) ~[text2speech-1.16.7.jar:?]
		at com.mojang.text2speech.NarratorLinux.<init>(NarratorLinux.java:18) ~[text2speech-1.16.7.jar:?]
		at com.mojang.text2speech.Narrator.getNarrator(Narrator.java:41) ~[text2speech-1.16.7.jar:?]
		at net.minecraft.class_333.<init>(class_333.java:17) ~[client-intermediary.jar:?]
		at net.minecraft.class_310.<init>(class_310.java:647) ~[client-intermediary.jar:?]
		at net.minecraft.client.main.Main.main(Main.java:198) ~[minecraft-1.19.4-client.jar:?]
		at net.fabricmc.loader.impl.game.minecraft.MinecraftGameProvider.launch(MinecraftGameProvider.java:514) ~[fabric-loader-0.18.4.jar:?]
		at net.fabricmc.loader.impl.launch.knot.Knot.launch(Knot.java:72) ~[fabric-loader-0.18.4.jar:?]
		at net.fabricmc.loader.impl.launch.knot.KnotClient.main(KnotClient.java:23) ~[fabric-loader-0.18.4.jar:?]
		at org.prismlauncher.launcher.impl.StandardLauncher.launch(StandardLauncher.java:115) ~[NewLaunch.jar:?]
		at org.prismlauncher.EntryPoint.listen(EntryPoint.java:129) ~[NewLaunch.jar:?]
		at org.prismlauncher.EntryPoint.main(EntryPoint.java:70) ~[NewLaunch.jar:?]
	Suppressed: java.lang.UnsatisfiedLinkError: libflite.so: cannot open shared object file: No such file or directory
		at com.sun.jna.Native.open(Native Method) ~[jna-5.12.1.jar:?]
		at com.sun.jna.NativeLibrary.loadLibrary(NativeLibrary.java:210) ~[jna-5.12.1.jar:?]
		at com.sun.jna.NativeLibrary.getInstance(NativeLibrary.java:467) ~[jna-5.12.1.jar:?]
		at com.sun.jna.NativeLibrary.getInstance(NativeLibrary.java:409) ~[jna-5.12.1.jar:?]
		at com.mojang.text2speech.NarratorLinux$FliteLibrary.loadNative(NarratorLinux.java:67) ~[text2speech-1.16.7.jar:?]
		at com.mojang.text2speech.NarratorLinux.<init>(NarratorLinux.java:18) ~[text2speech-1.16.7.jar:?]
		at com.mojang.text2speech.Narrator.getNarrator(Narrator.java:41) ~[text2speech-1.16.7.jar:?]
		at net.minecraft.class_333.<init>(class_333.java:17) ~[client-intermediary.jar:?]
		at net.minecraft.class_310.<init>(class_310.java:647) ~[client-intermediary.jar:?]
		at net.minecraft.client.main.Main.main(Main.java:198) ~[minecraft-1.19.4-client.jar:?]
		at net.fabricmc.loader.impl.game.minecraft.MinecraftGameProvider.launch(MinecraftGameProvider.java:514) ~[fabric-loader-0.18.4.jar:?]
		at net.fabricmc.loader.impl.launch.knot.Knot.launch(Knot.java:72) ~[fabric-loader-0.18.4.jar:?]
		at net.fabricmc.loader.impl.launch.knot.KnotClient.main(KnotClient.java:23) ~[fabric-loader-0.18.4.jar:?]
		at org.prismlauncher.launcher.impl.StandardLauncher.launch(StandardLauncher.java:115) ~[NewLaunch.jar:?]
		at org.prismlauncher.EntryPoint.listen(EntryPoint.java:129) ~[NewLaunch.jar:?]
		at org.prismlauncher.EntryPoint.main(EntryPoint.java:70) ~[NewLaunch.jar:?]
	Suppressed: java.io.IOException: Native library (linux-x86-64/libflite.so) not found in resource path (/usr/share/PrismLauncher/NewLaunch.jar:/home/khanh/.local/share/PrismLauncher/libraries/org/lwjgl/lwjgl-glfw-natives-linux/3.3.2-lwjgl.1/lwjgl-glfw-natives-linux-3.3.2-lwjgl.1.jar:/home/khanh/.local/share/PrismLauncher/libraries/org/lwjgl/lwjgl-glfw/3.3.1/lwjgl-glfw-3.3.1.jar:/home/khanh/.local/share/PrismLauncher/libraries/org/lwjgl/lwjgl-jemalloc-natives-linux/3.3.1/lwjgl-jemalloc-natives-linux-3.3.1.jar:/home/khanh/.local/share/PrismLauncher/libraries/org/lwjgl/lwjgl-jemalloc/3.3.1/lwjgl-jemalloc-3.3.1.jar:/home/khanh/.local/share/PrismLauncher/libraries/org/lwjgl/lwjgl-natives-linux/3.3.1/lwjgl-natives-linux-3.3.1.jar:/home/khanh/.local/share/PrismLauncher/libraries/org/lwjgl/lwjgl-openal-natives-linux/3.3.1/lwjgl-openal-natives-linux-3.3.1.jar:/home/khanh/.local/share/PrismLauncher/libraries/org/lwjgl/lwjgl-openal/3.3.1/lwjgl-openal-3.3.1.jar:/home/khanh/.local/share/PrismLauncher/libraries/org/lwjgl/lwjgl-opengl-natives-linux/3.3.1/lwjgl-opengl-natives-linux-3.3.1.jar:/home/khanh/.local/share/PrismLauncher/libraries/org/lwjgl/lwjgl-opengl/3.3.1/lwjgl-opengl-3.3.1.jar:/home/khanh/.local/share/PrismLauncher/libraries/org/lwjgl/lwjgl-stb-natives-linux/3.3.1/lwjgl-stb-natives-linux-3.3.1.jar:/home/khanh/.local/share/PrismLauncher/libraries/org/lwjgl/lwjgl-stb/3.3.1/lwjgl-stb-3.3.1.jar:/home/khanh/.local/share/PrismLauncher/libraries/org/lwjgl/lwjgl-tinyfd-natives-linux/3.3.1/lwjgl-tinyfd-natives-linux-3.3.1.jar:/home/khanh/.local/share/PrismLauncher/libraries/org/lwjgl/lwjgl-tinyfd/3.3.1/lwjgl-tinyfd-3.3.1.jar:/home/khanh/.local/share/PrismLauncher/libraries/org/lwjgl/lwjgl/3.3.1/lwjgl-3.3.1.jar:/home/khanh/.local/share/PrismLauncher/libraries/com/github/oshi/oshi-core/6.2.2/oshi-core-6.2.2.jar:/home/khanh/.local/share/PrismLauncher/libraries/com/google/code/gson/gson/2.10/gson-2.10.jar:/home/khanh/.local/share/PrismLauncher/libraries/com/google/guava/failureaccess/1.0.1/failureaccess-1.0.1.jar:/home/khanh/.local/share/PrismLauncher/libraries/com/google/guava/guava/31.1-jre/guava-31.1-jre.jar:/home/khanh/.local/share/PrismLauncher/libraries/com/ibm/icu/icu4j/71.1/icu4j-71.1.jar:/home/khanh/.local/share/PrismLauncher/libraries/com/mojang/authlib/3.18.38/authlib-3.18.38.jar:/home/khanh/.local/share/PrismLauncher/libraries/com/mojang/blocklist/1.0.10/blocklist-1.0.10.jar:/home/khanh/.local/share/PrismLauncher/libraries/com/mojang/brigadier/1.0.18/brigadier-1.0.18.jar:/home/khanh/.local/share/PrismLauncher/libraries/com/mojang/datafixerupper/6.0.6/datafixerupper-6.0.6.jar:/home/khanh/.local/share/PrismLauncher/libraries/com/mojang/logging/1.1.1/logging-1.1.1.jar:/home/khanh/.local/share/PrismLauncher/libraries/com/mojang/patchy/2.2.10/patchy-2.2.10.jar:/home/khanh/.local/share/PrismLauncher/libraries/com/mojang/text2speech/1.16.7/text2speech-1.16.7.jar:/home/khanh/.local/share/PrismLauncher/libraries/commons-codec/commons-codec/1.15/commons-codec-1.15.jar:/home/khanh/.local/share/PrismLauncher/libraries/commons-io/commons-io/2.11.0/commons-io-2.11.0.jar:/home/khanh/.local/share/PrismLauncher/libraries/commons-logging/commons-logging/1.2/commons-logging-1.2.jar:/home/khanh/.local/share/PrismLauncher/libraries/io/netty/netty-buffer/4.1.82.Final/netty-buffer-4.1.82.Final.jar:/home/khanh/.local/share/PrismLauncher/libraries/io/netty/netty-codec/4.1.82.Final/netty-codec-4.1.82.Final.jar:/home/khanh/.local/share/PrismLauncher/libraries/io/netty/netty-common/4.1.82.Final/netty-common-4.1.82.Final.jar:/home/khanh/.local/share/PrismLauncher/libraries/io/netty/netty-handler/4.1.82.Final/netty-handler-4.1.82.Final.jar:/home/khanh/.local/share/PrismLauncher/libraries/io/netty/netty-resolver/4.1.82.Final/netty-resolver-4.1.82.Final.jar:/home/khanh/.local/share/PrismLauncher/libraries/io/netty/netty-transport-classes-epoll/4.1.82.Final/netty-transport-classes-epoll-4.1.82.Final.jar:/home/khanh/.local/share/PrismLauncher/libraries/io/netty/netty-transport-native-epoll/4.1.82.Final/netty-transport-native-epoll-4.1.82.Final-linux-aarch_64.jar:/home/khanh/.local/share/PrismLauncher/libraries/io/netty/netty-transport-native-epoll/4.1.82.Final/netty-transport-native-epoll-4.1.82.Final-linux-x86_64.jar:/home/khanh/.local/share/PrismLauncher/libraries/io/netty/netty-transport-native-unix-common/4.1.82.Final/netty-transport-native-unix-common-4.1.82.Final.jar:/home/khanh/.local/share/PrismLauncher/libraries/io/netty/netty-transport/4.1.82.Final/netty-transport-4.1.82.Final.jar:/home/khanh/.local/share/PrismLauncher/libraries/it/unimi/dsi/fastutil/8.5.9/fastutil-8.5.9.jar:/home/khanh/.local/share/PrismLauncher/libraries/net/java/dev/jna/jna-platform/5.12.1/jna-platform-5.12.1.jar:/home/khanh/.local/share/PrismLauncher/libraries/net/java/dev/jna/jna/5.12.1/jna-5.12.1.jar:/home/khanh/.local/share/PrismLauncher/libraries/net/sf/jopt-simple/jopt-simple/5.0.4/jopt-simple-5.0.4.jar:/home/khanh/.local/share/PrismLauncher/libraries/org/apache/commons/commons-compress/1.21/commons-compress-1.21.jar:/home/khanh/.local/share/PrismLauncher/libraries/org/apache/commons/commons-lang3/3.12.0/commons-lang3-3.12.0.jar:/home/khanh/.local/share/PrismLauncher/libraries/org/apache/httpcomponents/httpclient/4.5.13/httpclient-4.5.13.jar:/home/khanh/.local/share/PrismLauncher/libraries/org/apache/httpcomponents/httpcore/4.4.15/httpcore-4.4.15.jar:/home/khanh/.local/share/PrismLauncher/libraries/org/apache/logging/log4j/log4j-api/2.19.0/log4j-api-2.19.0.jar:/home/khanh/.local/share/PrismLauncher/libraries/org/apache/logging/log4j/log4j-core/2.19.0/log4j-core-2.19.0.jar:/home/khanh/.local/share/PrismLauncher/libraries/org/apache/logging/log4j/log4j-slf4j2-impl/2.19.0/log4j-slf4j2-impl-2.19.0.jar:/home/khanh/.local/share/PrismLauncher/libraries/org/joml/joml/1.10.5/joml-1.10.5.jar:/home/khanh/.local/share/PrismLauncher/libraries/org/slf4j/slf4j-api/2.0.1/slf4j-api-2.0.1.jar:/home/khanh/.local/share/PrismLauncher/libraries/net/fabricmc/intermediary/1.19.4/intermediary-1.19.4.jar:/home/khanh/.local/share/PrismLauncher/libraries/org/ow2/asm/asm/9.9/asm-9.9.jar:/home/khanh/.local/share/PrismLauncher/libraries/org/ow2/asm/asm-analysis/9.9/asm-analysis-9.9.jar:/home/khanh/.local/share/PrismLauncher/libraries/org/ow2/asm/asm-commons/9.9/asm-commons-9.9.jar:/home/khanh/.local/share/PrismLauncher/libraries/org/ow2/asm/asm-tree/9.9/asm-tree-9.9.jar:/home/khanh/.local/share/PrismLauncher/libraries/org/ow2/asm/asm-util/9.9/asm-util-9.9.jar:/home/khanh/.local/share/PrismLauncher/libraries/net/fabricmc/sponge-mixin/0.17.0+mixin.0.8.7/sponge-mixin-0.17.0+mixin.0.8.7.jar:/home/khanh/.local/share/PrismLauncher/libraries/net/fabricmc/fabric-loader/0.18.4/fabric-loader-0.18.4.jar:/home/khanh/.local/share/PrismLauncher/libraries/com/mojang/minecraft/1.19.4/minecraft-1.19.4-client.jar)
		at com.sun.jna.Native.extractFromResourcePath(Native.java:1145) ~[jna-5.12.1.jar:?]
		at com.sun.jna.NativeLibrary.loadLibrary(NativeLibrary.java:281) ~[jna-5.12.1.jar:?]
		at com.sun.jna.NativeLibrary.getInstance(NativeLibrary.java:467) ~[jna-5.12.1.jar:?]
		at com.sun.jna.NativeLibrary.getInstance(NativeLibrary.java:409) ~[jna-5.12.1.jar:?]
		at com.mojang.text2speech.NarratorLinux$FliteLibrary.loadNative(NarratorLinux.java:67) ~[text2speech-1.16.7.jar:?]
		at com.mojang.text2speech.NarratorLinux.<init>(NarratorLinux.java:18) ~[text2speech-1.16.7.jar:?]
		at com.mojang.text2speech.Narrator.getNarrator(Narrator.java:41) ~[text2speech-1.16.7.jar:?]
		at net.minecraft.class_333.<init>(class_333.java:17) ~[client-intermediary.jar:?]
		at net.minecraft.class_310.<init>(class_310.java:647) ~[client-intermediary.jar:?]
		at net.minecraft.client.main.Main.main(Main.java:198) ~[minecraft-1.19.4-client.jar:?]
		at net.fabricmc.loader.impl.game.minecraft.MinecraftGameProvider.launch(MinecraftGameProvider.java:514) ~[fabric-loader-0.18.4.jar:?]
		at net.fabricmc.loader.impl.launch.knot.Knot.launch(Knot.java:72) ~[fabric-loader-0.18.4.jar:?]
		at net.fabricmc.loader.impl.launch.knot.KnotClient.main(KnotClient.java:23) ~[fabric-loader-0.18.4.jar:?]
		at org.prismlauncher.launcher.impl.StandardLauncher.launch(StandardLauncher.java:115) ~[NewLaunch.jar:?]
		at org.prismlauncher.EntryPoint.listen(EntryPoint.java:129) ~[NewLaunch.jar:?]
		at org.prismlauncher.EntryPoint.main(EntryPoint.java:70) ~[NewLaunch.jar:?]
[22:31:19] [Render thread/INFO]: Reloading ResourceManager: vanilla, fabric (appleskin, caffeineconfig, cateyes, cloth-config, fabric-api, fabric-api-base, fabric-api-lookup-api-v1, fabric-biome-api-v1, fabric-block-api-v1, fabric-blockrenderlayer-v1, fabric-client-tags-api-v1, fabric-command-api-v1, fabric-command-api-v2, fabric-commands-v0, fabric-containers-v0, fabric-content-registries-v0, fabric-convention-tags-v1, fabric-crash-report-info-v1, fabric-data-generation-api-v1, fabric-dimensions-v1, fabric-entity-events-v1, fabric-events-interaction-v0, fabric-events-lifecycle-v0, fabric-game-rule-api-v1, fabric-item-api-v1, fabric-item-group-api-v1, fabric-key-binding-api-v1, fabric-keybindings-v0, fabric-lifecycle-events-v1, fabric-loot-api-v2, fabric-loot-tables-v1, fabric-message-api-v1, fabric-mining-level-api-v1, fabric-model-loading-api-v1, fabric-models-v0, fabric-networking-api-v1, fabric-networking-v0, fabric-object-builder-api-v1, fabric-particles-v1, fabric-recipe-api-v1, fabric-registry-sync-v0, fabric-renderer-api-v1, fabric-renderer-indigo, fabric-renderer-registries-v1, fabric-rendering-data-attachment-v1, fabric-rendering-fluids-v1, fabric-rendering-v0, fabric-rendering-v1, fabric-resource-conditions-api-v1, fabric-resource-loader-v0, fabric-screen-api-v1, fabric-screen-handler-api-v1, fabric-sound-api-v1, fabric-transfer-api-v1, fabric-transitive-access-wideners-v1, fabricloader, inventoryhud, lithium, malilib, modmenu, no_fog, nohurtcamplus, reeses-sodium-options, sodium, sodium-extra), file/Itsme64's+smaller+totem+1.5.1.zip, file/cpvp.zip
[22:31:19] [Worker-Main-2/WARN]: Unable to load font 'minecraft:alt' in fonts.json in resourcepack: 'file/cpvp.zip'
java.lang.IllegalArgumentException: Invalid type: reference
	at net.minecraft.class_394.method_2048(class_394.java:35) ~[client-intermediary.jar:?]
	at net.minecraft.class_378$1.method_18638(class_378.java:74) ~[client-intermediary.jar:?]
	at net.minecraft.class_378$1.method_18789(class_378.java:48) ~[client-intermediary.jar:?]
	at net.minecraft.class_4080.method_18791(class_4080.java:11) ~[client-intermediary.jar:?]
	at java.util.concurrent.CompletableFuture$AsyncSupply.run(CompletableFuture.java:1768) ~[?:?]
	at java.util.concurrent.CompletableFuture$AsyncSupply.exec(CompletableFuture.java:1760) ~[?:?]
	at java.util.concurrent.ForkJoinTask.doExec(ForkJoinTask.java:373) ~[?:?]
	at java.util.concurrent.ForkJoinPool$WorkQueue.topLevelExec(ForkJoinPool.java:1182) ~[?:?]
	at java.util.concurrent.ForkJoinPool.scan(ForkJoinPool.java:1655) ~[?:?]
	at java.util.concurrent.ForkJoinPool.runWorker(ForkJoinPool.java:1622) ~[?:?]
	at java.util.concurrent.ForkJoinWorkerThread.run(ForkJoinWorkerThread.java:165) ~[?:?]
[22:31:19] [Render thread/INFO]: [STDOUT]: InvGUI Initialized
[22:31:20] [Worker-Main-3/WARN]: Invalid path in datapack: minecraft:models/item/.DS_Store, ignoring
[22:31:21] [Worker-Main-3/WARN]: Exception loading blockstate definition: 'minecraft:blockstates/stone.json' in resourcepack: 'file/cpvp.zip' for variant: 'normal': Unknown blockstate property: 'normal'
[22:31:21] [Worker-Main-3/WARN]: Exception loading blockstate definition: 'minecraft:blockstates/dirt.json' in resourcepack: 'file/cpvp.zip' for variant: 'normal': Unknown blockstate property: 'normal'
[22:31:21] [Worker-Main-3/WARN]: Exception loading blockstate definition: 'minecraft:blockstates/bedrock.json' in resourcepack: 'file/cpvp.zip' for variant: 'normal': Unknown blockstate property: 'normal'
[22:31:21] [Worker-Main-3/WARN]: Exception loading blockstate definition: 'minecraft:blockstates/sand.json' in resourcepack: 'file/cpvp.zip' for variant: 'normal': Unknown blockstate property: 'normal'
[22:31:21] [Worker-Main-3/WARN]: Exception loading blockstate definition: 'minecraft:blockstates/red_sand.json' in resourcepack: 'file/cpvp.zip' for variant: 'normal': Unknown blockstate property: 'normal'
[22:31:21] [Worker-Main-3/WARN]: Unable to load model: 'minecraft:block/oak_leaves_waterlogged' referenced from: minecraft:oak_leaves#distance=1,persistent=true,waterlogged=true: java.io.FileNotFoundException: minecraft:models/block/oak_leaves_waterlogged.json
[22:31:21] [Worker-Main-3/WARN]: Unable to load model: 'minecraft:block/spruce_leaves_waterlogged' referenced from: minecraft:spruce_leaves#distance=1,persistent=true,waterlogged=true: java.io.FileNotFoundException: minecraft:models/block/spruce_leaves_waterlogged.json
[22:31:21] [Worker-Main-3/WARN]: Unable to load model: 'minecraft:block/birch_leaves_waterlogged' referenced from: minecraft:birch_leaves#distance=1,persistent=true,waterlogged=true: java.io.FileNotFoundException: minecraft:models/block/birch_leaves_waterlogged.json
[22:31:21] [Worker-Main-3/WARN]: Unable to load model: 'minecraft:block/jungle_leaves_waterlogged' referenced from: minecraft:jungle_leaves#distance=1,persistent=true,waterlogged=true: java.io.FileNotFoundException: minecraft:models/block/jungle_leaves_waterlogged.json
[22:31:21] [Worker-Main-3/WARN]: Unable to load model: 'minecraft:block/acacia_leaves_waterlogged' referenced from: minecraft:acacia_leaves#distance=1,persistent=true,waterlogged=true: java.io.FileNotFoundException: minecraft:models/block/acacia_leaves_waterlogged.json
[22:31:21] [Worker-Main-3/WARN]: Unable to load model: 'minecraft:block/cherry_leaves_waterlogged' referenced from: minecraft:cherry_leaves#distance=1,persistent=true,waterlogged=true: java.io.FileNotFoundException: minecraft:models/block/cherry_leaves_waterlogged.json
[22:31:21] [Worker-Main-3/WARN]: Unable to load model: 'minecraft:block/dark_oak_leaves_waterlogged' referenced from: minecraft:dark_oak_leaves#distance=1,persistent=true,waterlogged=true: java.io.FileNotFoundException: minecraft:models/block/dark_oak_leaves_waterlogged.json
[22:31:21] [Worker-Main-3/WARN]: Unable to load model: 'minecraft:block/mangrove_leaves_waterlogged' referenced from: minecraft:mangrove_leaves#distance=1,persistent=true,waterlogged=true: java.io.FileNotFoundException: minecraft:models/block/mangrove_leaves_waterlogged.json
[22:31:21] [Worker-Main-3/WARN]: Unable to load model: 'minecraft:block/azalea_leaves_waterlogged' referenced from: minecraft:azalea_leaves#distance=1,persistent=true,waterlogged=true: java.io.FileNotFoundException: minecraft:models/block/azalea_leaves_waterlogged.json
[22:31:21] [Worker-Main-3/WARN]: Unable to load model: 'minecraft:block/flowering_azalea_leaves_waterlogged' referenced from: minecraft:flowering_azalea_leaves#distance=1,persistent=true,waterlogged=true: java.io.FileNotFoundException: minecraft:models/block/flowering_azalea_leaves_waterlogged.json
[22:31:21] [Worker-Main-3/WARN]: Exception loading blockstate definition: 'minecraft:blockstates/grass.json' in resourcepack: 'file/cpvp.zip' for variant: 'snowy=false': Unknown blockstate property: 'snowy'
[22:31:21] [Worker-Main-3/WARN]: Exception loading blockstate definition: 'minecraft:blockstates/grass.json' in resourcepack: 'file/cpvp.zip' for variant: 'snowy=true': Unknown blockstate property: 'snowy'
[22:31:21] [Worker-Main-3/WARN]: Exception loading blockstate definition: 'minecraft:blockstates/tnt.json' in resourcepack: 'file/cpvp.zip' for variant: 'normal': Unknown blockstate property: 'normal'
[22:31:22] [Worker-Main-3/WARN]: Exception loading blockstate definition: 'minecraft:blockstates/netherrack.json' in resourcepack: 'file/cpvp.zip' for variant: 'normal': Unknown blockstate property: 'normal'
[22:31:23] [Worker-Main-3/WARN]: Unable to load model: 'minecraft:block/end_gateway' referenced from: minecraft:end_gateway#: java.io.FileNotFoundException: minecraft:models/block/end_gateway.json
[22:31:23] [Worker-Main-3/WARN]: Unable to load model: 'minecraft:block/bee_nest_empty' referenced from: minecraft:bee_nest#facing=north,honey_level=0: java.io.FileNotFoundException: minecraft:models/block/bee_nest_empty.json
[22:31:23] [Worker-Main-3/WARN]: Unable to load model: 'minecraft:block/beehive_empty' referenced from: minecraft:beehive#facing=north,honey_level=0: java.io.FileNotFoundException: minecraft:models/block/beehive_empty.json
[22:31:24] [Worker-Main-3/WARN]: Unable to load model: 'minecraft:block/infested_chiseled_stone_bricks' referenced from: minecraft:infested_chiseled_stone_bricks#inventory: java.io.FileNotFoundException: minecraft:models/block/infested_chiseled_stone_bricks.json
[22:31:24] [Worker-Main-3/WARN]: Unable to load model: 'minecraft:block/infested_stone_bricks' referenced from: minecraft:infested_stone_bricks#inventory: java.io.FileNotFoundException: minecraft:models/block/infested_stone_bricks.json
[22:31:24] [Worker-Main-3/WARN]: Unable to load model: 'minecraft:block/infested_cracked_stone_bricks' referenced from: minecraft:infested_cracked_stone_bricks#inventory: java.io.FileNotFoundException: minecraft:models/block/infested_cracked_stone_bricks.json
[22:31:24] [Worker-Main-3/WARN]: Unable to load model: 'minecraft:block/infested_stone' referenced from: minecraft:infested_stone#inventory: java.io.FileNotFoundException: minecraft:models/block/infested_stone.json
[22:31:24] [Worker-Main-3/WARN]: Unable to load model: 'minecraft:block/infested_deepslate' referenced from: minecraft:infested_deepslate#inventory: java.io.FileNotFoundException: minecraft:models/block/infested_deepslate.json
[22:31:24] [Worker-Main-3/WARN]: Unable to load model: 'minecraft:block/infested_mossy_stone_bricks' referenced from: minecraft:infested_mossy_stone_bricks#inventory: java.io.FileNotFoundException: minecraft:models/block/infested_mossy_stone_bricks.json
[22:31:24] [Worker-Main-3/WARN]: Unable to load model: 'minecraft:block/infested_cobblestone' referenced from: minecraft:infested_cobblestone#inventory: java.io.FileNotFoundException: minecraft:models/block/infested_cobblestone.json
[22:31:24] [Worker-Main-2/WARN]: Unable to load font 'minecraft:default' in fonts.json in resourcepack: 'file/cpvp.zip'
java.lang.IllegalArgumentException: Invalid type: reference
	at net.minecraft.class_394.method_2048(class_394.java:35) ~[client-intermediary.jar:?]
	at net.minecraft.class_378$1.method_18638(class_378.java:74) ~[client-intermediary.jar:?]
	at net.minecraft.class_378$1.method_18789(class_378.java:48) ~[client-intermediary.jar:?]
	at net.minecraft.class_4080.method_18791(class_4080.java:11) ~[client-intermediary.jar:?]
	at java.util.concurrent.CompletableFuture$AsyncSupply.run(CompletableFuture.java:1768) ~[?:?]
	at java.util.concurrent.CompletableFuture$AsyncSupply.exec(CompletableFuture.java:1760) ~[?:?]
	at java.util.concurrent.ForkJoinTask.doExec(ForkJoinTask.java:373) ~[?:?]
	at java.util.concurrent.ForkJoinPool$WorkQueue.topLevelExec(ForkJoinPool.java:1182) ~[?:?]
	at java.util.concurrent.ForkJoinPool.scan(ForkJoinPool.java:1655) ~[?:?]
	at java.util.concurrent.ForkJoinPool.runWorker(ForkJoinPool.java:1622) ~[?:?]
	at java.util.concurrent.ForkJoinWorkerThread.run(ForkJoinWorkerThread.java:165) ~[?:?]
[22:31:24] [Worker-Main-3/WARN]: Found 'parent' loop while loading model 'minecraft:item/ender_chest' in chain: minecraft:item/ender_chest -> minecraft:item/ender_chest
[22:31:24] [Worker-Main-2/WARN]: Unable to load font 'minecraft:illageralt' in fonts.json in resourcepack: 'file/cpvp.zip'
java.lang.IllegalArgumentException: Invalid type: reference
	at net.minecraft.class_394.method_2048(class_394.java:35) ~[client-intermediary.jar:?]
	at net.minecraft.class_378$1.method_18638(class_378.java:74) ~[client-intermediary.jar:?]
	at net.minecraft.class_378$1.method_18789(class_378.java:48) ~[client-intermediary.jar:?]
	at net.minecraft.class_4080.method_18791(class_4080.java:11) ~[client-intermediary.jar:?]
	at java.util.concurrent.CompletableFuture$AsyncSupply.run(CompletableFuture.java:1768) ~[?:?]
	at java.util.concurrent.CompletableFuture$AsyncSupply.exec(CompletableFuture.java:1760) ~[?:?]
	at java.util.concurrent.ForkJoinTask.doExec(ForkJoinTask.java:373) ~[?:?]
	at java.util.concurrent.ForkJoinPool$WorkQueue.topLevelExec(ForkJoinPool.java:1182) ~[?:?]
	at java.util.concurrent.ForkJoinPool.scan(ForkJoinPool.java:1655) ~[?:?]
	at java.util.concurrent.ForkJoinPool.runWorker(ForkJoinPool.java:1622) ~[?:?]
	at java.util.concurrent.ForkJoinWorkerThread.run(ForkJoinWorkerThread.java:165) ~[?:?]
[22:31:25] [Worker-Main-2/WARN]: Unable to load font 'minecraft:uniform' in fonts.json in resourcepack: 'file/cpvp.zip'
java.lang.IllegalArgumentException: Invalid type: reference
	at net.minecraft.class_394.method_2048(class_394.java:35) ~[client-intermediary.jar:?]
	at net.minecraft.class_378$1.method_18638(class_378.java:74) ~[client-intermediary.jar:?]
	at net.minecraft.class_378$1.method_18789(class_378.java:48) ~[client-intermediary.jar:?]
	at net.minecraft.class_4080.method_18791(class_4080.java:11) ~[client-intermediary.jar:?]
	at java.util.concurrent.CompletableFuture$AsyncSupply.run(CompletableFuture.java:1768) ~[?:?]
	at java.util.concurrent.CompletableFuture$AsyncSupply.exec(CompletableFuture.java:1760) ~[?:?]
	at java.util.concurrent.ForkJoinTask.doExec(ForkJoinTask.java:373) ~[?:?]
	at java.util.concurrent.ForkJoinPool$WorkQueue.topLevelExec(ForkJoinPool.java:1182) ~[?:?]
	at java.util.concurrent.ForkJoinPool.scan(ForkJoinPool.java:1655) ~[?:?]
	at java.util.concurrent.ForkJoinPool.runWorker(ForkJoinPool.java:1622) ~[?:?]
	at java.util.concurrent.ForkJoinWorkerThread.run(ForkJoinWorkerThread.java:165) ~[?:?]
[22:31:27] [Worker-Main-3/WARN]: Missing textures in model minecraft:baked_potato#inventory:
    minecraft:textures/atlas/blocks.png:eatinganimationid:item/baked_potato_eating_0
    minecraft:textures/atlas/blocks.png:eatinganimationid:item/baked_potato_eating_1
    minecraft:textures/atlas/blocks.png:eatinganimationid:item/baked_potato_eating_2
[22:31:27] [Worker-Main-3/WARN]: Missing textures in model minecraft:rotten_flesh#inventory:
    minecraft:textures/atlas/blocks.png:eatinganimationid:item/rotten_flesh_eating_0
    minecraft:textures/atlas/blocks.png:eatinganimationid:item/rotten_flesh_eating_1
    minecraft:textures/atlas/blocks.png:eatinganimationid:item/rotten_flesh_eating_2
[22:31:27] [Worker-Main-3/WARN]: Missing textures in model minecraft:spider_eye#inventory:
    minecraft:textures/atlas/blocks.png:eatinganimationid:item/spider_eye_eating_0
    minecraft:textures/atlas/blocks.png:eatinganimationid:item/spider_eye_eating_1
    minecraft:textures/atlas/blocks.png:eatinganimationid:item/spider_eye_eating_2
[22:31:27] [Worker-Main-3/WARN]: Missing textures in model minecraft:cookie#inventory:
    minecraft:textures/atlas/blocks.png:eatinganimationid:item/cookie_eating_0
    minecraft:textures/atlas/blocks.png:eatinganimationid:item/cookie_eating_1
    minecraft:textures/atlas/blocks.png:eatinganimationid:item/cookie_eating_2
[22:31:27] [Worker-Main-3/WARN]: Missing textures in model minecraft:golden_apple#inventory:
    minecraft:textures/atlas/blocks.png:eatinganimationid:item/golden_apple_eating_0
    minecraft:textures/atlas/blocks.png:eatinganimationid:item/golden_apple_eating_1
    minecraft:textures/atlas/blocks.png:eatinganimationid:item/golden_apple_eating_2
[22:31:27] [Worker-Main-3/WARN]: Missing textures in model minecraft:cod#inventory:
    minecraft:textures/atlas/blocks.png:eatinganimationid:item/cod_eating_0
    minecraft:textures/atlas/blocks.png:eatinganimationid:item/cod_eating_1
    minecraft:textures/atlas/blocks.png:eatinganimationid:item/cod_eating_2
[22:31:27] [Worker-Main-3/WARN]: Missing textures in model minecraft:enchanted_golden_apple#inventory:
    minecraft:textures/atlas/blocks.png:eatinganimationid:item/golden_apple_eating_0
    minecraft:textures/atlas/blocks.png:eatinganimationid:item/golden_apple_eating_1
    minecraft:textures/atlas/blocks.png:eatinganimationid:item/golden_apple_eating_2
[22:31:27] [Worker-Main-3/WARN]: Missing textures in model minecraft:beetroot#inventory:
    minecraft:textures/atlas/blocks.png:eatinganimationid:item/beetroot_eating_0
    minecraft:textures/atlas/blocks.png:eatinganimationid:item/beetroot_eating_1
    minecraft:textures/atlas/blocks.png:eatinganimationid:item/beetroot_eating_2
[22:31:27] [Worker-Main-3/WARN]: Missing textures in model minecraft:golden_carrot#inventory:
    minecraft:textures/atlas/blocks.png:eatinganimationid:item/golden_carrot_eating_0
    minecraft:textures/atlas/blocks.png:eatinganimationid:item/golden_carrot_eating_1
    minecraft:textures/atlas/blocks.png:eatinganimationid:item/golden_carrot_eating_2
[22:31:27] [Worker-Main-3/WARN]: Missing textures in model minecraft:bread#inventory:
    minecraft:textures/atlas/blocks.png:eatinganimationid:item/bread_eating_0
    minecraft:textures/atlas/blocks.png:eatinganimationid:item/bread_eating_1
    minecraft:textures/atlas/blocks.png:eatinganimationid:item/bread_eating_2
[22:31:27] [Worker-Main-3/WARN]: Missing textures in model minecraft:suspicious_stew#inventory:
    minecraft:textures/atlas/blocks.png:eatinganimationid:item/suspicious_stew_eating_0
    minecraft:textures/atlas/blocks.png:eatinganimationid:item/suspicious_stew_eating_1
    minecraft:textures/atlas/blocks.png:eatinganimationid:item/suspicious_stew_eating_2
[22:31:27] [Worker-Main-3/WARN]: Missing textures in model minecraft:honey_bottle#inventory:
    minecraft:textures/atlas/blocks.png:eatinganimationid:item/honey_bottle_drinking_0
    minecraft:textures/atlas/blocks.png:eatinganimationid:item/honey_bottle_drinking_1
    minecraft:textures/atlas/blocks.png:eatinganimationid:item/honey_bottle_drinking_2
[22:31:27] [Worker-Main-3/WARN]: Missing textures in model minecraft:glow_berries#inventory:
    minecraft:textures/atlas/blocks.png:eatinganimationid:item/glow_berries_eating_0
    minecraft:textures/atlas/blocks.png:eatinganimationid:item/glow_berries_eating_1
    minecraft:textures/atlas/blocks.png:eatinganimationid:item/glow_berries_eating_2
[22:31:27] [Worker-Main-3/WARN]: Missing textures in model minecraft:mutton#inventory:
    minecraft:textures/atlas/blocks.png:eatinganimationid:item/mutton_eating_0
    minecraft:textures/atlas/blocks.png:eatinganimationid:item/mutton_eating_1
    minecraft:textures/atlas/blocks.png:eatinganimationid:item/mutton_eating_2
[22:31:27] [Worker-Main-3/WARN]: Missing textures in model minecraft:milk_bucket#inventory:
    minecraft:textures/atlas/blocks.png:eatinganimationid:item/milk_bucket_drinking_0
    minecraft:textures/atlas/blocks.png:eatinganimationid:item/milk_bucket_drinking_1
    minecraft:textures/atlas/blocks.png:eatinganimationid:item/milk_bucket_drinking_2
[22:31:27] [Worker-Main-3/WARN]: Missing textures in model minecraft:dried_kelp#inventory:
    minecraft:textures/atlas/blocks.png:eatinganimationid:item/dried_kelp_eating_0
    minecraft:textures/atlas/blocks.png:eatinganimationid:item/dried_kelp_eating_1
    minecraft:textures/atlas/blocks.png:eatinganimationid:item/dried_kelp_eating_2
[22:31:27] [Worker-Main-3/WARN]: Missing textures in model minecraft:cooked_porkchop#inventory:
    minecraft:textures/atlas/blocks.png:eatinganimationid:item/cooked_porkchop_eating_0
    minecraft:textures/atlas/blocks.png:eatinganimationid:item/cooked_porkchop_eating_1
    minecraft:textures/atlas/blocks.png:eatinganimationid:item/cooked_porkchop_eating_2
[22:31:27] [Worker-Main-3/WARN]: Missing textures in model minecraft:carrot#inventory:
    minecraft:textures/atlas/blocks.png:eatinganimationid:item/carrot_eating_0
    minecraft:textures/atlas/blocks.png:eatinganimationid:item/carrot_eating_1
    minecraft:textures/atlas/blocks.png:eatinganimationid:item/carrot_eating_2
[22:31:27] [Worker-Main-3/WARN]: Missing textures in model minecraft:potato#inventory:
    minecraft:textures/atlas/blocks.png:eatinganimationid:item/potato_eating_0
    minecraft:textures/atlas/blocks.png:eatinganimationid:item/potato_eating_1
    minecraft:textures/atlas/blocks.png:eatinganimationid:item/potato_eating_2
[22:31:27] [Worker-Main-3/WARN]: Missing textures in model minecraft:tropical_fish#inventory:
    minecraft:textures/atlas/blocks.png:eatinganimationid:item/tropical_fish_eating_0
    minecraft:textures/atlas/blocks.png:eatinganimationid:item/tropical_fish_eating_1
    minecraft:textures/atlas/blocks.png:eatinganimationid:item/tropical_fish_eating_2
[22:31:27] [Worker-Main-3/WARN]: Missing textures in model minecraft:beef#inventory:
    minecraft:textures/atlas/blocks.png:eatinganimationid:item/beef_eating_0
    minecraft:textures/atlas/blocks.png:eatinganimationid:item/beef_eating_1
    minecraft:textures/atlas/blocks.png:eatinganimationid:item/beef_eating_2
[22:31:27] [Worker-Main-3/WARN]: Missing textures in model minecraft:chicken#inventory:
    minecraft:textures/atlas/blocks.png:eatinganimationid:item/chicken_eating_0
    minecraft:textures/atlas/blocks.png:eatinganimationid:item/chicken_eating_1
    minecraft:textures/atlas/blocks.png:eatinganimationid:item/chicken_eating_2
[22:31:27] [Worker-Main-3/WARN]: Missing textures in model minecraft:apple#inventory:
    minecraft:textures/atlas/blocks.png:eatinganimationid:item/apple_eating_0
    minecraft:textures/atlas/blocks.png:eatinganimationid:item/apple_eating_1
    minecraft:textures/atlas/blocks.png:eatinganimationid:item/apple_eating_2
[22:31:27] [Worker-Main-3/WARN]: Missing textures in model minecraft:salmon#inventory:
    minecraft:textures/atlas/blocks.png:eatinganimationid:item/salmon_eating_0
    minecraft:textures/atlas/blocks.png:eatinganimationid:item/salmon_eating_1
    minecraft:textures/atlas/blocks.png:eatinganimationid:item/salmon_eating_2
[22:31:27] [Worker-Main-3/WARN]: Missing textures in model minecraft:cooked_beef#inventory:
    minecraft:textures/atlas/blocks.png:eatinganimationid:item/cooked_beef_eating_0
    minecraft:textures/atlas/blocks.png:eatinganimationid:item/cooked_beef_eating_1
    minecraft:textures/atlas/blocks.png:eatinganimationid:item/cooked_beef_eating_2
[22:31:27] [Worker-Main-3/WARN]: Missing textures in model minecraft:rabbit#inventory:
    minecraft:textures/atlas/blocks.png:eatinganimationid:item/rabbit_eating_0
    minecraft:textures/atlas/blocks.png:eatinganimationid:item/rabbit_eating_1
    minecraft:textures/atlas/blocks.png:eatinganimationid:item/rabbit_eating_2
[22:31:27] [Worker-Main-3/WARN]: Missing textures in model minecraft:chorus_fruit#inventory:
    minecraft:textures/atlas/blocks.png:eatinganimationid:item/chorus_fruit_eating_0
    minecraft:textures/atlas/blocks.png:eatinganimationid:item/chorus_fruit_eating_1
    minecraft:textures/atlas/blocks.png:eatinganimationid:item/chorus_fruit_eating_2
[22:31:27] [Worker-Main-3/WARN]: Missing textures in model minecraft:cooked_rabbit#inventory:
    minecraft:textures/atlas/blocks.png:eatinganimationid:item/cooked_rabbit_eating_0
    minecraft:textures/atlas/blocks.png:eatinganimationid:item/cooked_rabbit_eating_1
    minecraft:textures/atlas/blocks.png:eatinganimationid:item/cooked_rabbit_eating_2
[22:31:27] [Worker-Main-3/WARN]: Missing textures in model minecraft:cooked_mutton#inventory:
    minecraft:textures/atlas/blocks.png:eatinganimationid:item/cooked_mutton_eating_0
    minecraft:textures/atlas/blocks.png:eatinganimationid:item/cooked_mutton_eating_1
    minecraft:textures/atlas/blocks.png:eatinganimationid:item/cooked_mutton_eating_2
[22:31:27] [Worker-Main-3/WARN]: Missing textures in model minecraft:mushroom_stew#inventory:
    minecraft:textures/atlas/blocks.png:eatinganimationid:item/mushroom_stew_eating_0
    minecraft:textures/atlas/blocks.png:eatinganimationid:item/mushroom_stew_eating_1
    minecraft:textures/atlas/blocks.png:eatinganimationid:item/mushroom_stew_eating_2
[22:31:27] [Worker-Main-3/WARN]: Missing textures in model minecraft:porkchop#inventory:
    minecraft:textures/atlas/blocks.png:eatinganimationid:item/porkchop_eating_0
    minecraft:textures/atlas/blocks.png:eatinganimationid:item/porkchop_eating_1
    minecraft:textures/atlas/blocks.png:eatinganimationid:item/porkchop_eating_2
[22:31:27] [Worker-Main-3/WARN]: Missing textures in model minecraft:sweet_berries#inventory:
    minecraft:textures/atlas/blocks.png:eatinganimationid:item/sweet_berries_eating_0
    minecraft:textures/atlas/blocks.png:eatinganimationid:item/sweet_berries_eating_1
    minecraft:textures/atlas/blocks.png:eatinganimationid:item/sweet_berries_eating_2
[22:31:27] [Worker-Main-3/WARN]: Missing textures in model minecraft:cooked_cod#inventory:
    minecraft:textures/atlas/blocks.png:eatinganimationid:item/cooked_cod_eating_0
    minecraft:textures/atlas/blocks.png:eatinganimationid:item/cooked_cod_eating_1
    minecraft:textures/atlas/blocks.png:eatinganimationid:item/cooked_cod_eating_2
[22:31:27] [Worker-Main-3/WARN]: Missing textures in model minecraft:cooked_chicken#inventory:
    minecraft:textures/atlas/blocks.png:eatinganimationid:item/cooked_chicken_eating_0
    minecraft:textures/atlas/blocks.png:eatinganimationid:item/cooked_chicken_eating_1
    minecraft:textures/atlas/blocks.png:eatinganimationid:item/cooked_chicken_eating_2
[22:31:27] [Worker-Main-3/WARN]: Missing textures in model minecraft:beetroot_soup#inventory:
    minecraft:textures/atlas/blocks.png:eatinganimationid:item/beetroot_soup_eating_0
    minecraft:textures/atlas/blocks.png:eatinganimationid:item/beetroot_soup_eating_1
    minecraft:textures/atlas/blocks.png:eatinganimationid:item/beetroot_soup_eating_2
[22:31:27] [Worker-Main-3/WARN]: Missing textures in model minecraft:cooked_salmon#inventory:
    minecraft:textures/atlas/blocks.png:eatinganimationid:item/cooked_salmon_eating_0
    minecraft:textures/atlas/blocks.png:eatinganimationid:item/cooked_salmon_eating_1
    minecraft:textures/atlas/blocks.png:eatinganimationid:item/cooked_salmon_eating_2
[22:31:27] [Worker-Main-3/WARN]: Missing textures in model minecraft:pumpkin_pie#inventory:
    minecraft:textures/atlas/blocks.png:eatinganimationid:item/pumpkin_pie_eating_0
    minecraft:textures/atlas/blocks.png:eatinganimationid:item/pumpkin_pie_eating_1
    minecraft:textures/atlas/blocks.png:eatinganimationid:item/pumpkin_pie_eating_2
[22:31:27] [Worker-Main-3/WARN]: Missing textures in model minecraft:melon_slice#inventory:
    minecraft:textures/atlas/blocks.png:eatinganimationid:item/melon_slice_eating_0
    minecraft:textures/atlas/blocks.png:eatinganimationid:item/melon_slice_eating_1
    minecraft:textures/atlas/blocks.png:eatinganimationid:item/melon_slice_eating_2
[22:31:27] [Worker-Main-3/WARN]: Missing textures in model minecraft:rabbit_stew#inventory:
    minecraft:textures/atlas/blocks.png:eatinganimationid:item/rabbit_stew_eating_0
    minecraft:textures/atlas/blocks.png:eatinganimationid:item/rabbit_stew_eating_1
    minecraft:textures/atlas/blocks.png:eatinganimationid:item/rabbit_stew_eating_2
[22:31:27] [Worker-Main-3/WARN]: Missing textures in model minecraft:poisonous_potato#inventory:
    minecraft:textures/atlas/blocks.png:eatinganimationid:item/poisonous_potato_eating_0
    minecraft:textures/atlas/blocks.png:eatinganimationid:item/poisonous_potato_eating_1
    minecraft:textures/atlas/blocks.png:eatinganimationid:item/poisonous_potato_eating_2
[22:31:27] [Render thread/WARN]: Missing sound for event: minecraft:item.brush.brushing
[22:31:27] [Render thread/WARN]: Missing sound for event: minecraft:item.brush.brush_sand_completed
[22:31:27] [Render thread/WARN]: Missing sound for event: minecraft:item.goat_horn.play
[22:31:27] [Render thread/WARN]: Missing sound for event: minecraft:entity.goat.screaming.horn_break
[22:31:27] [Render thread/WARN]: Missing sound for event: minecraft:music.overworld.cherry_grove
[22:31:27] [Render thread/INFO]: OpenAL initialized on device JACK Default
[22:31:27] [Render thread/INFO]: Sound engine started
[22:31:27] [Render thread/INFO]: Created: 1024x512x0 minecraft:textures/atlas/blocks.png-atlas
[22:31:27] [Render thread/INFO]: Created: 256x256x0 minecraft:textures/atlas/signs.png-atlas
[22:31:27] [Render thread/INFO]: Created: 512x512x0 minecraft:textures/atlas/banner_patterns.png-atlas
[22:31:27] [Render thread/INFO]: Created: 512x512x0 minecraft:textures/atlas/shield_patterns.png-atlas
[22:31:27] [Render thread/INFO]: Created: 2048x1024x0 minecraft:textures/atlas/armor_trims.png-atlas
[22:31:27] [Render thread/INFO]: Created: 256x256x0 minecraft:textures/atlas/chest.png-atlas
[22:31:27] [Render thread/INFO]: Created: 128x128x0 minecraft:textures/atlas/decorated_pot.png-atlas
[22:31:27] [Render thread/INFO]: Created: 512x256x0 minecraft:textures/atlas/beds.png-atlas
[22:31:27] [Render thread/INFO]: Created: 512x256x0 minecraft:textures/atlas/shulker_boxes.png-atlas
[22:31:28] [Render thread/WARN]: Shader rendertype_entity_translucent_emissive could not find sampler named Sampler2 in the specified shader program.
[22:31:28] [Render thread/INFO]: Created: 512x256x0 minecraft:textures/atlas/particles.png-atlas
[22:31:28] [Render thread/INFO]: Created: 4096x8192x0 minecraft:textures/atlas/paintings.png-atlas
[22:31:28] [Render thread/INFO]: Created: 256x128x0 minecraft:textures/atlas/mob_effects.png-atlas
[22:31:28] [Render thread/INFO]: Connecting to mazerclub.net, 28849
[22:31:32] [Render thread/INFO]: Started 1 worker threads
[22:31:33] [Render thread/ERROR]: Error executing task on Client
java.lang.IndexOutOfBoundsException: index: 1, length: 110 (expected: range(0, 24))
	at io.netty.buffer.AbstractByteBuf.checkRangeBounds(AbstractByteBuf.java:1390) ~[netty-buffer-4.1.82.Final.jar:?]
	at io.netty.buffer.AbstractByteBuf.checkIndex0(AbstractByteBuf.java:1397) ~[netty-buffer-4.1.82.Final.jar:?]
	at io.netty.buffer.AbstractByteBuf.checkIndex(AbstractByteBuf.java:1384) ~[netty-buffer-4.1.82.Final.jar:?]
	at io.netty.buffer.UnsafeByteBufUtil.getBytes(UnsafeByteBufUtil.java:481) ~[netty-buffer-4.1.82.Final.jar:?]
	at io.netty.buffer.PooledUnsafeDirectByteBuf.getBytes(PooledUnsafeDirectByteBuf.java:130) ~[netty-buffer-4.1.82.Final.jar:?]
	at io.netty.buffer.ByteBufUtil.decodeString(ByteBufUtil.java:1270) ~[netty-buffer-4.1.82.Final.jar:?]
	at io.netty.buffer.AbstractByteBuf.toString(AbstractByteBuf.java:1246) ~[netty-buffer-4.1.82.Final.jar:?]
	at net.minecraft.class_2540.toString(class_2540.java:1729) ~[client-intermediary.jar:?]
	at net.minecraft.class_2540.method_10800(class_2540.java:692) ~[client-intermediary.jar:?]
	at net.minecraft.class_2540.method_19772(class_2540.java:678) ~[client-intermediary.jar:?]
	at net.minecraft.class_634.method_11152(class_634.java:1972) ~[client-intermediary.jar:?]
	at net.minecraft.class_2658.method_11457(class_2658.java:60) ~[client-intermediary.jar:?]
	at net.minecraft.class_2658.method_11054(class_2658.java:8) ~[client-intermediary.jar:?]
	at net.minecraft.class_2600.method_11072(class_2600.java:22) ~[client-intermediary.jar:?]
	at net.minecraft.class_1255.method_18859(class_1255.java:156) ~[client-intermediary.jar:?]
	at net.minecraft.class_4093.method_18859(class_4093.java:23) ~[client-intermediary.jar:?]
	at net.minecraft.class_1255.method_16075(class_1255.java:130) ~[client-intermediary.jar:?]
	at net.minecraft.class_1255.method_5383(class_1255.java:115) ~[client-intermediary.jar:?]
	at net.minecraft.class_310.method_1523(class_310.java:1174) ~[client-intermediary.jar:?]
	at net.minecraft.class_310.method_1514(class_310.java:801) ~[client-intermediary.jar:?]
	at net.minecraft.client.main.Main.main(Main.java:237) ~[minecraft-1.19.4-client.jar:?]
	at net.fabricmc.loader.impl.game.minecraft.MinecraftGameProvider.launch(MinecraftGameProvider.java:514) ~[fabric-loader-0.18.4.jar:?]
	at net.fabricmc.loader.impl.launch.knot.Knot.launch(Knot.java:72) ~[fabric-loader-0.18.4.jar:?]
	at net.fabricmc.loader.impl.launch.knot.KnotClient.main(KnotClient.java:23) ~[fabric-loader-0.18.4.jar:?]
	at org.prismlauncher.launcher.impl.StandardLauncher.launch(StandardLauncher.java:115) ~[NewLaunch.jar:?]
	at org.prismlauncher.EntryPoint.listen(EntryPoint.java:129) ~[NewLaunch.jar:?]
	at org.prismlauncher.EntryPoint.main(EntryPoint.java:70) ~[NewLaunch.jar:?]
[22:31:42] [Render thread/INFO]: Stopping worker threads
[22:31:43] [Render thread/INFO]: Connecting to mazerclub.net, 25565
[22:31:44] [Render thread/INFO]: Started 1 worker threads
[22:31:44] [Render thread/WARN]: Unknown feature flag: minecraft:update_1_21
[22:31:44] [Render thread/WARN]: Unknown feature flag: minecraft:winter_drop
[22:31:45] [Render thread/INFO]: [System] [CHAT] Use the command /login <password>.
[22:31:45] [Render thread/WARN]: Unknown custom packed identifier: vv:server_details
[22:31:45] [Render thread/WARN]: Ignoring player info update for unknown player 48811bf6-bbfb-3fa9-b087-45fc8cfae90e
[22:31:45] [Render thread/WARN]: Ignoring player info update for unknown player 8cd795c5-e0c8-43d9-8025-46bc190a9191
[22:31:45] [Render thread/WARN]: Ignoring player info update for unknown player ef0cddc2-486c-34e4-9fff-4b6c57e68df1
[22:31:45] [Render thread/WARN]: Ignoring player info update for unknown player 00000000-0000-0000-0009-01f7f7038eb8
[22:31:45] [Render thread/WARN]: Ignoring player info update for unknown player 00000000-0000-0000-0009-01fca38093f0
[22:31:45] [Render thread/WARN]: Ignoring player info update for unknown player 00000000-0000-0000-0009-01fe31d91e68
[22:31:45] [Render thread/WARN]: Ignoring player info update for unknown player 84d1cd70-8eb6-4ed8-a0fa-6a9c6e4bf665
[22:31:45] [Render thread/WARN]: Ignoring player info update for unknown player f639701d-2c08-3709-b432-7bcdb8b235a0
[22:31:45] [Render thread/WARN]: Ignoring player info update for unknown player 00000000-0000-0000-0009-01fd7bdbe8e4
[22:31:45] [Render thread/WARN]: Ignoring player info update for unknown player 00313f15-4339-4475-be94-dfcd7639a103
[22:31:45] [Render thread/WARN]: Ignoring player info update for unknown player 00000000-0000-0000-0009-01f9c99c1aa0
[22:31:45] [Render thread/WARN]: Ignoring player info update for unknown player 00000000-0000-0000-0009-01f0ce29bede
[22:31:45] [Render thread/WARN]: Ignoring player info update for unknown player 00000000-0000-0000-0009-01f8ac2b1f15
[22:31:45] [Render thread/WARN]: Ignoring player info update for unknown player 77331c1c-400b-46da-b214-96fd76e262ac
[22:31:45] [Render thread/WARN]: Ignoring player info update for unknown player 2899d202-db61-3d4e-a581-42ee33850c85
[22:31:45] [Render thread/WARN]: Ignoring player info update for unknown player 00000000-0000-0000-0009-01f90d2f8f42
[22:31:45] [Render thread/WARN]: Ignoring player info update for unknown player f90bd763-1ead-462a-90d4-b719e1d1f593
[22:31:45] [Render thread/WARN]: Ignoring player info update for unknown player 15a092f1-6484-3a13-93dd-db057c809876
[22:31:45] [Render thread/WARN]: Ignoring player info update for unknown player 00000000-0000-0000-0009-01fff5826c5e
[22:31:45] [Render thread/WARN]: Ignoring player info update for unknown player 00000000-0000-0000-0009-01f952d14b55
[22:31:45] [Render thread/WARN]: Ignoring player info update for unknown player 00000000-0000-0000-0009-01f5bf74b5bd
[22:31:45] [Render thread/WARN]: Ignoring player info update for unknown player 33469ee5-17bf-3f26-b91b-38a3e49efbeb
[22:31:45] [Render thread/WARN]: Ignoring player info update for unknown player 00000000-0000-0000-0009-01ff91f5edf9
[22:31:45] [Render thread/WARN]: Ignoring player info update for unknown player 71cdf889-f93d-317b-9563-ec18793eda7c
[22:31:45] [Render thread/WARN]: Ignoring player info update for unknown player 1cf733cd-f7c9-3621-be40-8a689e726f75
[22:31:45] [Render thread/INFO]: Loaded 8 advancements
[22:31:45] [Render thread/WARN]: Ignoring player info update for unknown player 00000000-0000-0000-0009-01f8268c70a1
[22:31:45] [Render thread/WARN]: Ignoring player info update for unknown player 00000000-0000-0000-0009-01fcf445bf13
[22:31:45] [Render thread/WARN]: Ignoring player info update for unknown player 97a255ca-faa8-3d7c-b998-daf1c366491e
[22:31:45] [Render thread/WARN]: Ignoring player info update for unknown player 00000000-0000-0000-0009-01f175cace11
[22:31:45] [Worker-Main-3/ERROR]: Textures payload has been tampered with (signature invalid)
[22:31:45] [Worker-Main-1/ERROR]: Textures payload has been tampered with (signature invalid)
[22:31:45] [Worker-Main-2/ERROR]: Textures payload has been tampered with (signature invalid)
[22:31:47] [Render thread/WARN]: Ignoring player info update for unknown player bbb7cb7f-200a-34ea-a790-c7a6f0c8a59c
[22:31:51] [Render thread/INFO]: [System] [CHAT] You have successfully logged.
[22:31:51] [Render thread/WARN]: Unknown custom packed identifier: nlogin:addon
[22:31:52] [Render thread/INFO]: Stopping worker threads
[22:31:52] [Render thread/INFO]: Started 1 worker threads
[22:31:52] [Render thread/INFO]: Stopping worker threads
[22:31:52] [Render thread/INFO]: Started 1 worker threads
[22:31:52] [Render thread/INFO]: Stopping worker threads
[22:31:52] [Render thread/INFO]: Started 1 worker threads
[22:31:52] [Render thread/INFO]: Stopping worker threads
[22:31:52] [Render thread/INFO]: Started 1 worker threads
[22:31:52] [Render thread/WARN]: Unknown feature flag: minecraft:update_1_21
[22:31:52] [Render thread/WARN]: Unknown feature flag: minecraft:winter_drop
[22:31:52] [Render thread/INFO]: [System] [CHAT] Connecting you to pvp...
[22:31:52] [Render thread/INFO]: [System] [CHAT] §eUpcoming restart at §600:00 Asia/Phnom_Penh§e.
[22:31:53] [Render thread/WARN]: Unknown custom packed identifier: vv:server_details
[22:31:53] [Render thread/WARN]: Ignoring player info update for unknown player 48811bf6-bbfb-3fa9-b087-45fc8cfae90e
[22:31:53] [Render thread/WARN]: Ignoring player info update for unknown player 4ec5bd29-0dcd-3eb1-a519-9e263dd6a778
[22:31:53] [Render thread/WARN]: Ignoring player info update for unknown player d438d9b6-6096-36aa-bcd8-026abfcc69cf
[22:31:53] [Render thread/WARN]: Ignoring player info update for unknown player 2c25a731-cabd-3fef-b465-b76ed09688d2
[22:31:53] [Render thread/WARN]: Ignoring player info update for unknown player 7ff7f2f4-1c34-3087-aca2-1e7fae043b63
[22:31:53] [Render thread/WARN]: Ignoring player info update for unknown player 3608c9f3-afd4-3b3f-96b1-1b0b931853be
[22:31:53] [Render thread/WARN]: Ignoring player info update for unknown player abd9aea4-676d-3d5c-8af7-ce317324d9be
[22:31:53] [Render thread/WARN]: Ignoring player info update for unknown player 552339d6-0862-46b9-9d6f-6eaed2adee50
[22:31:53] [Render thread/WARN]: Ignoring player info update for unknown player 0bb49142-9d2a-3f8c-a6a7-c8b4e6538502
[22:31:53] [Render thread/WARN]: Ignoring player info update for unknown player 956196b1-5309-37a6-ae2a-9101583e5179
[22:31:53] [Render thread/WARN]: Ignoring player info update for unknown player af4b18cc-4745-3aa8-89de-5a7b7fce8012
[22:31:53] [Render thread/WARN]: Ignoring player info update for unknown player 825a462f-34b1-44b7-be87-30d5f9ef63dd
[22:31:53] [Render thread/WARN]: Ignoring player info update for unknown player 0e46e354-ca6e-33ee-887d-4830ef9ff054
[22:31:53] [Render thread/WARN]: Ignoring player info update for unknown player 32202bc1-06ef-3e68-9ec2-872b99edca78
[22:31:53] [Render thread/WARN]: Ignoring player info update for unknown player 09b7cdd5-6234-399c-bb3c-d175d3a4473b
[22:31:53] [Render thread/WARN]: Ignoring player info update for unknown player b310ea41-e9d5-3088-9b5d-d689cf0b3fce
[22:31:53] [Render thread/WARN]: Ignoring player info update for unknown player 23ed9e51-f6ab-4d87-9ef1-17a8e0c70e11
[22:31:53] [Render thread/WARN]: Ignoring player info update for unknown player 7eefc82c-4097-353e-aa11-23cfaeec3978
[22:31:53] [Render thread/WARN]: Ignoring player info update for unknown player 00000000-0000-0000-0009-01fdfc84fb52
[22:31:53] [Render thread/WARN]: Ignoring player info update for unknown player 750ed8ba-7b8a-4682-a803-77c87b317963
[22:31:53] [Render thread/WARN]: Ignoring player info update for unknown player d772d6b2-a6b7-3b4c-a061-137cb41b951a
[22:31:53] [Render thread/WARN]: Ignoring player info update for unknown player 897eb9d1-4f2b-324d-9025-c0b82befc893
[22:31:53] [Render thread/WARN]: Ignoring player info update for unknown player 3f3877c4-e71c-3c02-b102-adc690f792f8
[22:31:53] [Render thread/WARN]: Ignoring player info update for unknown player eb0e3517-411c-3ee6-910d-5e5cd09cb716
[22:31:53] [Render thread/WARN]: Ignoring player info update for unknown player 4a4d60af-590c-3d5f-9c19-636d8967d498
[22:31:53] [Render thread/WARN]: Ignoring player info update for unknown player 7f7cb843-0157-4b32-b894-3ecff612842f
[22:31:53] [Render thread/WARN]: Ignoring player info update for unknown player ad5cbb5c-fe0a-4176-b22d-28489490e0ca
[22:31:53] [Render thread/WARN]: Ignoring player info update for unknown player 4bd4787b-cbd8-3d8c-a524-2d97b8a255ac
[22:31:53] [Render thread/WARN]: Ignoring player info update for unknown player 30a8d577-5714-3f11-be46-0f0d681bd1c1
[22:31:53] [Render thread/WARN]: Ignoring player info update for unknown player 7d716536-b8e4-30b6-b4ee-3c16227600d0
[22:31:53] [Render thread/WARN]: Ignoring player info update for unknown player d57df319-e83e-379a-b3a2-cd04b60f0b38
[22:31:53] [Render thread/WARN]: Ignoring player info update for unknown player 5d8279c6-2c4e-3702-a1e1-1a6eb0e2df37
[22:31:53] [Render thread/WARN]: Ignoring player info update for unknown player 88d83143-991c-3666-b534-c94f3744f08c
[22:31:53] [Render thread/WARN]: Ignoring player info update for unknown player 00000000-0000-0000-0009-01f3bdf73758
[22:31:53] [Render thread/WARN]: Ignoring player info update for unknown player 6a496bfe-104a-39a1-92b7-d7642dcdf315
[22:31:53] [Render thread/WARN]: Ignoring player info update for unknown player 00000000-0000-0000-0009-01fb873dda98
[22:31:53] [Render thread/WARN]: Ignoring player info update for unknown player 1358169d-8429-3c6f-8ff9-9288020983ac
[22:31:53] [Render thread/WARN]: Ignoring player info update for unknown player c7c667a6-dcdf-461b-a0e6-ba894b665df6
[22:31:53] [Render thread/WARN]: Ignoring player info update for unknown player e4fadfc2-583e-33ca-b6b7-9514057ef84c
[22:31:53] [Render thread/WARN]: Ignoring player info update for unknown player 96490613-0691-3895-85d7-a6bd8f48d423
[22:31:53] [Render thread/WARN]: Ignoring player info update for unknown player 652198fb-e6da-3132-a344-f3f5b9b43053
[22:31:53] [Render thread/WARN]: Ignoring player info update for unknown player cbb0d313-74ff-3123-b346-9adb02c6db42
[22:31:53] [Render thread/WARN]: Ignoring player info update for unknown player 0b2f91be-56b3-48af-b426-acdb32a399b4
[22:31:53] [Render thread/WARN]: Ignoring player info update for unknown player 0b9bfaa7-182a-30ff-b9c2-5dc1a70abe88
[22:31:53] [Render thread/WARN]: Ignoring player info update for unknown player 9020c8c3-8909-389d-a4c0-612d154b0abb
[22:31:53] [Render thread/WARN]: Ignoring player info update for unknown player 669e539f-4cd9-3ed7-98d0-45da4e03536a
[22:31:53] [Render thread/WARN]: Ignoring player info update for unknown player dba9dd95-8183-39de-beee-e8f1e844b154
[22:31:53] [Render thread/WARN]: Ignoring player info update for unknown player 64875130-69b7-3184-8080-c56a98a01ebf
[22:31:53] [Render thread/WARN]: Ignoring player info update for unknown player d2fb4d9f-d29c-333d-95b2-b7efbb36d7df
[22:31:53] [Render thread/WARN]: Ignoring player info update for unknown player 900e37e5-cbad-314d-b988-9c57e3ad300b
[22:31:53] [Render thread/WARN]: Ignoring player info update for unknown player 00000000-0000-0000-0009-01fdc9536ad4
[22:31:53] [Render thread/WARN]: Ignoring player info update for unknown player 1dffeb58-1e6a-33ea-9b28-3c0d06761e01
[22:31:53] [Render thread/WARN]: Ignoring player info update for unknown player 197402ce-bbc8-3fc5-ba79-0913ed2dac85
[22:31:53] [Render thread/WARN]: Ignoring player info update for unknown player b32ba229-4ffb-3ec7-8923-cec16f2c4287
[22:31:53] [Render thread/WARN]: Ignoring player info update for unknown player 46035db1-92ae-4e61-8ffa-aeb10525126b
[22:31:53] [Render thread/WARN]: Ignoring player info update for unknown player 35280df0-58a4-42f9-864e-6f9d008b98a5
[22:31:53] [Render thread/WARN]: Ignoring player info update for unknown player ae77d966-48f5-3c08-b8e2-6044afda50e9
[22:31:53] [Render thread/WARN]: Ignoring player info update for unknown player 51a2144a-1f7d-4c72-8c92-fbc6bcd2cd1a
[22:31:53] [Render thread/WARN]: Ignoring player info update for unknown player 1e0b2b79-0ac0-49eb-96dc-00ddbd42749e
[22:31:53] [Render thread/WARN]: Ignoring player info update for unknown player 22f87478-b1c0-46b1-93b4-eecb48dcbfd4
[22:31:53] [Render thread/WARN]: Ignoring player info update for unknown player a84ba849-a62e-3cdf-a391-79039bb9895f
[22:31:53] [Render thread/WARN]: Ignoring player info update for unknown player 53c2b7c8-afe8-3825-a693-10ce679caa89
[22:31:53] [Render thread/WARN]: Ignoring player info update for unknown player 743a4721-9bf1-3edd-bdd3-d41fd6b75ade
[22:31:53] [Render thread/WARN]: Ignoring player info update for unknown player 92137b9c-7e0b-36ad-9e48-08ac318b86d4
[22:31:53] [Render thread/WARN]: Ignoring player info update for unknown player 41ab974f-145d-3944-8820-69bc5cbd6f4e
[22:31:53] [Render thread/WARN]: Ignoring player info update for unknown player 4fe16b76-96e6-3bfa-be2f-4bd0e24debad
[22:31:53] [Render thread/WARN]: Ignoring player info update for unknown player 20696161-7ad7-47e7-94e2-81bdbe7ee881
[22:31:53] [Render thread/WARN]: Ignoring player info update for unknown player 00000000-0000-0000-0009-01f97b09d562
[22:31:53] [Render thread/WARN]: Ignoring player info update for unknown player 5461d46f-a595-3443-bcb3-17c35d6efc5a
[22:31:53] [Render thread/WARN]: Ignoring player info update for unknown player 2a53bba8-0fe8-3c3f-a6e2-a77ebbc027ed
[22:31:53] [Render thread/WARN]: Ignoring player info update for unknown player 10a16ca3-a7af-33e6-8292-5cc4f7b07433
[22:31:53] [Render thread/WARN]: Ignoring player info update for unknown player fa2fbb42-d617-3786-8134-4507c7f49e9b
[22:31:53] [Render thread/WARN]: Ignoring player info update for unknown player d0082355-439c-3ba5-9f99-0cfd12d8157b
[22:31:53] [Render thread/WARN]: Ignoring player info update for unknown player 877a06a6-492b-3052-a27e-9b336642580e
[22:31:53] [Render thread/WARN]: Ignoring player info update for unknown player a59839c9-7a7b-3c8c-8bd2-d3e07d922da3
[22:31:53] [Render thread/WARN]: Ignoring player info update for unknown player 9483cf8c-b406-31a5-86f7-182610a0e17a
[22:31:53] [Render thread/WARN]: Ignoring player info update for unknown player ea3f4497-c184-46fe-8c13-1f530917f52f
[22:31:53] [Render thread/WARN]: Ignoring player info update for unknown player 9461ccc9-60a7-347b-9d1b-402b5e65af8a
[22:31:53] [Render thread/WARN]: Ignoring player info update for unknown player 00000000-0000-0000-0009-01fb0b42ba1e
[22:31:53] [Render thread/WARN]: Ignoring player info update for unknown player 0b494c70-69ec-35a8-8345-f9386371e9df
[22:31:53] [Render thread/WARN]: Ignoring player info update for unknown player e81c725d-d3f5-3db7-8b7f-848b39301377
[22:31:53] [Render thread/WARN]: Ignoring player info update for unknown player 68799dbe-8a8f-39d2-9ce9-92a35f8a9eea
[22:31:53] [Render thread/WARN]: Ignoring player info update for unknown player c9c178a8-85e1-373e-aa8e-cb9d5b811f96
[22:31:53] [Render thread/WARN]: Ignoring player info update for unknown player ce25fec8-2703-440a-8c8e-780a648a3658
[22:31:53] [Render thread/WARN]: Ignoring player info update for unknown player 060ea938-c63a-392d-b1cf-5e2996764a02
[22:31:53] [Render thread/WARN]: Ignoring player info update for unknown player 9824540d-dd47-32dd-8356-ddf4e3c3ab66
[22:31:53] [Render thread/WARN]: Ignoring player info update for unknown player 1c46f624-f236-49ab-8d54-519cb64828cb
[22:31:53] [Render thread/WARN]: Ignoring player info update for unknown player 00000000-0000-0000-0009-01f5e3616f2b
[22:31:53] [Render thread/WARN]: Ignoring player info update for unknown player 202a1cc4-f9e0-3bd3-92b9-322c0cd84126
[22:31:53] [Render thread/WARN]: Ignoring player info update for unknown player 007ae09b-2dc3-3a43-aa21-1db66653a013
[22:31:53] [Render thread/WARN]: Ignoring player info update for unknown player c634ff90-0542-3014-b5c1-56ae35dcf8f9
[22:31:53] [Render thread/WARN]: Ignoring player info update for unknown player e9700f04-15c0-46cf-b0fb-dd66a023c57f
[22:31:53] [Render thread/WARN]: Ignoring player info update for unknown player 6dc269af-bd71-33e9-bed4-84fd5ae13787
[22:31:53] [Render thread/WARN]: Ignoring player info update for unknown player c0b01400-8bc7-3eba-97f7-ff76b8a9c959
[22:31:53] [Render thread/WARN]: Ignoring player info update for unknown player 0c5c4780-f5c2-3c1c-a11c-57b184d12ac2
[22:31:53] [Render thread/WARN]: Ignoring player info update for unknown player 84a88a89-6c92-3430-a2c7-9a66cf60d8fe
[22:31:53] [Render thread/WARN]: Ignoring player info update for unknown player 81e33d08-4f6f-3f2d-9327-397878a57190
[22:31:53] [Render thread/WARN]: Ignoring player info update for unknown player b0721f4d-5749-31af-b28e-37704885fd66
[22:31:53] [Render thread/WARN]: Ignoring player info update for unknown player 215b90b9-a205-3e55-9a6c-103a1908d629
[22:31:53] [Render thread/WARN]: Ignoring player info update for unknown player 46a3258b-2ff9-3b03-8cac-2a21b2e2e87b
[22:31:53] [Render thread/WARN]: Ignoring player info update for unknown player ad13d611-cfe4-3d3a-b44f-b6f8f70714ab
[22:31:53] [Render thread/WARN]: Ignoring player info update for unknown player 334dba71-8968-41a3-99fd-71fa29de2ce7
[22:31:53] [Render thread/WARN]: Ignoring player info update for unknown player 766f65ab-71de-3da8-b4db-6155917f0f89
[22:31:53] [Render thread/WARN]: Ignoring player info update for unknown player 5fd912c6-fb51-3034-a754-8efd1e1c0203
[22:31:53] [Render thread/WARN]: Ignoring player info update for unknown player 00000000-0000-0000-0009-01f4a9816cb1
[22:31:53] [Render thread/WARN]: Ignoring player info update for unknown player 23bc13e7-5ad8-3d02-b83e-c6ad7ce88f34
[22:31:53] [Render thread/WARN]: Ignoring player info update for unknown player 68f2402a-58ed-4015-998d-7fa099da4019
[22:31:53] [Render thread/WARN]: Ignoring player info update for unknown player b0755605-49b5-3756-b152-637a9eefc69a
[22:31:53] [Render thread/WARN]: Ignoring player info update for unknown player 7a256d98-ad15-4f35-9526-c654fe5a0565
[22:31:53] [Render thread/WARN]: Ignoring player info update for unknown player 1ffb6423-5328-4125-83ef-d9f237d6aacc
[22:31:53] [Render thread/WARN]: Ignoring player info update for unknown player a69cf839-a6d9-392f-be1b-e573c81706f9
[22:31:53] [Render thread/WARN]: Ignoring player info update for unknown player 66d38164-f446-35d2-8177-a653895dd183
[22:31:53] [Render thread/WARN]: Ignoring player info update for unknown player 62ec1fe0-0477-3d4a-ad2f-b49c3bd2cd8c
[22:31:53] [Render thread/WARN]: Ignoring player info update for unknown player 00000000-0000-0000-0009-01f0e70abf1b
[22:31:53] [Render thread/WARN]: Ignoring player info update for unknown player 15a092f1-6484-3a13-93dd-db057c809876
[22:31:53] [Render thread/WARN]: Ignoring player info update for unknown player 52b1895e-cd24-3cd3-ab4b-deb741ae4ea0
[22:31:53] [Render thread/WARN]: Ignoring player info update for unknown player df4340fe-2a39-3bd1-8654-dafab7bec7ae
[22:31:53] [Render thread/WARN]: Ignoring player info update for unknown player 15b878e4-01c5-33f8-a61d-0cb16fc8e0eb
[22:31:53] [Render thread/WARN]: Ignoring player info update for unknown player 6fef4e3a-c7ce-36fa-8067-978b9154f8b7
[22:31:53] [Render thread/WARN]: Ignoring player info update for unknown player 4dcb9340-7c0f-39fa-b370-fb74d46751ed
[22:31:53] [Render thread/WARN]: Ignoring player info update for unknown player 0fd97bda-6f43-37fb-b66c-e33431f75ce1
[22:31:53] [Render thread/WARN]: Ignoring player info update for unknown player 00000000-0000-0000-0009-01f92d055a03
[22:31:53] [Render thread/WARN]: Ignoring player info update for unknown player 2f6bb570-bec8-3d95-b1d3-3a50f0dd02ee
[22:31:53] [Render thread/WARN]: Ignoring player info update for unknown player 29fa98c0-71f5-31d4-a1a3-3d4fe4788378
[22:31:53] [Render thread/WARN]: Ignoring player info update for unknown player 00000000-0000-0000-0009-01f60a56f851
[22:31:53] [Render thread/WARN]: Ignoring player info update for unknown player 00000000-0000-0000-0009-01f0a55df75d
[22:31:53] [Render thread/WARN]: Ignoring player info update for unknown player 56019dc1-092d-495f-932a-cc9b681b62e3
[22:31:53] [Render thread/WARN]: Ignoring player info update for unknown player 13ceb320-8591-410a-be26-9e75aa5d4287
[22:31:53] [Render thread/WARN]: Ignoring player info update for unknown player 00000000-0000-0000-0009-01f3b1bcd1b8
[22:31:53] [Render thread/INFO]: Stopping worker threads
[22:31:53] [Render thread/INFO]: Started 1 worker threads
[22:31:53] [Render thread/INFO]: Stopping worker threads
[22:31:53] [Render thread/INFO]: Started 1 worker threads
[22:31:53] [Render thread/WARN]: Entity class_746['khanhnotbruh'/2347275, l='ClientLevel', x=0.55, y=65.00, z=-6.49] does not have attribute null
[22:31:54] [Render thread/WARN]: Entity class_746['khanhnotbruh'/2347275, l='ClientLevel', x=0.55, y=65.00, z=-6.49] does not have attribute null
[22:31:54] [Render thread/INFO]: Loaded 24 advancements
[22:31:54] [Render thread/WARN]: Entity class_745['ZIPREN'/2215184, l='ClientLevel', x=0.55, y=65.00, z=-6.49] does not have attribute null
[22:31:54] [Render thread/WARN]: Entity class_745['ngchssieuga'/2286400, l='ClientLevel', x=6.00, y=65.06, z=-8.34] does not have attribute null
[22:31:54] [Render thread/WARN]: Entity class_745['Sub2_Velocity'/2315322, l='ClientLevel', x=0.55, y=65.00, z=-6.49] does not have attribute null
[22:31:54] [Render thread/WARN]: Entity class_745['MLl'/2323444, l='ClientLevel', x=7.51, y=65.00, z=-13.80] does not have attribute null
[22:31:54] [Render thread/WARN]: Entity class_745['Appian'/2310661, l='ClientLevel', x=0.55, y=65.00, z=-6.49] does not have attribute null
[22:31:54] [Render thread/WARN]: Entity class_745['BxngTo'/2001190, l='ClientLevel', x=0.55, y=65.00, z=-6.49] does not have attribute null
[22:31:54] [Render thread/WARN]: Entity class_745['.ImAboutTocu1897'/2308869, l='ClientLevel', x=1.14, y=65.00, z=-15.47] does not have attribute null
[22:31:54] [Render thread/WARN]: Entity class_745['khang2kkk'/2034321, l='ClientLevel', x=0.55, y=65.00, z=-6.49] does not have attribute null
[22:31:54] [Render thread/WARN]: Entity class_745['glor5y'/2181999, l='ClientLevel', x=0.55, y=65.00, z=-6.49] does not have attribute null
[22:31:54] [Render thread/WARN]: Entity class_745['billubadmoshh'/2346563, l='ClientLevel', x=0.55, y=65.00, z=-6.49] does not have attribute null
[22:31:54] [Render thread/WARN]: Entity class_745['_LOL_HACKER_'/2222095, l='ClientLevel', x=0.55, y=65.00, z=-6.49] does not have attribute null
[22:31:54] [Render thread/WARN]: Entity class_745['MurilloGST'/2341760, l='ClientLevel', x=7.13, y=65.06, z=-11.77] does not have attribute null
[22:31:54] [Render thread/WARN]: Entity class_745['Hort_mes'/2258778, l='ClientLevel', x=0.74, y=65.00, z=-9.94] does not have attribute null
[22:31:54] [Render thread/WARN]: Entity class_745['QUINTrice'/2207312, l='ClientLevel', x=12.31, y=65.00, z=-12.49] does not have attribute null
[22:31:54] [Render thread/WARN]: Entity class_745['HUNGDEPZAICUTO'/2152381, l='ClientLevel', x=0.55, y=65.00, z=-6.49] does not have attribute null
[22:31:54] [Render thread/WARN]: Entity class_745['lethoso124'/2328781, l='ClientLevel', x=0.55, y=65.00, z=-6.49] does not have attribute null
[22:31:54] [Render thread/WARN]: Entity class_745['CEEJXY'/2262776, l='ClientLevel', x=0.55, y=65.00, z=-6.49] does not have attribute null
[22:31:54] [Render thread/WARN]: Entity class_745['FinalMugetsu'/2326910, l='ClientLevel', x=0.55, y=65.00, z=-6.49] does not have attribute null
[22:31:54] [Render thread/WARN]: Entity class_745['DonutBoyBTW'/2333573, l='ClientLevel', x=-1.37, y=67.17, z=-12.24] does not have attribute null
[22:31:54] [Render thread/WARN]: Entity class_745['phuctroll123'/2339297, l='ClientLevel', x=-1.01, y=65.00, z=-15.24] does not have attribute null
[22:31:54] [Render thread/WARN]: Entity class_745['Seafox_X_Ocean'/2346673, l='ClientLevel', x=-0.35, y=65.00, z=-13.23] does not have attribute null
[22:31:54] [Render thread/WARN]: Entity class_745['Nam_2408'/2227083, l='ClientLevel', x=0.48, y=65.50, z=-21.03] does not have attribute null
[22:31:54] [Render thread/WARN]: Entity class_745['Exclusv'/2252418, l='ClientLevel', x=-1.47, y=65.50, z=-20.72] does not have attribute null
[22:31:54] [Render thread/WARN]: Entity class_745['tianlatatca'/2335213, l='ClientLevel', x=-0.24, y=65.00, z=-16.63] does not have attribute null
[22:31:54] [Render thread/WARN]: Entity class_745['bincute56327'/2326446, l='ClientLevel', x=-9.42, y=65.00, z=-18.20] does not have attribute null
[22:31:54] [Render thread/WARN]: Entity class_745['.Tansolo003'/2257324, l='ClientLevel', x=-2.50, y=65.00, z=-18.35] does not have attribute null
[22:31:54] [Render thread/WARN]: Entity class_745['FireIlla'/2339256, l='ClientLevel', x=-5.07, y=65.06, z=-19.51] does not have attribute null
[22:31:54] [Render thread/WARN]: Entity class_745['huyquanhoaaa'/2092743, l='ClientLevel', x=-1.97, y=66.17, z=-17.39] does not have attribute null
[22:31:54] [Render thread/WARN]: Entity class_745['XzermarketMC'/2082027, l='ClientLevel', x=28.32, y=65.00, z=-23.27] does not have attribute null
[22:31:54] [Render thread/WARN]: Entity class_745['_ItzDatkg_'/2269244, l='ClientLevel', x=30.62, y=65.00, z=-19.33] does not have attribute null
[22:31:54] [Render thread/WARN]: Entity class_745['Villan_yt123'/2076513, l='ClientLevel', x=16.35, y=65.00, z=-20.38] does not have attribute null
[22:31:54] [Render thread/WARN]: Ignoring player info update for unknown player 97a255ca-faa8-3d7c-b998-daf1c366491e
[22:31:54] [Render thread/WARN]: Entity class_745['Sinvortex'/2347404, l='ClientLevel', x=0.55, y=65.00, z=-6.49] does not have attribute null
[22:31:54] [Render thread/WARN]: Entity class_745['Sinvortex'/2347404, l='ClientLevel', x=0.55, y=65.00, z=-6.49] does not have attribute null
[22:31:54] [Render thread/INFO]: [System] [CHAT] (☠) TongTongsahurr fell from a high spot.
[22:31:54] [Render thread/WARN]: Entity class_745['QUINTrice'/2207312, l='ClientLevel', x=12.31, y=65.00, z=-12.49] does not have attribute null
[22:31:54] [Render thread/INFO]: [System] [CHAT] 
[22:31:54] [Render thread/INFO]: [System] [CHAT]  Cw1ynqx ᴡᴀs ᴋɪᴄᴋᴇᴅ ʙʏ  
[22:31:54] [Render thread/INFO]: [System] [CHAT] TheyCallMeLyee has reached the goal [Postmortal]
[22:31:54] [Render thread/INFO]: [System] [CHAT] lilpotato4 has made the advancement [Stone Age]
[22:31:54] [Render thread/WARN]: Entity class_745['onlycheata899'/2261733, l='ClientLevel', x=0.55, y=65.00, z=-6.49] does not have attribute null
[22:31:54] [Render thread/WARN]: Entity class_745['ngchssieuga'/2286400, l='ClientLevel', x=3.17, y=65.00, z=-11.37] does not have attribute null
[22:31:54] [Render thread/WARN]: Entity class_745['lochoanganhdznha'/2074176, l='ClientLevel', x=0.55, y=65.00, z=-6.49] does not have attribute null
[22:31:54] [Render thread/WARN]: Entity class_745['TongTongsahurr'/2318486, l='ClientLevel', x=0.55, y=65.00, z=-6.49] does not have attribute null
[22:31:54] [Render thread/WARN]: Entity class_745['AwanMichieV2'/2342133, l='ClientLevel', x=0.55, y=65.00, z=-6.49] does not have attribute null
[22:31:54] [Render thread/INFO]: [System] [CHAT] hungdocuto has made the advancement [Stone Age]
[22:31:55] [Render thread/INFO]: [System] [CHAT] TheyCallMeLyee has made the advancement [Stone Age]
[22:31:55] [Render thread/WARN]: Entity class_745['NothForstaken'/2054258, l='ClientLevel', x=0.55, y=65.00, z=-6.49] does not have attribute null
[22:31:55] [Render thread/INFO]: [System] [CHAT] lilpotato4 has reached the goal [Postmortal]
[22:31:55] [Render thread/WARN]: Entity class_745['CallahanMC_'/2161010, l='ClientLevel', x=0.55, y=65.00, z=-6.49] does not have attribute null
[22:31:55] [Worker-Main-3/ERROR]: Textures payload has been tampered with (signature invalid)
[22:31:56] [Render thread/WARN]: Entity class_745['Atranyx_'/2336230, l='ClientLevel', x=0.55, y=65.00, z=-6.49] does not have attribute null
[22:31:56] [Render thread/WARN]: Entity class_745['NothForstaken'/2054258, l='ClientLevel', x=1.32, y=65.00, z=-6.45] does not have attribute null
[22:31:57] [Render thread/WARN]: Ignoring player info update for unknown player 825a462f-34b1-44b7-be87-30d5f9ef63dd
[22:31:57] [Render thread/WARN]: Entity class_745['Cw1ynqx'/2347879, l='ClientLevel', x=0.55, y=65.00, z=-6.49] does not have attribute null
[22:31:57] [Render thread/WARN]: Entity class_745['Cw1ynqx'/2347879, l='ClientLevel', x=0.55, y=65.00, z=-6.49] does not have attribute null
[22:31:58] [Render thread/WARN]: Entity class_745['61vFex'/2066085, l='ClientLevel', x=0.55, y=65.00, z=-6.49] does not have attribute null
[22:31:59] [Render thread/WARN]: Entity class_745['CallahanMC_'/2161010, l='ClientLevel', x=3.19, y=65.00, z=-8.15] does not have attribute null
[22:31:59] [Render thread/INFO]: [System] [CHAT] 
[22:31:59] [Render thread/INFO]: [System] [CHAT]  hungdocuto ᴡᴀs ᴋɪᴄᴋᴇᴅ ʙʏ  
[22:31:59] [Render thread/WARN]: Entity class_745['Justicol'/2312353, l='ClientLevel', x=0.55, y=65.00, z=-6.49] does not have attribute null
[22:31:59] [Render thread/INFO]: Loaded 44 advancements
[22:31:59] [Render thread/WARN]: Entity class_746['khanhnotbruh'/2347275, l='ClientLevel', x=1.32, y=65.00, z=-10.69] does not have attribute null
[22:31:59] [Render thread/WARN]: Entity class_745['DangerMarlow_Jr'/2247315, l='ClientLevel', x=0.55, y=65.00, z=-6.49] does not have attribute null
[22:32:00] [Render thread/WARN]: Entity class_745['sharpbro75'/2238399, l='ClientLevel', x=0.55, y=65.00, z=-6.49] does not have attribute null
[22:32:00] [Render thread/INFO]: [System] [CHAT] Seafox_X_Ocean has reached the goal [Postmortal]
[22:32:01] [Render thread/WARN]: Entity class_745['TRANHUNGZzz'/2174834, l='ClientLevel', x=0.55, y=65.00, z=-6.49] does not have attribute null
[22:32:01] [Render thread/WARN]: Entity class_745['_LOL_HACKER_'/2222095, l='ClientLevel', x=34.77, y=66.59, z=-43.68] does not have attribute null
[22:32:02] [Render thread/INFO]: [System] [CHAT] Kyygbisadtap has reached the goal [Postmortal]
[22:32:03] [Render thread/INFO]: [System] [CHAT] ngcanh has reached the goal [Postmortal]
[22:32:04] [Render thread/INFO]: [System] [CHAT] TheyCallMeLyee has made the advancement [The End?]
[22:32:05] [Render thread/INFO]: [System] [CHAT] Seafox_X_Ocean has made the advancement [Stone Age]
[22:32:05] [Render thread/WARN]: Entity class_745['AwanMichieV2'/2342133, l='ClientLevel', x=5.45, y=66.25, z=-12.83] does not have attribute null
[22:32:05] [Render thread/WARN]: Ignoring player info update for unknown player 1a38b14e-0e25-48f9-ba90-da0ada078309
[22:32:05] [Render thread/WARN]: Entity class_745['Darkstar_911'/2348654, l='ClientLevel', x=0.55, y=65.00, z=-6.49] does not have attribute null
[22:32:05] [Render thread/WARN]: Entity class_745['Darkstar_911'/2348654, l='ClientLevel', x=0.55, y=65.00, z=-6.49] does not have attribute null
[22:32:06] [Render thread/WARN]: Entity class_745['tazmukbang'/2339402, l='ClientLevel', x=0.55, y=65.00, z=-6.49] does not have attribute null
[22:32:06] [Render thread/INFO]: [System] [CHAT] Kyygbisadtap has made the advancement [Stone Age]
[22:32:06] [Render thread/WARN]: Entity class_745['sharpbro75'/2238399, l='ClientLevel', x=1.11, y=65.00, z=-10.63] does not have attribute null
[22:32:06] [Render thread/WARN]: Entity class_745['Justicol'/2312353, l='ClientLevel', x=0.55, y=65.00, z=-6.49] does not have attribute null
[22:32:07] [Render thread/WARN]: Ignoring player info update for unknown player 9020c8c3-8909-389d-a4c0-612d154b0abb
[22:32:07] [Render thread/WARN]: Entity class_745['hungdocuto'/2348825, l='ClientLevel', x=0.55, y=65.00, z=-6.49] does not have attribute null
[22:32:07] [Render thread/WARN]: Entity class_745['hungdocuto'/2348825, l='ClientLevel', x=0.55, y=65.00, z=-6.49] does not have attribute null
[22:32:07] [Render thread/INFO]: [System] [CHAT] MAdhitty has made the advancement [Ice Bucket Challenge]
[22:32:08] [Render thread/WARN]: Entity class_745['sharpbro75'/2238399, l='ClientLevel', x=1.11, y=65.00, z=-10.63] does not have attribute null
[22:32:08] [Render thread/WARN]: Ignoring player info update for unknown player d0a2f634-b8cf-3e59-9e35-d1df05fdd50d
[22:32:08] [Render thread/WARN]: Entity class_745['TechnobladeHU7'/2348895, l='ClientLevel', x=0.55, y=65.00, z=-6.49] does not have attribute null
[22:32:08] [Render thread/WARN]: Entity class_745['TechnobladeHU7'/2348895, l='ClientLevel', x=0.55, y=65.00, z=-6.49] does not have attribute null
[22:32:09] [Render thread/WARN]: Entity class_745['hungdocuto'/2348825, l='ClientLevel', x=0.55, y=65.00, z=-6.49] does not have attribute null
[22:32:09] [Render thread/WARN]: Entity class_745['lethoso124'/2328781, l='ClientLevel', x=0.55, y=65.00, z=-6.49] does not have attribute null
[22:32:09] [Render thread/WARN]: Ignoring player info update for unknown player fa547188-d0da-36ee-8f4c-e6c15b112b1d
[22:32:09] [Render thread/WARN]: Entity class_745['Zen_Jiro'/2349079, l='ClientLevel', x=0.55, y=65.00, z=-6.49] does not have attribute null
[22:32:09] [Render thread/WARN]: Entity class_745['Riz002'/2258572, l='ClientLevel', x=0.55, y=65.00, z=-6.49] does not have attribute null
[22:32:09] [Render thread/WARN]: Entity class_745['Zen_Jiro'/2349079, l='ClientLevel', x=0.55, y=65.00, z=-6.49] does not have attribute null
[22:32:10] [Render thread/INFO]: [System] [CHAT] Coldzeyy__: so um what else u want to learn?
[22:32:11] [Render thread/WARN]: Ignoring player info update for unknown player 1a38b14e-0e25-48f9-ba90-da0ada078309
[22:32:11] [Render thread/WARN]: Entity class_745['Darkstar_911'/2349161, l='ClientLevel', x=0.55, y=65.00, z=-6.49] does not have attribute null
[22:32:11] [Render thread/WARN]: Entity class_745['Darkstar_911'/2349161, l='ClientLevel', x=0.55, y=65.00, z=-6.49] does not have attribute null
[22:32:11] [Render thread/INFO]: [System] [CHAT] dvhexevn: hhaas
[22:32:12] [Render thread/WARN]: Entity class_745['.AutoMhAhpler'/2178219, l='ClientLevel', x=0.55, y=65.00, z=-6.49] does not have attribute null
[22:32:12] [Render thread/INFO]: [System] [CHAT] CPVP » Can not find player ving!
[22:32:13] [Render thread/WARN]: Entity class_745['Kyygbisadtap'/2345312, l='ClientLevel', x=0.55, y=65.00, z=-6.49] does not have attribute null
[22:32:13] [Render thread/INFO]: [System] [CHAT] NoMercyX has completed the challenge [Cover Me in Debris]
[22:32:13] [Render thread/INFO]: [System] [CHAT] MAdhitty has reached the goal [Sky's the Limit]
[22:32:14] [Render thread/WARN]: Ignoring player info update for unknown player 00000000-0000-0000-0009-01fcf445bf13
[22:32:14] [Render thread/WARN]: Entity class_745['.JT_Sabito_7'/2349553, l='ClientLevel', x=0.55, y=65.00, z=-6.49] does not have attribute null
[22:32:14] [Render thread/WARN]: Entity class_745['hungdocuto'/2348825, l='ClientLevel', x=0.57, y=66.23, z=-6.30] does not have attribute null
[22:32:14] [Render thread/WARN]: Entity class_745['.JT_Sabito_7'/2349553, l='ClientLevel', x=0.55, y=65.00, z=-6.49] does not have attribute null
[22:32:14] [Render thread/INFO]: [System] [CHAT] ngcanh has made the advancement [Stone Age]
[22:32:15] [Render thread/INFO]: [System] [CHAT] CPVP » Can not find player vinh!
[22:32:16] [Render thread/WARN]: Entity class_745['huanggming'/2208847, l='ClientLevel', x=0.55, y=65.00, z=-6.49] does not have attribute null
[22:32:18] [Render thread/INFO]: [System] [CHAT] .damonnxx has made the advancement [Take Aim]
[22:32:18] [Render thread/INFO]: [System] [CHAT] tazmukbang: back
[22:32:18] [Render thread/INFO]: [System] [CHAT] dvhexevn: nood
[22:32:19] [Render thread/WARN]: Entity class_746['khanhnotbruh'/2347275, l='ClientLevel', x=6.62, y=66.31, z=-20.19] does not have attribute null
[22:32:20] [Render thread/WARN]: Ignoring player info update for unknown player dd4083cd-58b8-349d-806d-e3be672dcf76
[22:32:20] [Render thread/WARN]: Entity class_745['Aszer3200'/2350031, l='ClientLevel', x=0.55, y=65.00, z=-6.49] does not have attribute null
[22:32:20] [Render thread/WARN]: Entity class_745['Aszer3200'/2350031, l='ClientLevel', x=0.55, y=65.00, z=-6.49] does not have attribute null
[22:32:20] [Render thread/INFO]: [System] [CHAT] .KingFoxSTA: what sab
[22:32:20] [Render thread/WARN]: Entity class_745['CallahanMC_'/2161010, l='ClientLevel', x=0.55, y=65.00, z=-6.49] does not have attribute null
[22:32:20] [Render thread/WARN]: Entity class_745['TRANHUNGZzz'/2174834, l='ClientLevel', x=0.55, y=65.00, z=-6.49] does not have attribute null
[22:32:21] [Render thread/WARN]: Entity class_745['.ImAboutTocu1897'/2308869, l='ClientLevel', x=0.55, y=65.00, z=-6.49] does not have attribute null
[22:32:21] [Render thread/INFO]: [System] [CHAT] (⚔) HUYNHCONGDATVN killed DeadAstaa.
[22:32:22] [Render thread/INFO]: [System] [CHAT] Riz002: u only use shild lol
[22:32:22] [Render thread/WARN]: Entity class_745['DeadAstaa'/2283073, l='ClientLevel', x=0.55, y=65.00, z=-6.49] does not have attribute null
[22:32:23] [Render thread/WARN]: Entity class_745['myticguy'/2331692, l='ClientLevel', x=0.55, y=65.00, z=-6.49] does not have attribute null
[22:32:24] [Render thread/WARN]: Entity class_745['lilpotato4'/2343026, l='ClientLevel', x=0.55, y=65.00, z=-6.49] does not have attribute null
[22:32:24] [Render thread/WARN]: Entity class_746['khanhnotbruh'/2347275, l='ClientLevel', x=19.25, y=65.00, z=-17.81] does not have attribute null
[22:32:24] [Render thread/WARN]: Entity class_745['ngcanh'/2346339, l='ClientLevel', x=0.55, y=65.00, z=-6.49] does not have attribute null
[22:32:24] [Render thread/WARN]: Ignoring player info update for unknown player d31609d7-553c-349d-9776-9b437d18ea38
[22:32:25] [Render thread/WARN]: Entity class_745['tuankietne'/2350480, l='ClientLevel', x=0.55, y=65.00, z=-6.49] does not have attribute null
[22:32:25] [Render thread/WARN]: Entity class_745['tuankietne'/2350480, l='ClientLevel', x=0.55, y=65.00, z=-6.49] does not have attribute null
[22:32:25] [Render thread/WARN]: Entity class_745['TechnobladeHU7'/2348895, l='ClientLevel', x=0.55, y=65.00, z=-6.49] does not have attribute null
[22:32:25] [Render thread/WARN]: Entity class_745['ngxuantrang112'/2336485, l='ClientLevel', x=0.55, y=65.00, z=-6.49] does not have attribute null
[22:32:25] [Render thread/INFO]: [System] [CHAT] ngcanh is your opponent!
[22:32:25] [Render thread/WARN]: Entity class_746['khanhnotbruh'/2347275, l='ClientLevel', x=21.09, y=65.00, z=-19.25] does not have attribute null
[22:32:25] [Render thread/WARN]: Entity class_745['lochoanganhdznha'/2074176, l='ClientLevel', x=0.55, y=65.00, z=-6.49] does not have attribute null
[22:32:26] [Render thread/WARN]: Entity class_745['Aszer3200'/2350031, l='ClientLevel', x=-0.09, y=65.00, z=-8.89] does not have attribute null
[22:32:26] [Render thread/WARN]: Entity class_745['4KenJi_'/2295285, l='ClientLevel', x=0.55, y=65.00, z=-6.49] does not have attribute null
[22:32:27] [Render thread/WARN]: Entity class_745['DangerMarlow_Jr'/2247315, l='ClientLevel', x=0.55, y=65.00, z=-6.49] does not have attribute null
[22:32:27] [Render thread/WARN]: Entity class_745['Aszer3200'/2350031, l='ClientLevel', x=-1.08, y=65.00, z=-7.99] does not have attribute null
[22:32:27] [Render thread/WARN]: Entity class_745['SAKINA_Neverking'/2273695, l='ClientLevel', x=0.55, y=65.00, z=-6.49] does not have attribute null
[22:32:28] [Render thread/WARN]: Entity class_745['ItsArsalan_'/2340461, l='ClientLevel', x=0.55, y=65.00, z=-6.49] does not have attribute null
[22:32:28] [Render thread/WARN]: Entity class_745['4KenJi_'/2295285, l='ClientLevel', x=0.55, y=65.00, z=-6.49] does not have attribute null
[22:32:28] [Render thread/WARN]: Entity class_745['Sinvortex'/2347404, l='ClientLevel', x=0.55, y=65.00, z=-6.49] does not have attribute null
[22:32:28] [Render thread/INFO]: Stopping worker threads
[22:32:28] [Render thread/INFO]: Started 1 worker threads
[22:32:28] [Render thread/INFO]: Stopping worker threads
[22:32:28] [Render thread/INFO]: Started 1 worker threads
[22:32:28] [Render thread/WARN]: Entity class_746['khanhnotbruh'/2347275, l='ClientLevel', x=-2147.00, y=64.00, z=-302.00] does not have attribute null
[22:32:28] [Render thread/INFO]: [System] [CHAT] ✦ ʏᴏᴜ’ᴠᴇ ʙᴇᴇɴ ᴛᴇʟᴇᴘᴏʀᴛᴇᴅ ꜰᴏʀ ᴛʜᴇ ᴅᴜᴇʟ ᴀɢᴀɪɴsᴛ ngcanh!
[22:32:28] [Render thread/INFO]: [System] [CHAT] dvhexevn: hha
[22:32:28] [Render thread/INFO]: [System] [CHAT] Riz002: kid play shild
[22:32:29] [Render thread/WARN]: Entity class_745['ngcanh'/2346339, l='ClientLevel', x=-2137.91, y=64.00, z=-309.00] does not have attribute null
[22:32:31] [Render thread/INFO]: [System] [CHAT] phuctroll123 has reached the goal [Postmortal]
[22:32:35] [Render thread/INFO]: [System] [CHAT] dvhexevn: lol
[22:32:35] [Render thread/INFO]: [System] [CHAT] Ecan729745: call lai
[22:32:35] [Render thread/WARN]: Entity class_745['ngcanh'/2346339, l='ClientLevel', x=-2152.32, y=62.03, z=-287.92] does not have attribute null
[22:32:36] [Render thread/INFO]: [System] [CHAT] TDANGCAPVAIDAI has made the advancement [Not Quite "Nine" Lives]
[22:32:36] [Render thread/WARN]: Entity class_745['ngcanh'/2346339, l='ClientLevel', x=-2149.41, y=63.63, z=-290.38] does not have attribute null
[22:32:36] [Render thread/WARN]: Entity class_746['khanhnotbruh'/2347275, l='ClientLevel', x=-2139.40, y=65.00, z=-301.50] does not have attribute null
[22:32:37] [Render thread/INFO]: [System] [CHAT] billubadmoshh has reached the goal [Postmortal]
[22:32:37] [Render thread/INFO]: [System] [CHAT] 
[22:32:37] [Render thread/INFO]: [System] [CHAT]  Kyygbisadtap ᴡᴀs ᴋɪᴄᴋᴇᴅ ʙʏ  
[22:32:37] [Render thread/WARN]: Ignoring player info update for unknown player 7871722d-e1c9-3953-92d1-5a1bf2db4b6a
[22:32:38] [Render thread/WARN]: Entity class_746['khanhnotbruh'/2347275, l='ClientLevel', x=-2139.29, y=65.00, z=-301.89] does not have attribute null
[22:32:39] [Render thread/WARN]: Ignoring player info update for unknown player 32c4df24-9cb3-3ee2-8397-c9e159a0dea7
[22:32:39] [Render thread/INFO]: [System] [CHAT] billubadmoshh has made the advancement [Stone Age]
[22:32:39] [Render thread/WARN]: Entity class_745['ngcanh'/2346339, l='ClientLevel', x=-2142.84, y=60.00, z=-295.34] does not have attribute null
[22:32:40] [Render thread/WARN]: Entity class_746['khanhnotbruh'/2347275, l='ClientLevel', x=-2138.30, y=61.42, z=-303.70] does not have attribute null
[22:32:42] [Render thread/INFO]: [System] [CHAT] 
[22:32:42] [Render thread/INFO]: [System] [CHAT]  ngxuantrang112 ᴡᴀs ᴋɪᴄᴋᴇᴅ ʙʏ  
[22:32:42] [Render thread/WARN]: Ignoring player info update for unknown player 8c468d16-e4d1-3389-a15b-dbcff6382fc6
[22:32:43] [Render thread/WARN]: Entity class_745['ngcanh'/2346339, l='ClientLevel', x=-2140.59, y=57.56, z=-298.50] does not have attribute null
[22:32:45] [Render thread/WARN]: Entity class_745['ngcanh'/2346339, l='ClientLevel', x=-2139.73, y=58.29, z=-298.56] does not have attribute null
[22:32:45] [Render thread/INFO]: [System] [CHAT] tuankietne has reached the goal [Postmortal]
[22:32:46] [Render thread/INFO]: [System] [CHAT] Aszer3200 has reached the goal [Postmortal]
[22:32:46] [Render thread/INFO]: [System] [CHAT] hungdocuto has reached the goal [Postmortal]
[22:32:47] [Render thread/WARN]: Ignoring player info update for unknown player 84a88a89-6c92-3430-a2c7-9a66cf60d8fe
[22:32:47] [Render thread/WARN]: Entity class_745['ngcanh'/2346339, l='ClientLevel', x=-2141.74, y=56.71, z=-296.21] does not have attribute null
[22:32:47] [Render thread/INFO]: [System] [CHAT] Ecan729745: call lai di
[22:32:47] [Render thread/INFO]: [System] [CHAT] khanhnotbruh has reached the goal [Postmortal]
[22:32:47] [Render thread/WARN]: Entity class_746['khanhnotbruh'/2347275, l='ClientLevel', x=-2139.04, y=56.00, z=-296.75] does not have attribute null
[22:32:47] [Render thread/INFO]: Loaded 47 advancements
[22:32:48] [Render thread/WARN]: Ignoring player info update for unknown player 57c4a63c-86f1-4db0-8b70-ad411aec2025
[22:32:49] [Render thread/WARN]: Entity class_745['ngcanh'/2346339, l='ClientLevel', x=-2143.37, y=56.00, z=-296.26] does not have attribute null
[22:32:49] [Render thread/WARN]: Entity class_746['khanhnotbruh'/2347275, l='ClientLevel', x=-2138.67, y=56.04, z=-297.08] does not have attribute null
[22:32:49] [Render thread/INFO]: [System] [CHAT] dvhexevn: ?
[22:32:49] [Render thread/WARN]: Ignoring player info update for unknown player 482c6f5b-0867-379d-b8ef-4b3d59088924
[22:32:49] [Render thread/WARN]: Ignoring player info update for unknown player 00000000-0000-0000-0009-01f8eb1d5091
[22:32:49] [Render thread/INFO]: [System] [CHAT] tuankietne has made the advancement [Stone Age]
[22:32:50] [Render thread/INFO]: [System] [CHAT] hungdocuto has made the advancement [Stone Age]
[22:32:51] [Render thread/WARN]: Entity class_746['khanhnotbruh'/2347275, l='ClientLevel', x=-2138.30, y=54.00, z=-298.22] does not have attribute null
[22:32:51] [Render thread/INFO]: [System] [CHAT] Cw1ynqx has reached the goal [Postmortal]
[22:32:51] [Render thread/WARN]: Ignoring player info update for unknown player 845d6751-351b-3c4b-89a6-56ce1194f25f
[22:32:52] [Render thread/WARN]: Entity class_745['ngcanh'/2346339, l='ClientLevel', x=-2139.30, y=54.15, z=-296.33] does not have attribute null
[22:32:52] [Render thread/WARN]: Entity class_746['khanhnotbruh'/2347275, l='ClientLevel', x=-2139.14, y=53.81, z=-298.50] does not have attribute null
[22:32:52] [Render thread/INFO]: [System] [CHAT] khanhnotbruh has made the advancement [Stone Age]
[22:32:52] [Render thread/INFO]: Loaded 61 advancements
[22:32:55] [Render thread/WARN]: Entity class_745['ngcanh'/2346339, l='ClientLevel', x=-2137.41, y=51.41, z=-295.91] does not have attribute null
[22:32:57] [Render thread/WARN]: Entity class_746['khanhnotbruh'/2347275, l='ClientLevel', x=-2139.59, y=53.00, z=-299.31] does not have attribute null
[22:33:00] [Render thread/WARN]: Entity class_745['ngcanh'/2346339, l='ClientLevel', x=-2138.38, y=50.02, z=-296.60] does not have attribute null
[22:33:00] [Render thread/INFO]: [System] [CHAT] Gus887 has made the advancement [The End?]
[22:33:01] [Render thread/INFO]: [System] [CHAT] FinalMugetsu has made the advancement [Not Quite "Nine" Lives]
[22:33:01] [Render thread/INFO]: [System] [CHAT] (☠) bincute563 fell from a high spot.
[22:33:01] [Render thread/WARN]: Ignoring player info update for unknown player 8ff12598-eb59-3535-b754-71a8ee121995
[22:33:02] [Render thread/WARN]: Entity class_745['ngcanh'/2346339, l='ClientLevel', x=-2134.54, y=52.15, z=-301.79] does not have attribute null
[22:33:02] [Render thread/WARN]: Entity class_746['khanhnotbruh'/2347275, l='ClientLevel', x=-2138.51, y=50.00, z=-295.78] does not have attribute null
[22:33:02] [Render thread/WARN]: Ignoring player info update for unknown player e3d16000-aaec-3184-8796-1eb8b2ce3ecc
[22:33:02] [Render thread/WARN]: Entity class_745['ngcanh'/2346339, l='ClientLevel', x=-2134.38, y=52.00, z=-302.10] does not have attribute null
[22:33:04] [Render thread/WARN]: Entity class_745['ngcanh'/2346339, l='ClientLevel', x=-2139.13, y=50.00, z=-298.30] does not have attribute null
[22:33:05] [Render thread/WARN]: Entity class_745['ngcanh'/2346339, l='ClientLevel', x=-2139.09, y=49.14, z=-298.82] does not have attribute null
[22:33:06] [Render thread/INFO]: [System] [CHAT] MeTooNoob has reached the goal [Postmortal]
[22:33:06] [Render thread/WARN]: Entity class_745['ngcanh'/2346339, l='ClientLevel', x=-2138.69, y=48.00, z=-298.63] does not have attribute null
[22:33:06] [Render thread/INFO]: [System] [CHAT] Densos has reached the goal [Postmortal]
[22:33:06] [Render thread/WARN]: Entity class_746['khanhnotbruh'/2347275, l='ClientLevel', x=-2131.83, y=49.21, z=-299.70] does not have attribute null
[22:33:07] [Render thread/INFO]: [System] [CHAT] Cw1ynqx has made the advancement [Stone Age]
[22:33:07] [Render thread/WARN]: Entity class_746['khanhnotbruh'/2347275, l='ClientLevel', x=-2130.30, y=49.00, z=-299.70] does not have attribute null
[22:33:08] [Render thread/INFO]: [System] [CHAT] VauntaTaunts has made the advancement [The End?]
[22:33:08] [Render thread/WARN]: Entity class_745['ngcanh'/2346339, l='ClientLevel', x=-2135.46, y=47.00, z=-298.70] does not have attribute null
[22:33:11] [Render thread/INFO]: [System] [CHAT] 1Moadgamesgg1 has reached the goal [Postmortal]
[22:33:12] [Render thread/INFO]: [System] [CHAT] FinalMugetsu has made the advancement [Stone Age]
[22:33:12] [Render thread/WARN]: Entity class_745['ngcanh'/2346339, l='ClientLevel', x=-2132.05, y=46.76, z=-297.37] does not have attribute null
[22:33:12] [Render thread/WARN]: Entity class_746['khanhnotbruh'/2347275, l='ClientLevel', x=-2133.80, y=46.00, z=-297.65] does not have attribute null
[22:33:12] [Render thread/INFO]: [System] [CHAT] 
[22:33:12] [Render thread/INFO]: [System] [CHAT]  FireIlla ᴡᴀs ᴋɪᴄᴋᴇᴅ ʙʏ  
[22:33:12] [Render thread/WARN]: Ignoring player info update for unknown player adf8f301-88a1-324a-b936-046168b513c4
[22:33:13] [Render thread/WARN]: Entity class_745['ngcanh'/2346339, l='ClientLevel', x=-2133.12, y=46.00, z=-297.66] does not have attribute null
[22:33:13] [Render thread/WARN]: Entity class_746['khanhnotbruh'/2347275, l='ClientLevel', x=-2134.33, y=46.20, z=-298.61] does not have attribute null
[22:33:14] [Render thread/INFO]: [System] [CHAT] NotHerAgain_ has made the advancement [Stone Age]
[22:33:15] [Render thread/INFO]: [System] [CHAT] .MetBreak7414 has reached the goal [Postmortal]
[22:33:15] [Render thread/WARN]: Entity class_746['khanhnotbruh'/2347275, l='ClientLevel', x=-2133.66, y=45.07, z=-297.22] does not have attribute null
[22:33:15] [Render thread/WARN]: Ignoring player info update for unknown player 0fd97bda-6f43-37fb-b66c-e33431f75ce1
[22:33:15] [Render thread/INFO]: [System] [CHAT] Zen_Jiro has reached the goal [Postmortal]
[22:33:16] [Render thread/INFO]: [System] [CHAT] (⚔) Justicol killed BxngTo.
[22:33:17] [Render thread/INFO]: [System] [CHAT] (☠) Cow_cute exceeded the speed limit with elytras.
[22:33:17] [Render thread/INFO]: Loaded 75 advancements
[22:33:17] [Render thread/WARN]: Entity class_746['khanhnotbruh'/2347275, l='ClientLevel', x=-2133.51, y=44.00, z=-296.30] does not have attribute null
[22:33:17] [Render thread/INFO]: [System] [CHAT] MrTomato21 has reached the goal [Postmortal]
[22:33:18] [Render thread/WARN]: Entity class_745['ngcanh'/2346339, l='ClientLevel', x=-2135.67, y=44.01, z=-300.23] does not have attribute null
[22:33:18] [Render thread/WARN]: Entity class_745['ngcanh'/2346339, l='ClientLevel', x=-2136.05, y=43.87, z=-301.08] does not have attribute null
[22:33:20] [Render thread/WARN]: Entity class_746['khanhnotbruh'/2347275, l='ClientLevel', x=-2132.92, y=43.00, z=-294.32] does not have attribute null
[22:33:20] [Render thread/INFO]: [System] [CHAT] 
[22:33:20] [Render thread/INFO]: [System] [CHAT]  BuKazaKi_ ᴡᴀs ᴋɪᴄᴋᴇᴅ ʙʏ  
[22:33:22] [Render thread/WARN]: Entity class_745['ngcanh'/2346339, l='ClientLevel', x=-2132.53, y=41.00, z=-297.36] does not have attribute null
[22:33:22] [Render thread/WARN]: Entity class_746['khanhnotbruh'/2347275, l='ClientLevel', x=-2132.29, y=42.08, z=-292.93] does not have attribute null
[22:33:22] [Render thread/INFO]: [System] [CHAT] 
[22:33:22] [Render thread/INFO]: [System] [CHAT]  hungdocuto ᴡᴀs ᴋɪᴄᴋᴇᴅ ʙʏ  
[22:33:23] [Render thread/INFO]: [System] [CHAT] Coldzeyy__: lmao
[22:33:23] [Render thread/WARN]: Entity class_745['ngcanh'/2346339, l='ClientLevel', x=-2135.54, y=39.84, z=-295.66] does not have attribute null
[22:33:24] [Render thread/WARN]: Entity class_746['khanhnotbruh'/2347275, l='ClientLevel', x=-2130.30, y=41.02, z=-291.30] does not have attribute null
[22:33:27] [Render thread/WARN]: Entity class_746['khanhnotbruh'/2347275, l='ClientLevel', x=-2129.82, y=40.17, z=-291.25] does not have attribute null
[22:33:28] [Render thread/WARN]: Ignoring player info update for unknown player 014024b5-e4a4-33bd-8690-5e1c477b2c9b
[22:33:28] [Render thread/WARN]: Entity class_745['ngcanh'/2346339, l='ClientLevel', x=-2131.97, y=39.00, z=-291.34] does not have attribute null
[22:33:29] [Render thread/INFO]: [System] [CHAT] MAdhitty has reached the goal [Postmortal]
[22:33:29] [Render thread/WARN]: Entity class_745['ngcanh'/2346339, l='ClientLevel', x=-2132.80, y=39.86, z=-291.22] does not have attribute null
[22:33:29] [Render thread/WARN]: Entity class_745['ngcanh'/2346339, l='ClientLevel', x=-2134.02, y=40.16, z=-291.36] does not have attribute null
[22:33:31] [Render thread/INFO]: [System] [CHAT] Hort_mes has made the advancement [Monster Hunter]
[22:33:32] [Render thread/INFO]: [System] [CHAT] (⚔) 4KenJi_ killed .KH_smo8028.
[22:33:32] [Render thread/WARN]: Entity class_745['ngcanh'/2346339, l='ClientLevel', x=-2133.02, y=39.00, z=-292.70] does not have attribute null
[22:33:33] [Render thread/INFO]: [System] [CHAT] +1 Points
[22:33:33] [Render thread/INFO]: Loaded 108 advancements
[22:33:33] [Render thread/WARN]: Entity class_745['ngcanh'/2346339, l='ClientLevel', x=-2132.71, y=38.00, z=-292.34] does not have attribute null
[22:33:33] [Render thread/INFO]: [System] [CHAT] MrTomato21 has made the advancement [Stone Age]
[22:33:35] [Render thread/INFO]: [System] [CHAT] Kit 1 loaded!
[22:33:37] [Render thread/INFO]: [System] [CHAT] TurtleMaster101 has made the advancement [Ol' Betsy]
[22:33:37] [Render thread/INFO]: [System] [CHAT] TurtleMaster101 has made the advancement [Take Aim]
[22:33:37] [Render thread/INFO]: [System] [CHAT] dvhexevn: haha
[22:33:38] [Render thread/INFO]: [System] [CHAT] Cw1ynqx has reached the goal [Sky's the Limit]
[22:33:39] [Render thread/WARN]: Entity class_746['khanhnotbruh'/2347275, l='ClientLevel', x=-2133.44, y=36.00, z=-292.71] does not have attribute null
[22:33:40] [Render thread/INFO]: [System] [CHAT] Gxrio: i ran out of pearls-_-
[22:33:40] [Render thread/WARN]: Entity class_746['khanhnotbruh'/2347275, l='ClientLevel', x=-2133.44, y=36.00, z=-292.71] does not have attribute null
[22:33:41] [Render thread/INFO]: [System] [CHAT] (⚔) Exclusv killed BxngTo.
[22:33:41] [Render thread/WARN]: Ignoring player info update for unknown player adf8f301-88a1-324a-b936-046168b513c4
[22:33:41] [Render thread/INFO]: [System] [CHAT] phuctroll123 has made the advancement [Not Quite "Nine" Lives]
[22:33:41] [Render thread/WARN]: Ignoring player info update for unknown player 2586ea14-9f64-3b49-869d-017c72282420
[22:33:42] [Render thread/INFO]: [System] [CHAT] Aszer3200 has made the advancement [Stone Age]
[22:33:42] [Render thread/INFO]: [System] [CHAT] aarbsaqlain: weord
[22:33:42] [Render thread/INFO]: [System] [CHAT] 
[22:33:42] [Render thread/INFO]: [System] [CHAT]  BuKazaKi_ ᴡᴀs ᴋɪᴄᴋᴇᴅ ʙʏ  
[22:33:44] [Render thread/WARN]: Ignoring player info update for unknown player 984cbfbb-3072-3fab-a334-112a2f3a4037
[22:33:45] [Render thread/INFO]: [System] [CHAT] (☠) _LOL_HACKER_ was buried alive.
[22:33:45] [Render thread/INFO]: [System] [CHAT] TechnobladeHU7 has made the advancement [Ol' Betsy]
[22:33:45] [Render thread/WARN]: Ignoring player info update for unknown player 0bb49142-9d2a-3f8c-a6a7-c8b4e6538502
[22:33:46] [Render thread/INFO]: [System] [CHAT] lilpotato4 has made the advancement [Not Quite "Nine" Lives]
[22:33:49] [Render thread/INFO]: [System] [CHAT] MurilloGST has made the advancement [The End?]
[22:33:49] [Render thread/INFO]: [System] [CHAT] hengbczin has made the advancement [The End?]
[22:33:50] [Render thread/WARN]: Entity class_746['khanhnotbruh'/2347275, l='ClientLevel', x=-2135.70, y=37.42, z=-290.92] does not have attribute null
[22:33:51] [Render thread/INFO]: [System] [CHAT] (☠) MiaOrNotLOL fell from a high spot.
[22:33:51] [Render thread/INFO]: [System] [CHAT] 
[22:33:51] [Render thread/INFO]: [System] [CHAT]  ngcanh ᴡᴀs ᴋɪᴄᴋᴇᴅ ʙʏ  
[22:33:51] [Render thread/INFO]: [System] [CHAT] (☠) bincute563 fell from a high spot.
[22:33:52] [Render thread/INFO]: [System] [CHAT] MeTooNoob has made the advancement [Stone Age]
[22:33:52] [Render thread/INFO]: [System] [CHAT] premlovekiqxg has reached the goal [Postmortal]
[22:33:58] [Render thread/INFO]: [System] [CHAT] (☠) bincute563 fell from a high spot.
[22:33:58] [Render thread/INFO]: [System] [CHAT] premlovekiqxg has made the advancement [Stone Age]
[22:33:59] [Render thread/INFO]: [System] [CHAT] .KingFoxSTA: kak
[22:33:59] [Render thread/INFO]: [System] [CHAT] Sending you to hub now..
[22:33:59] [Render thread/INFO]: Stopping worker threads
[22:33:59] [Render thread/INFO]: Started 1 worker threads
[22:33:59] [Render thread/INFO]: Stopping worker threads
[22:33:59] [Render thread/INFO]: Started 1 worker threads
[22:33:59] [Render thread/INFO]: Stopping worker threads
[22:33:59] [Render thread/INFO]: Started 1 worker threads
[22:33:59] [Render thread/INFO]: Stopping worker threads
[22:33:59] [Render thread/INFO]: Started 1 worker threads
[22:33:59] [Render thread/WARN]: Unknown feature flag: minecraft:update_1_21
[22:33:59] [Render thread/WARN]: Unknown feature flag: minecraft:winter_drop
[22:34:00] [Render thread/WARN]: Unknown custom packed identifier: vv:server_details
[22:34:00] [Render thread/INFO]: [System] [CHAT] §eUpcoming restart at §600:00 Asia/Phnom_Penh§e.
[22:34:00] [Render thread/WARN]: Ignoring player info update for unknown player 48811bf6-bbfb-3fa9-b087-45fc8cfae90e
[22:34:00] [Render thread/WARN]: Ignoring player info update for unknown player 46fd49b0-eadb-3195-b9e0-3b94944a76fd
[22:34:00] [Render thread/WARN]: Ignoring player info update for unknown player acaebceb-de1c-3d3a-a173-ac777fdade3e
[22:34:00] [Render thread/WARN]: Ignoring player info update for unknown player f639701d-2c08-3709-b432-7bcdb8b235a0
[22:34:00] [Render thread/WARN]: Ignoring player info update for unknown player 00000000-0000-0000-0009-01fc6cab3d95
[22:34:00] [Render thread/WARN]: Ignoring player info update for unknown player 32830a00-bc42-3f35-a223-9e3d255223b4
[22:34:00] [Render thread/WARN]: Ignoring player info update for unknown player c60ae24e-503f-30bd-8371-2a62cf06aec7
[22:34:00] [Render thread/WARN]: Ignoring player info update for unknown player 00000000-0000-0000-0009-01fd254ae1eb
[22:34:00] [Render thread/WARN]: Ignoring player info update for unknown player 00000000-0000-0000-0009-01f90d2f8f42
[22:34:00] [Render thread/WARN]: Ignoring player info update for unknown player 00000000-0000-0000-0009-01f7933296d1
[22:34:00] [Render thread/WARN]: Ignoring player info update for unknown player 33762869-c286-439c-b9f1-66b0d61f2585
[22:34:00] [Render thread/WARN]: Ignoring player info update for unknown player f90bd763-1ead-462a-90d4-b719e1d1f593
[22:34:00] [Render thread/WARN]: Ignoring player info update for unknown player 00000000-0000-0000-0009-01f322bb5721
[22:34:00] [Render thread/WARN]: Ignoring player info update for unknown player 7c090f0c-9023-3676-87bd-18a656588ef3
[22:34:00] [Render thread/WARN]: Ignoring player info update for unknown player 8c468d16-e4d1-3389-a15b-dbcff6382fc6
[22:34:00] [Render thread/WARN]: Ignoring player info update for unknown player 3dc9bb10-17d1-3c50-84ba-d7c3998df088
[22:34:00] [Render thread/WARN]: Ignoring player info update for unknown player fdd5abe3-cc05-319e-8b68-00b4d990c544
[22:34:00] [Render thread/WARN]: Ignoring player info update for unknown player cd486a93-64cc-3000-af58-1d9c5e5137e7
[22:34:00] [Render thread/WARN]: Ignoring player info update for unknown player e7c17e2b-2e8f-372d-b538-164aa4d92484
[22:34:00] [Render thread/WARN]: Ignoring player info update for unknown player 00000000-0000-0000-0009-01f952d14b55
[22:34:00] [Render thread/WARN]: Ignoring player info update for unknown player b32ba229-4ffb-3ec7-8923-cec16f2c4287
[22:34:00] [Render thread/WARN]: Ignoring player info update for unknown player 00000000-0000-0000-0009-01f1ac72f6f0
[22:34:00] [Render thread/WARN]: Ignoring player info update for unknown player 00000000-0000-0000-0009-01fa3ec72449
[22:34:00] [Render thread/WARN]: Ignoring player info update for unknown player 00000000-0000-0000-0009-01f15486ba01
[22:34:00] [Render thread/WARN]: Ignoring player info update for unknown player 00000000-0000-0000-0009-01f7aed592d4
[22:34:00] [Render thread/INFO]: Loaded 8 advancements
[22:34:00] [Worker-Main-1/ERROR]: Textures payload has been tampered with (signature invalid)
[22:34:00] [Worker-Main-2/ERROR]: Textures payload has been tampered with (signature invalid)
[22:34:00] [Worker-Main-3/ERROR]: Textures payload has been tampered with (signature invalid)
[22:34:00] [Render thread/WARN]: Ignoring player info update for unknown player 10f97067-1fa9-3e4f-b2fa-34ad2c6d0bb3
[22:34:00] [Worker-Main-1/ERROR]: Textures payload has been tampered with (signature invalid)
[22:34:01] [Worker-Main-3/ERROR]: Textures payload has been tampered with (signature invalid)
[22:34:01] [Worker-Main-2/ERROR]: Textures payload has been tampered with (signature invalid)
[22:34:01] [Render thread/WARN]: Ignoring player info update for unknown player 00000000-0000-0000-0009-01f2cd26f77d
[22:34:02] [Worker-Main-2/ERROR]: Textures payload has been tampered with (signature invalid)
[22:34:02] [Worker-Main-1/ERROR]: Textures payload has been tampered with (signature invalid)
[22:34:02] [Worker-Main-1/ERROR]: Textures payload has been tampered with (signature invalid)
[22:34:02] [Render thread/WARN]: Ignoring player info update for unknown player a1ff4015-0298-3fde-83c7-1fd2b4f54d0b
[22:34:04] [Render thread/WARN]: Ignoring player info update for unknown player bc79e227-eb88-3758-b284-9a8cf31898d2
[22:34:04] [Render thread/WARN]: Ignoring player info update for unknown player d438d9b6-6096-36aa-bcd8-026abfcc69cf
[22:34:04] [Render thread/WARN]: Ignoring player info update for unknown player d438d9b6-6096-36aa-bcd8-026abfcc69cf
[22:34:05] [Render thread/INFO]: Stopping worker threads
[22:34:05] [Render thread/INFO]: Started 1 worker threads
[22:34:05] [Render thread/INFO]: Stopping worker threads
[22:34:05] [Render thread/INFO]: Started 1 worker threads
[22:34:05] [Render thread/INFO]: Stopping worker threads
[22:34:05] [Render thread/INFO]: Started 1 worker threads
[22:34:05] [Render thread/INFO]: Stopping worker threads
[22:34:05] [Render thread/INFO]: Started 1 worker threads
[22:34:05] [Render thread/WARN]: Unknown feature flag: minecraft:update_1_21
[22:34:05] [Render thread/WARN]: Unknown feature flag: minecraft:winter_drop
[22:34:05] [Render thread/WARN]: Not all defined tags for registry ResourceKey[minecraft:root / minecraft:block] are present in data pack: minecraft:dead_bush_may_place_on
[22:34:05] [Render thread/WARN]: Not all defined tags for registry ResourceKey[minecraft:root / minecraft:item] are present in data pack: minecraft:enchantable/sword
[22:34:06] [Render thread/WARN]: Unknown custom packed identifier: vv:server_details
[22:34:06] [Render thread/INFO]: [System] [CHAT] §eUpcoming restart at §619:00 Asia/Phnom_Penh§e.
[22:34:06] [Render thread/INFO]: Loaded 7 advancements
[22:34:06] [Render thread/WARN]: Entity class_745['ReivenBarron'/1589150, l='ClientLevel', x=0.48, y=65.00, z=0.30] does not have attribute null
[22:34:06] [Render thread/WARN]: Entity class_745['Salut_Sor'/1608846, l='ClientLevel', x=0.48, y=65.00, z=0.30] does not have attribute null
[22:34:06] [Render thread/WARN]: Entity class_745['itzchower'/1546737, l='ClientLevel', x=0.45, y=65.00, z=0.35] does not have attribute null
[22:34:06] [Render thread/WARN]: Entity class_745['Zarmloww'/1657642, l='ClientLevel', x=0.45, y=65.00, z=0.35] does not have attribute null
[22:34:06] [Render thread/WARN]: Entity class_745['LiNa005'/1648245, l='ClientLevel', x=0.48, y=65.00, z=0.30] does not have attribute null
[22:34:06] [Render thread/WARN]: Entity class_745['TMDTMD'/1610241, l='ClientLevel', x=0.48, y=65.00, z=0.30] does not have attribute null
[22:34:06] [Render thread/WARN]: Entity class_745['ccj1234'/1339503, l='ClientLevel', x=0.48, y=65.00, z=0.30] does not have attribute null
[22:34:06] [Render thread/WARN]: Entity class_745['HONORED'/1656939, l='ClientLevel', x=0.45, y=65.00, z=0.35] does not have attribute null
[22:34:06] [Render thread/WARN]: Entity class_745['yamca_vn'/1570815, l='ClientLevel', x=0.45, y=65.00, z=0.35] does not have attribute null
[22:34:06] [Render thread/WARN]: Entity class_745['ak_kboy'/1656174, l='ClientLevel', x=0.45, y=65.00, z=0.35] does not have attribute null
[22:34:06] [Render thread/WARN]: Entity class_745['JumPres1tM4ster2'/1593616, l='ClientLevel', x=0.48, y=65.00, z=0.30] does not have attribute null
[22:34:06] [Render thread/WARN]: Entity class_745['MuhammadAli2610'/1650249, l='ClientLevel', x=0.45, y=65.00, z=0.35] does not have attribute null
[22:34:06] [Render thread/WARN]: Entity class_745['Amieled'/1644715, l='ClientLevel', x=0.45, y=65.00, z=0.35] does not have attribute null
[22:34:06] [Render thread/WARN]: Entity class_745['dxyc_'/1640816, l='ClientLevel', x=0.45, y=65.00, z=0.35] does not have attribute null
[22:34:06] [Render thread/WARN]: Entity class_745['moha5727'/1657885, l='ClientLevel', x=1.73, y=65.75, z=-3.77] does not have attribute null
[22:34:06] [Render thread/WARN]: Entity class_745['vinhminebk'/1617694, l='ClientLevel', x=3.91, y=63.00, z=-12.28] does not have attribute null
[22:34:06] [Render thread/WARN]: Entity class_745['warsky'/1658238, l='ClientLevel', x=0.86, y=63.00, z=-15.73] does not have attribute null
[22:34:06] [Render thread/WARN]: Entity class_745['Nightex'/1657578, l='ClientLevel', x=2.95, y=65.00, z=-2.64] does not have attribute null
[22:34:06] [Render thread/WARN]: Entity class_745['2221qe'/1656169, l='ClientLevel', x=1.04, y=63.00, z=-14.06] does not have attribute null
[22:34:06] [Render thread/WARN]: Entity class_745['HaryTra_'/1656387, l='ClientLevel', x=0.55, y=65.00, z=-3.65] does not have attribute null
[22:34:06] [Render thread/WARN]: Entity class_745['Im_God_Tzz'/1612698, l='ClientLevel', x=0.46, y=65.00, z=-3.66] does not have attribute null
[22:34:06] [Render thread/WARN]: Entity class_745['Chrispert12'/1658171, l='ClientLevel', x=-7.46, y=66.00, z=-14.38] does not have attribute null
[22:34:06] [Render thread/WARN]: Entity class_745['.mgk12582962'/1655436, l='ClientLevel', x=-1.38, y=65.00, z=-0.30] does not have attribute null
[22:34:06] [Render thread/WARN]: Entity class_745['.KN7_SASUKE'/1647487, l='ClientLevel', x=-2.17, y=64.25, z=-6.34] does not have attribute null
[22:34:06] [Render thread/WARN]: Entity class_745['Beodfff'/1658102, l='ClientLevel', x=-1.18, y=63.00, z=-12.12] does not have attribute null
[22:34:06] [Render thread/WARN]: Entity class_745['.OPPO_BRO_MIX'/1656184, l='ClientLevel', x=-1.79, y=65.00, z=-2.60] does not have attribute null
[22:34:06] [Render thread/WARN]: Entity class_745['Im_God_Tzz'/1612698, l='ClientLevel', x=-0.23, y=65.75, z=-4.59] does not have attribute null
[22:34:06] [Render thread/WARN]: Entity class_745['warsky'/1658238, l='ClientLevel', x=0.95, y=64.25, z=-18.01] does not have attribute null
[22:34:06] [Render thread/WARN]: Entity class_745['vRemz3M_'/1657877, l='ClientLevel', x=0.47, y=63.00, z=-19.07] does not have attribute null
[22:34:06] [Render thread/WARN]: Entity class_745['DynamicFlamee'/1648917, l='ClientLevel', x=3.28, y=63.00, z=-25.76] does not have attribute null
[22:34:06] [Render thread/WARN]: Entity class_745['Kaelith_'/1524652, l='ClientLevel', x=9.78, y=64.00, z=-21.97] does not have attribute null
[22:34:06] [Render thread/WARN]: Entity class_745['gatau987'/1658172, l='ClientLevel', x=12.59, y=67.17, z=-30.15] does not have attribute null
[22:34:06] [Render thread/WARN]: Entity class_745['Hhziny4555'/1655311, l='ClientLevel', x=13.70, y=63.00, z=-31.54] does not have attribute null
[22:34:06] [Render thread/WARN]: Entity class_745['Zayonist'/1645852, l='ClientLevel', x=3.23, y=63.00, z=-34.86] does not have attribute null
[22:34:06] [Render thread/WARN]: Entity class_745['Tany'/1657880, l='ClientLevel', x=11.35, y=63.00, z=-39.86] does not have attribute null
[22:34:06] [Render thread/WARN]: Entity class_745['black_boy_max'/1641372, l='ClientLevel', x=2.07, y=63.00, z=-41.97] does not have attribute null
[22:34:06] [Render thread/WARN]: Entity class_745['R7yuk'/1657161, l='ClientLevel', x=12.44, y=64.12, z=-42.68] does not have attribute null
[22:34:06] [Render thread/WARN]: Entity class_745['XM7373'/1652015, l='ClientLevel', x=4.65, y=63.00, z=-38.45] does not have attribute null
[22:34:06] [Render thread/WARN]: Entity class_745['princebenladin'/1657054, l='ClientLevel', x=10.61, y=63.00, z=-34.72] does not have attribute null
[22:34:06] [Render thread/WARN]: Entity class_745['ItzEms'/1651698, l='ClientLevel', x=1.82, y=64.25, z=-41.16] does not have attribute null
[22:34:06] [Render thread/WARN]: Entity class_745['EDONO'/1540201, l='ClientLevel', x=-0.44, y=63.00, z=-29.39] does not have attribute null
[22:34:06] [Render thread/WARN]: Entity class_745['cocxka'/1574662, l='ClientLevel', x=-0.19, y=63.00, z=-18.23] does not have attribute null
[22:34:06] [Render thread/WARN]: Entity class_745['Prince_Nha'/1555877, l='ClientLevel', x=-2.45, y=63.12, z=-25.17] does not have attribute null
[22:34:06] [Render thread/WARN]: Entity class_745['k1mczx'/1649257, l='ClientLevel', x=-13.71, y=65.44, z=-31.96] does not have attribute null
[22:34:06] [Render thread/WARN]: Entity class_745['Narlu'/1617659, l='ClientLevel', x=-1.01, y=63.00, z=-39.40] does not have attribute null
[22:34:06] [Render thread/WARN]: Entity class_745['Yama_XD'/1611877, l='ClientLevel', x=-11.25, y=64.00, z=-39.34] does not have attribute null
[22:34:06] [Render thread/WARN]: Entity class_745['Ht1nns'/1587623, l='ClientLevel', x=-7.23, y=63.00, z=-40.04] does not have attribute null
[22:34:06] [Render thread/WARN]: Entity class_745['KachMesBroJo'/1600905, l='ClientLevel', x=-3.42, y=63.00, z=-35.75] does not have attribute null
[22:34:06] [Render thread/WARN]: Entity class_745['rafaellozzz'/1656401, l='ClientLevel', x=0.48, y=65.00, z=0.30] does not have attribute null
[22:34:07] [Worker-Main-2/ERROR]: Textures payload has been tampered with (signature invalid)
[22:34:07] [Worker-Main-3/ERROR]: Textures payload has been tampered with (signature invalid)
[22:34:07] [Worker-Main-2/ERROR]: Textures payload has been tampered with (signature invalid)
[22:34:07] [Render thread/WARN]: Entity class_745['.WildWinner2471'/1658341, l='ClientLevel', x=0.48, y=65.00, z=0.30] does not have attribute null
[22:34:07] [Render thread/WARN]: Entity class_745['.WildWinner2471'/1658341, l='ClientLevel', x=0.48, y=65.00, z=0.30] does not have attribute null
[22:34:07] [Render thread/WARN]: Entity class_745['Azen_sai'/1613506, l='ClientLevel', x=-1.10, y=63.00, z=-48.70] does not have attribute null
[22:34:07] [Render thread/WARN]: Entity class_745['Yamatoo'/1657876, l='ClientLevel', x=-1.04, y=64.00, z=-49.56] does not have attribute null
[22:34:08] [Render thread/WARN]: Entity class_745['AnhDepTrai9408'/1658367, l='ClientLevel', x=0.48, y=65.00, z=0.30] does not have attribute null
[22:34:08] [Render thread/WARN]: Entity class_745['AnhDepTrai9408'/1658367, l='ClientLevel', x=0.48, y=65.00, z=0.30] does not have attribute null
[22:34:10] [Render thread/WARN]: Entity class_745['agentcornelius'/1658352, l='ClientLevel', x=0.48, y=65.00, z=0.30] does not have attribute null
[22:34:10] [Render thread/WARN]: Entity class_745['RandomioGames'/1657881, l='ClientLevel', x=0.15, y=63.00, z=-53.70] does not have attribute null
[22:34:10] [Render thread/INFO]: [System] [CHAT] ☠ cs2 ᴡᴀs ᴋɪʟʟᴇᴅ ʙʏ 🗡 Azift
[22:34:10] [Render thread/WARN]: Entity class_745['Quagmire04'/1657879, l='ClientLevel', x=6.01, y=66.00, z=-56.52] does not have attribute null
[22:34:12] [Render thread/INFO]: [System] [CHAT] ☠ Yamin_JAVA ᴡᴀs ᴋɪʟʟᴇᴅ ʙʏ 🗡 LordRuthless
[22:34:14] [Render thread/WARN]: Entity class_745['Yamin_JAVA'/1619470, l='ClientLevel', x=0.48, y=65.00, z=0.30] does not have attribute null
[22:34:14] [Render thread/INFO]: [Not Secure] [CHAT] DeathDeities ➤ LordRuthless NinjaK lets train spear mace?
[22:34:16] [Render thread/INFO]: [Not Secure] [CHAT] FlowIsNotHim ➤ hi I'm new to pvp pls go easy on me
[22:34:16] [Render thread/WARN]: Entity class_745['FantasticScott'/1658477, l='ClientLevel', x=0.48, y=65.00, z=0.30] does not have attribute null
[22:34:16] [Render thread/WARN]: Entity class_745['FantasticScott'/1658477, l='ClientLevel', x=0.48, y=65.00, z=0.30] does not have attribute null
[22:34:16] [Render thread/WARN]: Entity class_745['PRIME_HARSH'/1658534, l='ClientLevel', x=0.48, y=65.00, z=0.30] does not have attribute null
[22:34:16] [Render thread/WARN]: Entity class_745['PRIME_HARSH'/1658534, l='ClientLevel', x=0.48, y=65.00, z=0.30] does not have attribute null
[22:34:17] [Render thread/WARN]: Entity class_745['devotion_true'/1649267, l='ClientLevel', x=15.31, y=71.00, z=-69.90] does not have attribute null
[22:34:17] [Render thread/WARN]: Entity class_745['Judelowdoes69420'/1658535, l='ClientLevel', x=0.48, y=65.00, z=0.30] does not have attribute null
[22:34:17] [Render thread/WARN]: Entity class_745['Judelowdoes69420'/1658535, l='ClientLevel', x=0.48, y=65.00, z=0.30] does not have attribute null
[22:34:17] [Render thread/INFO]: [Not Secure] [CHAT] NinjaK ➤ ight bet
[22:34:18] [Render thread/WARN]: Entity class_745['Neya'/1478590, l='ClientLevel', x=5.81, y=71.00, z=-72.87] does not have attribute null
[22:34:18] [Render thread/WARN]: Entity class_745['CaT4T0n1c_4nG3L'/1658559, l='ClientLevel', x=0.48, y=65.00, z=0.30] does not have attribute null
[22:34:18] [Render thread/WARN]: Entity class_745['CaT4T0n1c_4nG3L'/1658559, l='ClientLevel', x=0.48, y=65.00, z=0.30] does not have attribute null
[22:34:18] [Render thread/WARN]: Entity class_745['NinjaK'/1595662, l='ClientLevel', x=0.48, y=65.00, z=0.30] does not have attribute null
[22:34:18] [Render thread/WARN]: Entity class_745['namdemon8'/1658564, l='ClientLevel', x=0.48, y=65.00, z=0.30] does not have attribute null
[22:34:18] [Render thread/WARN]: Entity class_745['namdemon8'/1658564, l='ClientLevel', x=0.48, y=65.00, z=0.30] does not have attribute null
[22:34:19] [Render thread/INFO]: [System] [CHAT] ☠ Bruti ᴡᴀs ᴋɪʟʟᴇᴅ ʙʏ 🗡 TainG12
[22:34:19] [Render thread/INFO]: [System] [CHAT] ☠ kilue_ty ᴡᴀs ᴋɪʟʟᴇᴅ ʙʏ 🗡 AOUCHI
[22:34:19] [Render thread/INFO]: [System] [CHAT] ☠ Itzmejorge ᴡᴀs ᴋɪʟʟᴇᴅ ʙʏ 🗡 Colacoca_HT1
[22:34:20] [Render thread/WARN]: Entity class_745['Bruti'/1544633, l='ClientLevel', x=0.48, y=65.00, z=0.30] does not have attribute null
[22:34:20] [Render thread/WARN]: Entity class_745['Toxynity'/1650107, l='ClientLevel', x=23.52, y=77.00, z=-81.90] does not have attribute null
[22:34:20] [Render thread/WARN]: Entity class_745['Itzmejorge'/1594863, l='ClientLevel', x=0.48, y=65.00, z=0.30] does not have attribute null
[22:34:23] [Render thread/INFO]: [System] [CHAT] ☠ U_Kak ᴡᴀs ᴋɪʟʟᴇᴅ ʙʏ 🗡 Azift
[22:34:24] [Render thread/WARN]: Entity class_745['FantasticScott'/1658477, l='ClientLevel', x=2.72, y=64.02, z=-26.61] does not have attribute null
[22:34:24] [Render thread/INFO]: [System] [CHAT] ☠ conexion03 ᴡᴀs ᴋɪʟʟᴇᴅ ʙʏ 🗡 DarkLord_Gamer
[22:34:24] [Render thread/INFO]: [System] [CHAT] ☠ .FoundLegedary ᴡᴀs ᴋɪʟʟᴇᴅ ʙʏ 🗡 Larmar
[22:34:25] [Render thread/INFO]: [System] [CHAT] ☠ zeropogi ᴡᴀs ᴋɪʟʟᴇᴅ ʙʏ 🗡 jazzkld344
[22:34:28] [Render thread/INFO]: [System] [CHAT] ☠ Im_God_Tzz ᴡᴀs ᴋɪʟʟᴇᴅ ʙʏ 🗡 Tommy6969
[22:34:30] [Render thread/INFO]: [System] [CHAT] ☠ Saad_Gaming_XD ᴡᴀs ᴋɪʟʟᴇᴅ ʙʏ 🗡 creedin2k
[22:34:30] [Render thread/INFO]: [System] [CHAT] 
[22:34:30] [Render thread/INFO]: [System] [CHAT]  mithuee ᴡᴀs ᴋɪᴄᴋᴇᴅ ʙʏ  
[22:34:30] [Render thread/WARN]: Entity class_745['R7yuk'/1657161, l='ClientLevel', x=1.88, y=64.75, z=-49.61] does not have attribute null
[22:34:30] [Render thread/INFO]: [System] [CHAT] ☠ Tany ᴡᴀs ᴋɪʟʟᴇᴅ ʙʏ 🗡 qeexy
[22:34:34] [Render thread/WARN]: Entity class_745['.OPPO_BRO_MIX'/1656184, l='ClientLevel', x=5.61, y=63.00, z=-40.73] does not have attribute null
[22:34:35] [Render thread/INFO]: [System] [CHAT] ☠ milhanplayz ᴡᴀs ᴋɪʟʟᴇᴅ ʙʏ 🗡 ItsArsalan_
[22:34:39] [Render thread/INFO]: [System] [CHAT] ☠ MobSlayer16 ᴡᴀs ᴋɪʟʟᴇᴅ ʙʏ 🗡 LordRuthless
[22:34:41] [Render thread/INFO]: [System] [CHAT] ☠ .WaxyMonkey9244 ᴡᴀs ᴋɪʟʟᴇᴅ ʙʏ 🗡 ITz_kaizen
[22:34:44] [Render thread/INFO]: [System] [CHAT] ☠ U_Kak ᴡᴀs ᴋɪʟʟᴇᴅ ʙʏ 🗡 Tommy6969
[22:34:44] [Render thread/INFO]: [System] [CHAT] ☠ cocxka ᴡᴀs ᴋɪʟʟᴇᴅ ʙʏ 🗡 Larmar
[22:34:45] [Render thread/INFO]: [System] [CHAT] ☠ ChaNdraPaaaala ᴡᴀs ᴋɪʟʟᴇᴅ ʙʏ 🗡 tikekoc1102
[22:34:46] [Render thread/INFO]: [System] [CHAT] ☠ abupogi123 ᴡᴀs ᴋɪʟʟᴇᴅ ʙʏ 🗡 conexion03
[22:34:47] [Render thread/INFO]: [System] [CHAT] ☠ Colacoca_HT1 ᴡᴀs ᴋɪʟʟᴇᴅ ʙʏ 🗡 DarkLord_Gamer
[22:34:48] [Render thread/INFO]: [Not Secure] [CHAT] LordRuthless ➤ alr ima eat rq
[22:34:49] [Render thread/INFO]: [System] [CHAT] ☠ NathingMC ᴡᴀs ᴋɪʟʟᴇᴅ ʙʏ 🗡 TainG12
[22:34:49] [Render thread/INFO]: [System] [CHAT] ☠ oudombunlygamer ᴡᴀs ᴋɪʟʟᴇᴅ ʙʏ 🗡 BANIS_PAKAYA
[22:34:51] [Render thread/INFO]: [System] [CHAT] ☠ Azen_sai ᴡᴀs ᴋɪʟʟᴇᴅ ʙʏ 🗡 thammmmyet
[22:34:57] [Render thread/INFO]: [System] [CHAT] ☠ NInja_juktnam ᴡᴀs ᴋɪʟʟᴇᴅ ʙʏ 🗡 ItzZen
[22:34:59] [Render thread/INFO]: [System] [CHAT] ☠ mj206 ᴡᴀs ᴋɪʟʟᴇᴅ ʙʏ 🗡 BigDogWasantha
[22:34:59] [Render thread/INFO]: [System] [CHAT] ☠ ZeniManTH ᴡᴀs ᴋɪʟʟᴇᴅ ʙʏ 🗡 Straybornn
[22:35:00] [Render thread/INFO]: [System] [CHAT] ☠ Sunsetzq ᴡᴀs ᴋɪʟʟᴇᴅ ʙʏ 🗡 Zyydo6mes
[22:35:00] [Render thread/INFO]: [System] [CHAT] ☠ OunTamafia ᴡᴀs ᴋɪʟʟᴇᴅ ʙʏ 🗡 agentcornelius
[22:35:02] [Render thread/INFO]: [System] [CHAT] ☠ Yamatoo ᴡᴀs ᴋɪʟʟᴇᴅ ʙʏ 🗡 kamil_jr
[22:35:03] [Render thread/INFO]: [System] [CHAT] ☠ Tany ᴡᴀs ᴋɪʟʟᴇᴅ ʙʏ 🗡 qeexy
[22:35:06] [Render thread/INFO]: [System] [CHAT] ☠ Engine_0il ᴡᴀs ᴋɪʟʟᴇᴅ ʙʏ 🗡 Manecjayzo
[22:35:06] [Render thread/INFO]: [Not Secure] [CHAT] jadkung ➤ what r u donig
[22:35:06] [Render thread/INFO]: [System] [CHAT] ☠ ITz_kaizen ᴡᴀs ᴋɪʟʟᴇᴅ ʙʏ 🗡 Uchiha_Hengg
[22:35:06] [Render thread/WARN]: Entity class_745['Toxynity'/1650107, l='ClientLevel', x=23.52, y=77.00, z=-81.90] does not have attribute null
[22:35:06] [Render thread/WARN]: Entity class_745['devotion_true'/1649267, l='ClientLevel', x=15.31, y=71.00, z=-69.90] does not have attribute null
[22:35:07] [Render thread/INFO]: [System] [CHAT] ☠ progamer_098 ᴡᴀs ᴋɪʟʟᴇᴅ ʙʏ 🗡 zxsw
[22:35:07] [Render thread/WARN]: Entity class_745['EDONO'/1540201, l='ClientLevel', x=10.77, y=72.17, z=-65.52] does not have attribute null
[22:35:08] [Render thread/INFO]: [System] [CHAT] ☠ Larmar ᴡᴀs ᴋɪʟʟᴇᴅ ʙʏ 🗡 cocxka
[22:35:08] [Render thread/WARN]: Entity class_745['Neya'/1478590, l='ClientLevel', x=5.81, y=71.00, z=-72.87] does not have attribute null
[22:35:08] [Render thread/WARN]: Entity class_745['ZeniManTH'/1572776, l='ClientLevel', x=6.44, y=63.00, z=-47.70] does not have attribute null
[22:35:09] [Render thread/WARN]: Entity class_745['ItzEms'/1659220, l='ClientLevel', x=4.27, y=64.50, z=-55.01] does not have attribute null
[22:35:09] [Render thread/INFO]: [Not Secure] [CHAT] jadkung ➤ doing
[22:35:09] [Render thread/INFO]: [System] [CHAT] ☠ Im_God_Tzz ᴡᴀs ᴋɪʟʟᴇᴅ ʙʏ 🗡 Tommy6969
[22:35:11] [Render thread/WARN]: Entity class_745['XM7373'/1652015, l='ClientLevel', x=9.36, y=63.00, z=-39.73] does not have attribute null
[22:35:11] [Render thread/INFO]: [System] [CHAT] §a✦ §fJoined §e§esᴡᴏʀᴅ §7queue §8▪ §7/queue leave to cancel
[22:35:13] [Render thread/WARN]: Entity class_745['ItzEms'/1659220, l='ClientLevel', x=3.74, y=66.00, z=-56.94] does not have attribute null
[22:35:13] [Render thread/WARN]: Entity class_745['RandomioGames'/1659411, l='ClientLevel', x=6.51, y=63.00, z=-44.19] does not have attribute null
[22:35:13] [Render thread/WARN]: Entity class_745['JumPres1tM4ster2'/1593616, l='ClientLevel', x=9.29, y=64.00, z=-38.58] does not have attribute null
[22:35:13] [Render thread/INFO]: [System] [CHAT] ☠ namdemon8 ᴡᴀs ᴋɪʟʟᴇᴅ ʙʏ 🗡 .FoundLegedary
[22:35:13] [Render thread/WARN]: Entity class_745['ZeniManTH'/1572776, l='ClientLevel', x=1.90, y=72.25, z=-67.31] does not have attribute null
[22:35:15] [Render thread/INFO]: Stopping worker threads
[22:35:15] [Render thread/INFO]: Started 1 worker threads
[22:35:15] [Render thread/INFO]: Stopping worker threads
[22:35:15] [Render thread/INFO]: Started 1 worker threads
[22:35:15] [Render thread/WARN]: Unknown feature flag: minecraft:update_1_21
[22:35:15] [Render thread/WARN]: Unknown feature flag: minecraft:winter_drop
[22:35:15] [Render thread/WARN]: Not all defined tags for registry ResourceKey[minecraft:root / minecraft:block] are present in data pack: minecraft:dead_bush_may_place_on
[22:35:15] [Render thread/WARN]: Not all defined tags for registry ResourceKey[minecraft:root / minecraft:item] are present in data pack: minecraft:enchantable/sword
[22:35:16] [Render thread/WARN]: Unknown custom packed identifier: vv:server_details
[22:35:16] [Render thread/INFO]: [System] [CHAT] §eUpcoming restart at §619:00 Asia/Phnom_Penh§e.
[22:35:16] [Render thread/INFO]: Stopping worker threads
[22:35:16] [Render thread/INFO]: Started 1 worker threads
[22:35:16] [Render thread/INFO]: Stopping worker threads
[22:35:16] [Render thread/INFO]: Started 1 worker threads
[22:35:16] [Render thread/INFO]: Stopping worker threads
[22:35:16] [Render thread/INFO]: Started 1 worker threads
[22:35:16] [Render thread/INFO]: Stopping worker threads
[22:35:16] [Render thread/INFO]: Started 1 worker threads
[22:35:16] [Render thread/INFO]: Loaded 2 advancements
[22:35:16] [Render thread/INFO]: Stopping worker threads
[22:35:16] [Render thread/INFO]: Started 1 worker threads
[22:35:16] [Render thread/INFO]: Stopping worker threads
[22:35:16] [Render thread/INFO]: Started 1 worker threads
[22:35:16] [Render thread/INFO]: [System] [CHAT] ⏳ Waiting for opponent...
[22:35:16] [Render thread/INFO]: [System] [CHAT] §8§m-------------------------
[22:35:16] [Render thread/INFO]: [System] [CHAT]  ⚔ khanhnotbruh ᴠs RandomioGames
[22:35:16] [Render thread/INFO]: [System] [CHAT]  ⬥ ꜰɪʀsᴛ ᴛᴏ 2
[22:35:16] [Render thread/INFO]: [System] [CHAT] §8§m-------------------------
[22:35:16] [Render thread/WARN]: Received passengers for unknown entity
[22:35:19] [Render thread/WARN]: Received passengers for unknown entity
[22:35:20] [Render thread/INFO]: Loaded 9 advancements
[22:35:24] [Render thread/WARN]: Received passengers for unknown entity
[22:35:24] [Render thread/WARN]: Entity class_745['RandomioGames'/437392, l='ClientLevel', x=3000.25, y=65.00, z=-25.06] does not have attribute null
[22:35:42] [Render thread/WARN]: Received passengers for unknown entity
[22:35:53] [Render thread/WARN]: Received passengers for unknown entity
[22:36:04] [Render thread/INFO]: [System] [CHAT] §8§m------------------------------
[22:36:04] [Render thread/INFO]: [System] [CHAT]  ✦ RandomioGames ᴡɪɴs ᴛʜᴇ ʀᴏᴜɴᴅ ❤ 1.2\n   1 — 0
[22:36:04] [Render thread/INFO]: [System] [CHAT] §8§m------------------------------
[22:36:04] [Render thread/INFO]: Loaded 48 advancements
[22:36:05] [Render thread/WARN]: Entity class_745['RandomioGames'/437392, l='ClientLevel', x=3019.70, y=66.15, z=-26.51] does not have attribute null
[22:36:05] [Render thread/WARN]: Ignoring player info update for unknown player 41f41a5e-94ce-31c2-ac9e-25f3bc82c6c6
[22:36:20] [Render thread/WARN]: Entity class_745['RandomioGames'/437392, l='ClientLevel', x=3000.48, y=65.75, z=-30.24] does not have attribute null
[22:36:47] [Render thread/INFO]: [System] [CHAT] §8§m------------------------------
[22:36:47] [Render thread/INFO]: [System] [CHAT]  ★ RandomioGames ᴠɪᴄᴛᴏʀʏ! ❤ 7.9
[22:36:47] [Render thread/INFO]: [System] [CHAT] §8§m------------------------------
[22:36:47] [Render thread/WARN]: Entity class_745['RandomioGames'/437392, l='ClientLevel', x=3008.27, y=66.14, z=-18.07] does not have attribute null
[22:36:50] [Render thread/INFO]: [System] [CHAT] §c[Duel] You are not in a duel. Returning you to lobby.
[22:36:50] [Render thread/INFO]: Stopping worker threads
[22:36:50] [Render thread/INFO]: Started 1 worker threads
[22:36:50] [Render thread/INFO]: Stopping worker threads
[22:36:50] [Render thread/INFO]: Started 1 worker threads
[22:36:50] [Render thread/INFO]: Stopping worker threads
[22:36:50] [Render thread/INFO]: Started 1 worker threads
[22:36:50] [Render thread/INFO]: Stopping worker threads
[22:36:50] [Render thread/INFO]: Started 1 worker threads
[22:36:50] [Render thread/WARN]: Unknown feature flag: minecraft:update_1_21
[22:36:50] [Render thread/WARN]: Unknown feature flag: minecraft:winter_drop
[22:36:50] [Render thread/WARN]: Not all defined tags for registry ResourceKey[minecraft:root / minecraft:block] are present in data pack: minecraft:dead_bush_may_place_on
[22:36:50] [Render thread/WARN]: Not all defined tags for registry ResourceKey[minecraft:root / minecraft:item] are present in data pack: minecraft:enchantable/sword
[22:36:51] [Render thread/WARN]: Unknown custom packed identifier: vv:server_details
[22:36:51] [Render thread/INFO]: [System] [CHAT] §eUpcoming restart at §619:00 Asia/Phnom_Penh§e.
[22:36:51] [Render thread/INFO]: Loaded 7 advancements
[22:36:51] [Render thread/INFO]: [System] [CHAT] ☠ all_kit ᴡᴀs ᴋɪʟʟᴇᴅ ʙʏ 🗡 SprngHlJn2
[22:36:51] [Render thread/WARN]: Entity class_745['ReivenBarron'/1589150, l='ClientLevel', x=0.48, y=65.00, z=0.30] does not have attribute null
[22:36:51] [Render thread/WARN]: Entity class_745['KingerXD'/1662356, l='ClientLevel', x=0.45, y=65.00, z=0.35] does not have attribute null
[22:36:51] [Render thread/WARN]: Entity class_745['Bruti'/1544633, l='ClientLevel', x=0.48, y=65.00, z=0.30] does not have attribute null
[22:36:51] [Render thread/WARN]: Entity class_745['.Kimdan1050'/1662664, l='ClientLevel', x=0.48, y=65.00, z=0.30] does not have attribute null
[22:36:51] [Render thread/WARN]: Entity class_745['itzchower'/1546737, l='ClientLevel', x=0.45, y=65.00, z=0.35] does not have attribute null
[22:36:51] [Render thread/WARN]: Entity class_745['Amieled'/1644715, l='ClientLevel', x=0.45, y=65.00, z=0.35] does not have attribute null
[22:36:51] [Render thread/WARN]: Entity class_745['TMDTMD'/1610241, l='ClientLevel', x=0.48, y=65.00, z=0.30] does not have attribute null
[22:36:51] [Render thread/WARN]: Entity class_745['xioness123'/1662943, l='ClientLevel', x=0.45, y=65.00, z=0.35] does not have attribute null
[22:36:51] [Render thread/WARN]: Entity class_745['ccj1234'/1339503, l='ClientLevel', x=0.48, y=65.00, z=0.30] does not have attribute null
[22:36:51] [Render thread/WARN]: Entity class_745['dxyc_'/1640816, l='ClientLevel', x=0.45, y=65.00, z=0.35] does not have attribute null
[22:36:51] [Render thread/WARN]: Entity class_745['yamca_vn'/1570815, l='ClientLevel', x=0.45, y=65.00, z=0.35] does not have attribute null
[22:36:51] [Render thread/WARN]: Entity class_745['Tuguim_GG'/1663168, l='ClientLevel', x=0.45, y=65.00, z=0.35] does not have attribute null
[22:36:51] [Render thread/WARN]: Entity class_745['SimplySimoo'/1662514, l='ClientLevel', x=0.45, y=65.00, z=0.35] does not have attribute null
[22:36:51] [Render thread/WARN]: Entity class_745['namdemon8'/1658564, l='ClientLevel', x=0.48, y=65.00, z=0.30] does not have attribute null
[22:36:51] [Render thread/WARN]: Entity class_745['vyzxyy'/1643459, l='ClientLevel', x=0.48, y=65.00, z=0.30] does not have attribute null
[22:36:51] [Render thread/WARN]: Entity class_745['xyernken'/1661214, l='ClientLevel', x=0.45, y=65.00, z=0.35] does not have attribute null
[22:36:51] [Render thread/WARN]: Entity class_745['MuhammadAli2610'/1650249, l='ClientLevel', x=0.45, y=65.00, z=0.35] does not have attribute null
[22:36:51] [Render thread/WARN]: Entity class_745['.Sith_bosyy'/1660335, l='ClientLevel', x=0.39, y=65.00, z=0.07] does not have attribute null
[22:36:51] [Render thread/WARN]: Entity class_745['AuraCurse'/1663515, l='ClientLevel', x=0.45, y=65.00, z=0.35] does not have attribute null
[22:36:51] [Render thread/WARN]: Entity class_745['Azift'/1442039, l='ClientLevel', x=0.48, y=65.00, z=0.30] does not have attribute null
[22:36:51] [Render thread/WARN]: Entity class_745['DrDivinic'/1662663, l='ClientLevel', x=0.45, y=65.00, z=0.35] does not have attribute null
[22:36:51] [Render thread/WARN]: Entity class_745['bob1dde3'/1661091, l='ClientLevel', x=0.48, y=65.00, z=0.30] does not have attribute null
[22:36:51] [Render thread/WARN]: Entity class_745['Beodfff'/1663683, l='ClientLevel', x=0.45, y=65.00, z=0.35] does not have attribute null
[22:36:51] [Render thread/WARN]: Entity class_745['mj206'/1532948, l='ClientLevel', x=0.48, y=65.00, z=0.30] does not have attribute null
[22:36:51] [Render thread/WARN]: Entity class_745['RandomioGames'/1663685, l='ClientLevel', x=0.45, y=65.00, z=0.35] does not have attribute null
[22:36:51] [Render thread/WARN]: Entity class_745['RandomioGames'/1663685, l='ClientLevel', x=0.45, y=65.00, z=0.35] does not have attribute null
[22:36:51] [Render thread/WARN]: Entity class_745['itz_keza'/1663684, l='ClientLevel', x=0.48, y=65.00, z=0.30] does not have attribute null
[22:36:51] [Render thread/WARN]: Entity class_745['itz_keza'/1663684, l='ClientLevel', x=0.48, y=65.00, z=0.30] does not have attribute null
[22:36:51] [Render thread/WARN]: Entity class_745['ZenntoGG'/1587078, l='ClientLevel', x=-0.07, y=65.00, z=0.24] does not have attribute null
[22:36:51] [Render thread/WARN]: Entity class_745['.OPPO_BRO_MIX'/1662668, l='ClientLevel', x=0.28, y=65.00, z=-4.07] does not have attribute null
[22:36:51] [Render thread/WARN]: Entity class_745['puk_ah_kper'/1650098, l='ClientLevel', x=0.48, y=65.00, z=-4.61] does not have attribute null
[22:36:51] [Render thread/WARN]: Entity class_745['Beruin'/1663405, l='ClientLevel', x=0.45, y=65.00, z=-2.08] does not have attribute null
[22:36:51] [Render thread/WARN]: Entity class_745['weweDVD'/1659425, l='ClientLevel', x=3.64, y=63.00, z=-14.88] does not have attribute null
[22:36:51] [Render thread/WARN]: Entity class_745['monking'/1662667, l='ClientLevel', x=5.21, y=63.50, z=-13.62] does not have attribute null
[22:36:51] [Render thread/WARN]: Entity class_745['Colentine'/1662942, l='ClientLevel', x=2.74, y=63.00, z=-9.97] does not have attribute null
[22:36:51] [Render thread/WARN]: Entity class_745['Nightex'/1662179, l='ClientLevel', x=7.43, y=68.00, z=-5.45] does not have attribute null
[22:36:51] [Render thread/WARN]: Entity class_745['Spider_Fox'/1663436, l='ClientLevel', x=0.46, y=65.00, z=-2.75] does not have attribute null
[22:36:51] [Render thread/WARN]: Entity class_745['khoisc'/1658744, l='ClientLevel', x=-1.28, y=64.50, z=-6.04] does not have attribute null
[22:36:51] [Render thread/WARN]: Entity class_745['winelight'/1602794, l='ClientLevel', x=-0.36, y=63.00, z=-14.15] does not have attribute null
[22:36:51] [Render thread/WARN]: Entity class_745['itnotme'/1660765, l='ClientLevel', x=-2.15, y=65.00, z=-1.05] does not have attribute null
[22:36:51] [Render thread/WARN]: Entity class_745['_STR33R1Z'/1663158, l='ClientLevel', x=25.38, y=66.18, z=-8.22] does not have attribute null
[22:36:51] [Render thread/WARN]: Entity class_745['vinhminebk'/1617694, l='ClientLevel', x=9.14, y=65.00, z=-25.87] does not have attribute null
[22:36:51] [Render thread/WARN]: Entity class_745['DynamicFlamee'/1648917, l='ClientLevel', x=3.81, y=63.00, z=-23.30] does not have attribute null
[22:36:51] [Render thread/WARN]: Entity class_745['Kaelith_'/1524652, l='ClientLevel', x=9.78, y=64.00, z=-21.97] does not have attribute null
[22:36:51] [Render thread/WARN]: Entity class_745['yama008'/1663023, l='ClientLevel', x=9.21, y=67.00, z=-26.75] does not have attribute null
[22:36:51] [Render thread/WARN]: Entity class_745['ellunroo'/1660592, l='ClientLevel', x=7.80, y=63.50, z=-24.66] does not have attribute null
[22:36:51] [Render thread/WARN]: Entity class_745['k1mczx'/1649257, l='ClientLevel', x=-13.88, y=65.44, z=-31.66] does not have attribute null
[22:36:51] [Render thread/WARN]: Entity class_745['AHnek2000'/1662730, l='ClientLevel', x=-0.45, y=63.00, z=-18.24] does not have attribute null
[22:36:51] [Render thread/WARN]: Entity class_745['flowii_'/1662355, l='ClientLevel', x=-0.14, y=63.00, z=-21.62] does not have attribute null
[22:36:51] [Worker-Main-2/ERROR]: Textures payload has been tampered with (signature invalid)
[22:36:51] [Render thread/WARN]: Entity class_745['Zayonist'/1645852, l='ClientLevel', x=3.23, y=63.00, z=-34.86] does not have attribute null
[22:36:51] [Render thread/WARN]: Entity class_745['progamer_098'/1643244, l='ClientLevel', x=4.70, y=63.00, z=-42.05] does not have attribute null
[22:36:51] [Render thread/WARN]: Entity class_745['kingsalamat'/1662743, l='ClientLevel', x=0.42, y=63.00, z=-45.04] does not have attribute null
[22:36:51] [Render thread/WARN]: Entity class_745['Lyone_'/1660735, l='ClientLevel', x=0.41, y=63.00, z=-33.30] does not have attribute null
[22:36:51] [Render thread/WARN]: Entity class_745['hamzzzzz'/1660808, l='ClientLevel', x=6.57, y=63.00, z=-44.54] does not have attribute null
[22:36:51] [Render thread/WARN]: Entity class_745['AaYushBhaii'/1662978, l='ClientLevel', x=1.49, y=63.00, z=-33.09] does not have attribute null
[22:36:51] [Render thread/INFO]: [System] [CHAT] You are already connected to this server!
[22:36:51] [Render thread/WARN]: Entity class_745['Surging10'/1662969, l='ClientLevel', x=-20.28, y=65.00, z=-29.91] does not have attribute null
[22:36:51] [Render thread/WARN]: Entity class_745['Narlu'/1617659, l='ClientLevel', x=-1.01, y=63.00, z=-39.40] does not have attribute null
[22:36:51] [Render thread/WARN]: Entity class_745['Yama_XD'/1611877, l='ClientLevel', x=-11.25, y=64.00, z=-39.34] does not have attribute null
[22:36:51] [Render thread/WARN]: Entity class_745['PlonkReaper'/1662247, l='ClientLevel', x=19.30, y=65.00, z=-33.56] does not have attribute null
[22:36:51] [Render thread/WARN]: Entity class_745['Ht1nns'/1587623, l='ClientLevel', x=-7.23, y=63.00, z=-40.04] does not have attribute null
[22:36:51] [Render thread/WARN]: Entity class_745['rek79_reaper'/1659524, l='ClientLevel', x=-2.81, y=63.00, z=-44.41] does not have attribute null
[22:36:51] [Render thread/WARN]: Entity class_745['Xatalia'/1597137, l='ClientLevel', x=-7.47, y=63.00, z=-36.14] does not have attribute null
[22:36:51] [Render thread/WARN]: Entity class_745['all_kit'/1499927, l='ClientLevel', x=0.48, y=65.00, z=0.30] does not have attribute null
[22:36:52] [Render thread/WARN]: Entity class_745['Revisee'/1663741, l='ClientLevel', x=0.48, y=65.00, z=0.30] does not have attribute null
[22:36:52] [Render thread/WARN]: Entity class_745['Revisee'/1663741, l='ClientLevel', x=0.48, y=65.00, z=0.30] does not have attribute null
[22:36:52] [Render thread/WARN]: Entity class_745['Brovith'/1576824, l='ClientLevel', x=0.48, y=65.00, z=0.30] does not have attribute null
[22:36:52] [Render thread/INFO]: [Not Secure] [CHAT] flowii_ ➤ Krypto_yo TAHTS A SEXUAL WORD ON PHILIPPINES
[22:36:52] [Render thread/INFO]: [Not Secure] [CHAT] bob1dde3 ➤ bro freehitter
[22:36:52] [Worker-Main-2/ERROR]: Textures payload has been tampered with (signature invalid)
[22:36:53] [Render thread/INFO]: [System] [CHAT] ☠ Gosti ᴡᴀs ᴋɪʟʟᴇᴅ ʙʏ 🗡 .zurraking007
[22:36:54] [Render thread/INFO]: [System] [CHAT] 
[22:36:54] [Render thread/INFO]: [System] [CHAT]  Ten_jiro ᴡᴀs ᴋɪᴄᴋᴇᴅ ʙʏ  
[22:36:54] [Render thread/WARN]: Entity class_745['Gosti'/1660283, l='ClientLevel', x=0.48, y=65.00, z=0.30] does not have attribute null
[22:36:54] [Render thread/INFO]: [System] [CHAT] ☠ NInja_juktnam ᴡᴀs ᴋɪʟʟᴇᴅ ʙʏ 🗡 ItzZen
[22:36:54] [Render thread/INFO]: [System] [CHAT] ☠ VeryAngry ᴡᴀs ᴋɪʟʟᴇᴅ ʙʏ 🗡 AOUCHI
[22:36:54] [Render thread/INFO]: [System] [CHAT] ☠ DarkLord_Gamer ᴡᴀs ᴋɪʟʟᴇᴅ ʙʏ 🗡 cocxka
[22:36:55] [Render thread/WARN]: Entity class_745['warsky'/1658238, l='ClientLevel', x=0.48, y=65.00, z=0.30] does not have attribute null
[22:36:56] [Render thread/INFO]: [System] [CHAT] ☠ Duchai2011 ᴡᴀs ᴋɪʟʟᴇᴅ ʙʏ 🗡 abupogi123
[22:36:56] [Render thread/WARN]: Entity class_745['DarkLord_Gamer'/1578263, l='ClientLevel', x=0.48, y=65.00, z=0.30] does not have attribute null
[22:36:56] [Render thread/WARN]: Entity class_745['NInja_juktnam'/1656148, l='ClientLevel', x=0.48, y=65.00, z=0.30] does not have attribute null
[22:36:56] [Render thread/INFO]: [System] [CHAT] ☠ .SEVEN_SEAQY ᴡᴀs ᴋɪʟʟᴇᴅ ʙʏ 🗡 Quffy_
[22:36:57] [Render thread/WARN]: Entity class_745['Duchai2011'/1597758, l='ClientLevel', x=0.48, y=65.00, z=0.30] does not have attribute null
[22:36:57] [Render thread/WARN]: Entity class_745['LordRuthless'/1570491, l='ClientLevel', x=0.63, y=71.00, z=-65.84] does not have attribute null
[22:36:57] [Render thread/WARN]: Entity class_745['litagenda'/1654779, l='ClientLevel', x=-12.07, y=72.50, z=-66.97] does not have attribute null
[22:36:57] [Render thread/WARN]: Entity class_745['.SEVEN_SEAQY'/1604054, l='ClientLevel', x=0.48, y=65.00, z=0.30] does not have attribute null
[22:36:58] [Render thread/WARN]: Entity class_745['iamshit'/1664126, l='ClientLevel', x=0.48, y=65.00, z=0.30] does not have attribute null
[22:36:58] [Render thread/WARN]: Entity class_745['iamshit'/1664126, l='ClientLevel', x=0.48, y=65.00, z=0.30] does not have attribute null
[22:36:58] [Render thread/WARN]: Entity class_745['VeryAngry'/1659324, l='ClientLevel', x=0.48, y=65.00, z=0.30] does not have attribute null
[22:36:59] [Render thread/WARN]: Entity class_745['FANANIME'/1664168, l='ClientLevel', x=0.48, y=65.00, z=0.30] does not have attribute null
[22:36:59] [Render thread/WARN]: Entity class_745['FANANIME'/1664168, l='ClientLevel', x=0.48, y=65.00, z=0.30] does not have attribute null
[22:36:59] [Render thread/INFO]: [System] [CHAT] ☠ milhanplayz ᴡᴀs ᴋɪʟʟᴇᴅ ʙʏ 🗡 kurozen
[22:37:00] [Render thread/INFO]: [System] [CHAT] ☠ creedin2k ᴡᴀs ᴋɪʟʟᴇᴅ ʙʏ 🗡 Saad_Gaming_XD
[22:37:01] [Render thread/WARN]: Entity class_745['milhanplayz'/1662666, l='ClientLevel', x=0.48, y=65.00, z=0.30] does not have attribute null
[22:37:02] [Render thread/WARN]: Entity class_745['VoidFrost'/1664340, l='ClientLevel', x=0.48, y=65.00, z=0.30] does not have attribute null
[22:37:02] [Render thread/WARN]: Entity class_745['VoidFrost'/1664340, l='ClientLevel', x=0.48, y=65.00, z=0.30] does not have attribute null
[22:37:02] [Render thread/WARN]: Entity class_745['outerspacezs'/1664341, l='ClientLevel', x=0.48, y=65.00, z=0.30] does not have attribute null
[22:37:02] [Render thread/WARN]: Entity class_745['outerspacezs'/1664341, l='ClientLevel', x=0.48, y=65.00, z=0.30] does not have attribute null
[22:37:03] [Render thread/INFO]: [System] [CHAT] ☠ Harsh_418 ᴡᴀs ᴋɪʟʟᴇᴅ ʙʏ 🗡 FX_FALCON
[22:37:03] [Render thread/WARN]: Entity class_745['FoRent'/1664433, l='ClientLevel', x=0.48, y=65.00, z=0.30] does not have attribute null
[22:37:03] [Render thread/WARN]: Entity class_745['FoRent'/1664433, l='ClientLevel', x=0.48, y=65.00, z=0.30] does not have attribute null
[22:37:03] [Render thread/WARN]: Entity class_745['all_kit'/1499927, l='ClientLevel', x=0.48, y=65.00, z=0.30] does not have attribute null
[22:37:03] [Render thread/WARN]: Entity class_745['GoToFen'/1664536, l='ClientLevel', x=0.48, y=65.00, z=0.30] does not have attribute null
[22:37:03] [Render thread/WARN]: Entity class_745['Knowledge'/1664432, l='ClientLevel', x=0.48, y=65.00, z=0.30] does not have attribute null
[22:37:03] [Render thread/INFO]: [System] [CHAT] ☠ Saad_Gaming_XD ᴡᴀs ᴋɪʟʟᴇᴅ ʙʏ 🗡 zeropogi
[22:37:03] [Render thread/WARN]: Entity class_745['GoToFen'/1664536, l='ClientLevel', x=0.48, y=65.00, z=0.30] does not have attribute null
[22:37:03] [Render thread/WARN]: Entity class_745['Knowledge'/1664432, l='ClientLevel', x=0.48, y=65.00, z=0.30] does not have attribute null
[22:37:03] [Render thread/WARN]: Entity class_745['creedin2k'/1646771, l='ClientLevel', x=0.48, y=65.00, z=0.30] does not have attribute null
[22:37:03] [Render thread/WARN]: Entity class_745['Heart_xD'/1664535, l='ClientLevel', x=0.48, y=65.00, z=0.30] does not have attribute null
[22:37:03] [Render thread/WARN]: Entity class_745['Heart_xD'/1664535, l='ClientLevel', x=0.48, y=65.00, z=0.30] does not have attribute null
[22:37:04] [Render thread/WARN]: Entity class_745['rek79_reaper'/1659524, l='ClientLevel', x=0.48, y=65.00, z=0.30] does not have attribute null
[22:37:05] [Render thread/WARN]: Entity class_745['Saad_Gaming_XD'/1549404, l='ClientLevel', x=0.48, y=65.00, z=0.30] does not have attribute null
[22:37:05] [Render thread/WARN]: Entity class_745['civan2113_13Cb'/1664472, l='ClientLevel', x=0.48, y=65.00, z=0.30] does not have attribute null
[22:37:07] [Render thread/INFO]: [System] [CHAT] ☠ HONORED ᴡᴀs ᴋɪʟʟᴇᴅ ʙʏ 🗡 JumPres1tM4ster2
[22:37:07] [Render thread/WARN]: Entity class_745['jadkung'/1620827, l='ClientLevel', x=0.48, y=65.00, z=0.30] does not have attribute null
[22:37:07] [Render thread/INFO]: [System] [CHAT] §a✔ §fʀᴇǫᴜᴇѕᴛ ѕᴇɴᴛ ᴛᴏ §evinhminebk
[22:37:07] [Render thread/WARN]: Entity class_745['kurozen'/1660220, l='ClientLevel', x=0.48, y=65.00, z=0.30] does not have attribute null
[22:37:07] [Render thread/WARN]: Entity class_745['Harsh_418'/1583543, l='ClientLevel', x=0.48, y=65.00, z=0.30] does not have attribute null
[22:37:08] [Render thread/INFO]: [System] [CHAT] ☠ nooboftheyear ᴡᴀs ᴋɪʟʟᴇᴅ ʙʏ 🗡 KaaSusan
[22:37:08] [Render thread/WARN]: Entity class_745['HONORED'/1656939, l='ClientLevel', x=0.48, y=65.00, z=0.30] does not have attribute null
[22:37:08] [Render thread/WARN]: Entity class_745['HONORED'/1656939, l='ClientLevel', x=0.48, y=65.00, z=0.30] does not have attribute null
[22:37:09] [Render thread/WARN]: Entity class_745['Neya'/1478590, l='ClientLevel', x=5.81, y=71.00, z=-72.87] does not have attribute null
[22:37:09] [Render thread/INFO]: [System] [CHAT] ☠ JassKiddingg ᴡᴀs ᴋɪʟʟᴇᴅ ʙʏ 🗡 Froggish
[22:37:09] [Render thread/WARN]: Entity class_745['nooboftheyear'/1501352, l='ClientLevel', x=0.48, y=65.00, z=0.30] does not have attribute null
[22:37:09] [Render thread/INFO]: [System] [CHAT] ☠ Bogarty ᴡᴀs ᴋɪʟʟᴇᴅ ʙʏ 🗡 Yamin_JAVA
[22:37:10] [Render thread/WARN]: Entity class_745['Ten_jiro'/1664586, l='ClientLevel', x=0.48, y=65.00, z=0.30] does not have attribute null
[22:37:10] [Render thread/WARN]: Entity class_745['Ten_jiro'/1664586, l='ClientLevel', x=0.48, y=65.00, z=0.30] does not have attribute null
[22:37:10] [Render thread/INFO]: [System] [CHAT] ☠ Colacoca_HT1 ᴡᴀs ᴋɪʟʟᴇᴅ ʙʏ 🗡 conexion03
[22:37:10] [Render thread/WARN]: Entity class_745['JassKiddingg'/1644352, l='ClientLevel', x=0.48, y=65.00, z=0.30] does not have attribute null
[22:37:10] [Render thread/WARN]: Entity class_745['Bogarty'/1660379, l='ClientLevel', x=0.48, y=65.00, z=0.30] does not have attribute null
[22:37:11] [Render thread/WARN]: Entity class_745['Colacoca_HT1'/1652541, l='ClientLevel', x=0.48, y=65.00, z=0.30] does not have attribute null
[22:37:12] [Render thread/INFO]: [System] [CHAT] ☠ ItzZen ᴡᴀs ᴋɪʟʟᴇᴅ ʙʏ 🗡 AOUCHI
[22:37:12] [Render thread/WARN]: Entity class_745['all_kit'/1499927, l='ClientLevel', x=-2.42, y=64.00, z=-49.91] does not have attribute null
[22:37:13] [Render thread/INFO]: [System] [CHAT] ☠ rdop ᴡᴀs ᴋɪʟʟᴇᴅ ʙʏ 🗡 thammmmyet
[22:37:13] [Render thread/INFO]: [System] [CHAT] ☠ lumisbasement ᴡᴀs ᴋɪʟʟᴇᴅ ʙʏ 🗡 Tommy6969
[22:37:14] [Render thread/INFO]: [System] [CHAT] ☠ MobSlayer16 ᴡᴀs ᴋɪʟʟᴇᴅ ʙʏ 🗡 Yamin_JAVA
[22:37:14] [Render thread/WARN]: Entity class_745['nooboftheyear'/1501352, l='ClientLevel', x=0.99, y=64.42, z=-8.00] does not have attribute null
[22:37:14] [Render thread/WARN]: Entity class_745['nooboftheyear'/1501352, l='ClientLevel', x=1.03, y=65.00, z=-8.70] does not have attribute null
[22:37:14] [Render thread/WARN]: Entity class_745['nooboftheyear'/1501352, l='ClientLevel', x=1.18, y=64.50, z=-10.99] does not have attribute null
[22:37:15] [Render thread/INFO]: [System] [CHAT] ☠ cs2 ᴡᴀs ᴋɪʟʟᴇᴅ ʙʏ 🗡 Larmar
[22:37:15] [Render thread/WARN]: Entity class_745['Harsh_418'/1583543, l='ClientLevel', x=-3.11, y=63.12, z=-14.47] does not have attribute null
[22:37:16] [Render thread/INFO]: [System] [CHAT] ☠ DarkLord_Gamer ᴡᴀs ᴋɪʟʟᴇᴅ ʙʏ 🗡 bob1dde3
[22:37:18] [Render thread/WARN]: Entity class_745['JassKiddingg'/1644352, l='ClientLevel', x=-0.50, y=64.25, z=-23.30] does not have attribute null
[22:37:18] [Render thread/WARN]: Entity class_745['JassKiddingg'/1644352, l='ClientLevel', x=-0.56, y=63.80, z=-24.62] does not have attribute null
[22:37:18] [Render thread/WARN]: Entity class_745['Heart_xD'/1664535, l='ClientLevel', x=-12.93, y=64.00, z=-29.70] does not have attribute null
[22:37:18] [Render thread/WARN]: Entity class_745['AbdullahxOP'/1664686, l='ClientLevel', x=4.91, y=63.42, z=-22.92] does not have attribute null
[22:37:19] [Render thread/WARN]: Entity class_745['Kaelith_'/1524652, l='ClientLevel', x=9.78, y=64.00, z=-21.97] does not have attribute null
[22:37:19] [Render thread/WARN]: Entity class_745['FoRent'/1664433, l='ClientLevel', x=0.47, y=64.25, z=-22.66] does not have attribute null
[22:37:19] [Render thread/WARN]: Entity class_745['k1mczx'/1649257, l='ClientLevel', x=-19.77, y=65.00, z=-32.61] does not have attribute null
[22:37:19] [Render thread/WARN]: Entity class_745['milhanplayz'/1662666, l='ClientLevel', x=-0.95, y=63.80, z=-20.51] does not have attribute null
[22:37:20] [Render thread/WARN]: Entity class_745['Orangemelon'/1648803, l='ClientLevel', x=0.48, y=64.17, z=-18.46] does not have attribute null
[22:37:20] [Render thread/WARN]: Entity class_745['Brovith'/1576824, l='ClientLevel', x=0.43, y=63.00, z=-18.24] does not have attribute null
[22:37:21] [Render thread/WARN]: Entity class_745['cs2'/1648811, l='ClientLevel', x=1.04, y=63.75, z=-17.76] does not have attribute null
[22:37:22] [Render thread/INFO]: [System] [CHAT] ☠ Mr_Silencex ᴡᴀs ᴋɪʟʟᴇᴅ ʙʏ 🗡 Saad_Gaming_XD
[22:37:22] [Render thread/INFO]: [Not Secure] [CHAT] ZyRoYT_ ➤ gg
[22:37:24] [Render thread/WARN]: Entity class_745['rdop'/1611835, l='ClientLevel', x=-2.33, y=64.18, z=-24.19] does not have attribute null
[22:37:25] [Render thread/INFO]: [System] [CHAT] BigDogWasantha fell from a high place
[22:37:25] [Render thread/INFO]: [System] [CHAT] ☠ Yamin_JAVA ᴡᴀs ᴋɪʟʟᴇᴅ ʙʏ 🗡 Tommy6969
[22:37:26] [Render thread/WARN]: Entity class_745['danger_marioos'/1664782, l='ClientLevel', x=-1.96, y=64.25, z=-23.07] does not have attribute null
[22:37:26] [Render thread/WARN]: Entity class_745['yama008'/1663023, l='ClientLevel', x=8.86, y=65.00, z=-25.86] does not have attribute null
[22:37:26] [Render thread/WARN]: Entity class_745['.Sith_bosyy'/1660335, l='ClientLevel', x=-2.70, y=63.00, z=-22.24] does not have attribute null
[22:37:26] [Render thread/WARN]: Entity class_745['ZyRoYT_'/1664821, l='ClientLevel', x=-7.31, y=64.52, z=-20.31] does not have attribute null
[22:37:26] [Worker-Main-2/ERROR]: Textures payload has been tampered with (signature invalid)
[22:37:26] [Render thread/WARN]: Entity class_745['Tryzzzzzz'/1615598, l='ClientLevel', x=-0.41, y=63.00, z=-20.16] does not have attribute null
[22:37:26] [Render thread/WARN]: Entity class_745['rek79_reaper'/1659524, l='ClientLevel', x=-0.94, y=64.18, z=-20.28] does not have attribute null
[22:37:27] [Render thread/WARN]: Entity class_745['NightfallPixel'/1664941, l='ClientLevel', x=2.51, y=63.42, z=-20.44] does not have attribute null
[22:37:27] [Render thread/INFO]: [System] [CHAT] ☠ FtFoxy ᴡᴀs ᴋɪʟʟᴇᴅ ʙʏ 🗡 jhapzplaysz
[22:37:28] [Render thread/WARN]: Entity class_745['Flamefrags6969'/1665029, l='ClientLevel', x=1.35, y=64.02, z=-20.36] does not have attribute null
[22:37:29] [Render thread/WARN]: Entity class_745['monking'/1662667, l='ClientLevel', x=4.16, y=63.12, z=-20.71] does not have attribute null
[22:37:29] [Render thread/INFO]: [System] [CHAT] ☠ kamil_jr ᴡᴀs ᴋɪʟʟᴇᴅ ʙʏ 🗡 JumPres1tM4ster2
[22:37:29] [Render thread/INFO]: [System] [CHAT] 
[22:37:29] [Render thread/INFO]: [System] [CHAT]  kamil_jr ᴡᴀs ᴋɪᴄᴋᴇᴅ ʙʏ  
[22:37:30] [Render thread/INFO]: [System] [CHAT] ☠ MENG_KISS ᴡᴀs ᴋɪʟʟᴇᴅ ʙʏ 🗡 Wisueee
[22:37:30] [Render thread/WARN]: Entity class_745['.Kimdan1050'/1662664, l='ClientLevel', x=1.98, y=64.00, z=-20.28] does not have attribute null
[22:37:30] [Render thread/INFO]: [System] [CHAT] §a✔ §fʀᴇǫᴜᴇѕᴛ ѕᴇɴᴛ ᴛᴏ §evinhminebk
[22:37:30] [Render thread/WARN]: Entity class_745['Tryzzzzzz'/1615598, l='ClientLevel', x=-9.11, y=63.13, z=-41.27] does not have attribute null
[22:37:30] [Render thread/WARN]: Entity class_745['Kaelith_'/1524652, l='ClientLevel', x=9.78, y=64.00, z=-21.97] does not have attribute null
[22:37:30] [Render thread/WARN]: Entity class_745['Mr_Silencex'/1659255, l='ClientLevel', x=12.94, y=64.75, z=-23.20] does not have attribute null
[22:37:31] [Render thread/INFO]: [Not Secure] [CHAT] .NotMICHU5144 ➤ damn
[22:37:31] [Render thread/INFO]: [System] [CHAT] ☠ cocxka ᴡᴀs ᴋɪʟʟᴇᴅ ʙʏ 🗡 conexion03
[22:37:32] [Render thread/INFO]: [System] [CHAT] §a✔ §fvinhminebk §7ᴀᴄᴄᴇᴘᴛᴇᴅ ʏᴏᴜʀ ʀᴇǫᴜᴇѕᴛ.
[22:37:32] [Render thread/WARN]: Entity class_745['iamshit'/1664816, l='ClientLevel', x=6.25, y=63.50, z=-13.06] does not have attribute null
[22:37:32] [Render thread/WARN]: Entity class_745['bincute563'/1665095, l='ClientLevel', x=-1.01, y=63.00, z=-11.83] does not have attribute null
[22:37:32] [Render thread/INFO]: [System] [CHAT] ☠ .FoundLegedary ᴡᴀs ᴋɪʟʟᴇᴅ ʙʏ 🗡 jadkung
[22:37:33] [Render thread/WARN]: Entity class_745['BigDogWasantha'/1614541, l='ClientLevel', x=2.81, y=64.00, z=-9.99] does not have attribute null
[22:37:34] [Render thread/WARN]: Entity class_745['rafaellozzz'/1656401, l='ClientLevel', x=0.15, y=63.00, z=-9.75] does not have attribute null
[22:37:35] [Render thread/INFO]: Stopping worker threads
[22:37:35] [Render thread/INFO]: Started 1 worker threads
[22:37:35] [Render thread/INFO]: Stopping worker threads
[22:37:35] [Render thread/INFO]: Started 1 worker threads
[22:37:35] [Render thread/INFO]: Stopping worker threads
[22:37:35] [Render thread/INFO]: Started 1 worker threads
[22:37:35] [Render thread/INFO]: Stopping worker threads
[22:37:35] [Render thread/INFO]: Started 1 worker threads
[22:37:35] [Render thread/WARN]: Unknown feature flag: minecraft:update_1_21
[22:37:35] [Render thread/WARN]: Unknown feature flag: minecraft:winter_drop
[22:37:35] [Render thread/WARN]: Not all defined tags for registry ResourceKey[minecraft:root / minecraft:block] are present in data pack: minecraft:dead_bush_may_place_on
[22:37:35] [Render thread/WARN]: Not all defined tags for registry ResourceKey[minecraft:root / minecraft:item] are present in data pack: minecraft:enchantable/sword
[22:37:35] [Render thread/WARN]: Unknown custom packed identifier: vv:server_details
[22:37:35] [Render thread/INFO]: [System] [CHAT] §eUpcoming restart at §619:00 Asia/Phnom_Penh§e.
[22:37:35] [Render thread/INFO]: Loaded 48 advancements
[22:37:35] [Render thread/INFO]: [System] [CHAT] ⏳ Waiting for opponent...
[22:37:35] [Render thread/INFO]: [System] [CHAT] §8§m-------------------------
[22:37:35] [Render thread/INFO]: [System] [CHAT]  ⚔ khanhnotbruh ᴠs vinhminebk
[22:37:35] [Render thread/INFO]: [System] [CHAT]  ⬥ ꜰɪʀsᴛ ᴛᴏ 1
[22:37:35] [Render thread/INFO]: [System] [CHAT] §8§m-------------------------
[22:37:35] [Render thread/WARN]: Received passengers for unknown entity
[22:37:39] [Render thread/WARN]: Received passengers for unknown entity
[22:37:40] [Render thread/INFO]: Loaded 65 advancements
[22:37:44] [Render thread/WARN]: Received passengers for unknown entity
[22:37:44] [Render thread/WARN]: Ignoring player info update for unknown player 41f41a5e-94ce-31c2-ac9e-25f3bc82c6c6
[22:37:46] [Render thread/WARN]: Ignoring player info update for unknown player 32830a00-bc42-3f35-a223-9e3d255223b4
[22:37:47] [Render thread/INFO]: Loaded 65 advancements
[22:37:49] [Render thread/WARN]: Received passengers for unknown entity
[22:37:54] [Render thread/WARN]: Received passengers for unknown entity
[22:37:55] [Render thread/WARN]: Entity class_745['vinhminebk'/440576, l='ClientLevel', x=1502.15, y=65.00, z=-39.62] does not have attribute null
[22:38:02] [Render thread/INFO]: Loaded 67 advancements
[22:38:05] [Render thread/WARN]: Ignoring player info update for unknown player e7ddf401-1f38-3e28-9b40-6e356df4a016
[22:38:20] [Render thread/WARN]: Entity class_746['khanhnotbruh'/440575, l='ClientLevel', x=1501.42, y=66.17, z=-25.41] does not have attribute null
[22:38:20] [Render thread/INFO]: Loaded 88 advancements
[22:38:33] [Render thread/WARN]: Entity class_745['vinhminebk'/440576, l='ClientLevel', x=1512.02, y=65.00, z=-14.67] does not have attribute null
[22:38:34] [Render thread/WARN]: Entity class_745['vinhminebk'/440576, l='ClientLevel', x=1511.71, y=65.00, z=-13.70] does not have attribute null
[22:38:35] [Render thread/WARN]: Entity class_746['khanhnotbruh'/440575, l='ClientLevel', x=1511.72, y=66.02, z=-13.71] does not have attribute null
[22:38:43] [Render thread/INFO]: Loaded 98 advancements
[22:38:47] [Render thread/WARN]: Entity class_746['khanhnotbruh'/440575, l='ClientLevel', x=1523.45, y=65.80, z=-5.00] does not have attribute null
[22:38:52] [Render thread/WARN]: Entity class_746['khanhnotbruh'/440575, l='ClientLevel', x=1520.88, y=66.00, z=25.32] does not have attribute null
[22:38:55] [Render thread/WARN]: Entity class_746['khanhnotbruh'/440575, l='ClientLevel', x=1517.02, y=65.71, z=33.65] does not have attribute null
[22:39:01] [Render thread/WARN]: Entity class_745['vinhminebk'/440576, l='ClientLevel', x=1514.62, y=65.34, z=40.39] does not have attribute null
[22:39:05] [Render thread/WARN]: Entity class_746['khanhnotbruh'/440575, l='ClientLevel', x=1518.99, y=65.00, z=35.69] does not have attribute null
[22:39:05] [Render thread/INFO]: [System] [CHAT] §8§m------------------------------
[22:39:05] [Render thread/INFO]: [System] [CHAT]  ★ vinhminebk ᴠɪᴄᴛᴏʀʏ! ❤ 8.2
[22:39:05] [Render thread/INFO]: [System] [CHAT] §8§m------------------------------
[22:39:06] [Render thread/WARN]: Entity class_745['vinhminebk'/440576, l='ClientLevel', x=1514.87, y=65.00, z=38.82] does not have attribute null
[22:39:09] [Render thread/INFO]: Stopping worker threads
[22:39:09] [Render thread/INFO]: Started 1 worker threads
[22:39:09] [Render thread/INFO]: Stopping worker threads
[22:39:09] [Render thread/INFO]: Started 1 worker threads
[22:39:09] [Render thread/INFO]: Stopping worker threads
[22:39:09] [Render thread/INFO]: Started 1 worker threads
[22:39:09] [Render thread/INFO]: Stopping worker threads
[22:39:09] [Render thread/INFO]: Started 1 worker threads
[22:39:09] [Render thread/WARN]: Unknown feature flag: minecraft:update_1_21
[22:39:09] [Render thread/WARN]: Unknown feature flag: minecraft:winter_drop
[22:39:10] [Render thread/WARN]: Not all defined tags for registry ResourceKey[minecraft:root / minecraft:block] are present in data pack: minecraft:dead_bush_may_place_on
[22:39:10] [Render thread/WARN]: Not all defined tags for registry ResourceKey[minecraft:root / minecraft:item] are present in data pack: minecraft:enchantable/sword
[22:39:10] [Render thread/WARN]: Unknown custom packed identifier: vv:server_details
[22:39:10] [Render thread/INFO]: [System] [CHAT] §eUpcoming restart at §619:00 Asia/Phnom_Penh§e.
[22:39:10] [Render thread/INFO]: Loaded 7 advancements
[22:39:10] [Render thread/INFO]: [System] [CHAT] ☠ ilies10 ᴡᴀs ᴋɪʟʟᴇᴅ ʙʏ 🗡 Krypto_yo
[22:39:10] [Render thread/INFO]: [System] [CHAT] ☠ civan2113_13Cb ᴡᴀs ᴋɪʟʟᴇᴅ ʙʏ 🗡 jazzkld344
[22:39:10] [Render thread/WARN]: Entity class_745['ReivenBarron'/1589150, l='ClientLevel', x=0.48, y=65.00, z=0.30] does not have attribute null
[22:39:10] [Render thread/WARN]: Entity class_745['Duchai2011'/1597758, l='ClientLevel', x=0.48, y=65.00, z=0.30] does not have attribute null
[22:39:10] [Render thread/WARN]: Entity class_745['Bruti'/1544633, l='ClientLevel', x=0.48, y=65.00, z=0.30] does not have attribute null
[22:39:10] [Render thread/WARN]: Entity class_745['itzchower'/1546737, l='ClientLevel', x=0.45, y=65.00, z=0.35] does not have attribute null
[22:39:10] [Render thread/WARN]: Entity class_745['FANANIME'/1666753, l='ClientLevel', x=0.45, y=65.00, z=0.35] does not have attribute null
[22:39:10] [Render thread/WARN]: Entity class_745['undoubl_r'/1665531, l='ClientLevel', x=0.45, y=65.00, z=0.35] does not have attribute null
[22:39:10] [Render thread/WARN]: Entity class_745['RandomioGames'/1667329, l='ClientLevel', x=0.45, y=65.00, z=0.35] does not have attribute null
[22:39:10] [Render thread/WARN]: Entity class_745['TMDTMD'/1610241, l='ClientLevel', x=0.48, y=65.00, z=0.30] does not have attribute null
[22:39:10] [Render thread/WARN]: Entity class_745['ccj1234'/1339503, l='ClientLevel', x=0.48, y=65.00, z=0.30] does not have attribute null
[22:39:10] [Render thread/WARN]: Entity class_745['.OPPO_BRO_MIX'/1667328, l='ClientLevel', x=0.45, y=65.00, z=0.35] does not have attribute null
[22:39:10] [Render thread/WARN]: Entity class_745['dxyc_'/1640816, l='ClientLevel', x=0.45, y=65.00, z=0.35] does not have attribute null
[22:39:10] [Render thread/WARN]: Entity class_745['R1RA'/1667741, l='ClientLevel', x=0.45, y=65.00, z=0.35] does not have attribute null
[22:39:10] [Render thread/WARN]: Entity class_745['yamca_vn'/1570815, l='ClientLevel', x=0.45, y=65.00, z=0.35] does not have attribute null
[22:39:10] [Render thread/WARN]: Entity class_745['vinhminebk'/1667778, l='ClientLevel', x=0.45, y=65.00, z=0.35] does not have attribute null
[22:39:10] [Render thread/WARN]: Entity class_745['cs2'/1648811, l='ClientLevel', x=0.48, y=65.00, z=0.30] does not have attribute null
[22:39:10] [Render thread/WARN]: Entity class_745['iamshit'/1667395, l='ClientLevel', x=0.45, y=65.00, z=0.35] does not have attribute null
[22:39:10] [Render thread/WARN]: Entity class_745['HONORED'/1656939, l='ClientLevel', x=0.48, y=65.00, z=0.30] does not have attribute null
[22:39:10] [Render thread/WARN]: Entity class_745['MuhammadAli2610'/1650249, l='ClientLevel', x=0.45, y=65.00, z=0.35] does not have attribute null
[22:39:10] [Render thread/WARN]: Entity class_745['PedalMedal'/1665910, l='ClientLevel', x=0.45, y=65.00, z=0.35] does not have attribute null
[22:39:10] [Render thread/WARN]: Entity class_745['CrystalAlia'/1666979, l='ClientLevel', x=0.45, y=65.00, z=0.35] does not have attribute null
[22:39:10] [Render thread/WARN]: Entity class_745['Azift'/1442039, l='ClientLevel', x=0.48, y=65.00, z=0.30] does not have attribute null
[22:39:10] [Render thread/WARN]: Entity class_745['kurozen'/1666926, l='ClientLevel', x=0.48, y=65.00, z=0.13] does not have attribute null
[22:39:10] [Render thread/WARN]: Entity class_745['PRIME_HARSH'/1667591, l='ClientLevel', x=0.45, y=65.00, z=0.35] does not have attribute null
[22:39:10] [Render thread/WARN]: Entity class_745['.lucy855'/1667727, l='ClientLevel', x=0.45, y=65.00, z=0.35] does not have attribute null
[22:39:10] [Render thread/WARN]: Entity class_745['Aseam0n_J1KK4'/1666516, l='ClientLevel', x=0.60, y=65.00, z=-5.13] does not have attribute null
[22:39:10] [Render thread/WARN]: Entity class_745['mgcuvcfx'/1665602, l='ClientLevel', x=13.70, y=65.00, z=-2.72] does not have attribute null
[22:39:10] [Render thread/WARN]: Entity class_745['monking'/1662667, l='ClientLevel', x=5.67, y=63.50, z=-15.86] does not have attribute null
[22:39:10] [Render thread/WARN]: Entity class_745['Tiack_2k9'/1666216, l='ClientLevel', x=3.26, y=65.00, z=-2.98] does not have attribute null
[22:39:10] [Render thread/WARN]: Entity class_745['.Kimdan1050'/1662664, l='ClientLevel', x=3.52, y=63.00, z=-9.25] does not have attribute null
[22:39:10] [Render thread/WARN]: Entity class_745['Thanh_Dat1302'/1617778, l='ClientLevel', x=2.15, y=63.00, z=-14.35] does not have attribute null
[22:39:10] [Render thread/WARN]: Entity class_745['NinjaK'/1667584, l='ClientLevel', x=0.32, y=63.00, z=-8.52] does not have attribute null
[22:39:10] [Render thread/WARN]: Entity class_745['BionicMC'/1667607, l='ClientLevel', x=-2.33, y=63.50, z=-11.74] does not have attribute null
[22:39:10] [Render thread/WARN]: Entity class_745['Mr_Silencex'/1666744, l='ClientLevel', x=-0.57, y=65.00, z=-2.13] does not have attribute null
[22:39:10] [Render thread/WARN]: Entity class_745['yama008'/1663023, l='ClientLevel', x=-4.39, y=64.50, z=-5.05] does not have attribute null
[22:39:10] [Render thread/WARN]: Entity class_745['SimplySimoo'/1662514, l='ClientLevel', x=-4.16, y=64.00, z=-5.79] does not have attribute null
[22:39:10] [Render thread/WARN]: Entity class_745['EGamer'/1666966, l='ClientLevel', x=-1.37, y=64.18, z=-11.65] does not have attribute null
[22:39:10] [Render thread/WARN]: Entity class_745['2221qe'/1667380, l='ClientLevel', x=0.11, y=63.00, z=-19.89] does not have attribute null
[22:39:10] [Render thread/WARN]: Entity class_745['swiqht'/1665909, l='ClientLevel', x=3.42, y=63.00, z=-18.74] does not have attribute null
[22:39:10] [Render thread/WARN]: Entity class_745['Kaelith_'/1524652, l='ClientLevel', x=9.78, y=64.00, z=-21.97] does not have attribute null
[22:39:10] [Render thread/WARN]: Entity class_745['rek79_reaper'/1659524, l='ClientLevel', x=0.72, y=63.00, z=-20.32] does not have attribute null
[22:39:10] [Render thread/INFO]: [Not Secure] [CHAT] mithuee ➤ lets kill others
[22:39:10] [Render thread/WARN]: Entity class_745['bincute563'/1665095, l='ClientLevel', x=33.07, y=65.00, z=-11.54] does not have attribute null
[22:39:10] [Render thread/WARN]: Entity class_745['k1mczx'/1649257, l='ClientLevel', x=-15.36, y=65.00, z=-31.75] does not have attribute null
[22:39:10] [Render thread/WARN]: Entity class_745['devotion_true'/1667437, l='ClientLevel', x=-7.71, y=63.50, z=-17.80] does not have attribute null
[22:39:10] [Render thread/WARN]: Entity class_745['Zayonist'/1645852, l='ClientLevel', x=3.23, y=63.00, z=-34.86] does not have attribute null
[22:39:10] [Render thread/WARN]: Entity class_745['Lyone_'/1660735, l='ClientLevel', x=0.41, y=63.00, z=-33.30] does not have attribute null
[22:39:10] [Render thread/WARN]: Entity class_745['Wolfbuthandsome'/1667404, l='ClientLevel', x=0.08, y=63.00, z=-40.08] does not have attribute null
[22:39:10] [Render thread/WARN]: Entity class_745['DeathDeities'/1667585, l='ClientLevel', x=24.26, y=64.00, z=-22.27] does not have attribute null
[22:39:10] [Render thread/WARN]: Entity class_745['LasAdrianLC'/1667592, l='ClientLevel', x=5.98, y=64.25, z=-37.16] does not have attribute null
[22:39:11] [Render thread/WARN]: Entity class_745['ti9to'/1667842, l='ClientLevel', x=0.48, y=65.00, z=0.30] does not have attribute null
[22:39:11] [Render thread/WARN]: Entity class_745['ti9to'/1667842, l='ClientLevel', x=0.48, y=65.00, z=0.30] does not have attribute null
[22:39:11] [Render thread/WARN]: Entity class_745['satboilo'/1667843, l='ClientLevel', x=0.48, y=65.00, z=0.30] does not have attribute null
[22:39:11] [Render thread/WARN]: Entity class_745['satboilo'/1667843, l='ClientLevel', x=0.48, y=65.00, z=0.30] does not have attribute null
[22:39:11] [Render thread/WARN]: Entity class_745['Narlu'/1617659, l='ClientLevel', x=-1.01, y=63.00, z=-39.40] does not have attribute null
[22:39:11] [Render thread/WARN]: Entity class_745['ItzPozzy'/1645042, l='ClientLevel', x=-0.68, y=63.00, z=-41.31] does not have attribute null
[22:39:11] [Render thread/WARN]: Entity class_745['Yama_XD'/1611877, l='ClientLevel', x=-11.25, y=64.00, z=-39.34] does not have attribute null
[22:39:11] [Render thread/WARN]: Entity class_745['Ht1nns'/1587623, l='ClientLevel', x=-7.23, y=63.00, z=-40.04] does not have attribute null
[22:39:11] [Render thread/WARN]: Entity class_745['ItzEms'/1666680, l='ClientLevel', x=-4.46, y=63.00, z=-37.54] does not have attribute null
[22:39:11] [Worker-Main-2/ERROR]: Textures payload has been tampered with (signature invalid)
[22:39:11] [Render thread/WARN]: Entity class_745['Axhuuuuu'/1667193, l='ClientLevel', x=-2.99, y=63.00, z=-47.75] does not have attribute null
[22:39:11] [Render thread/WARN]: Entity class_745['civan2113_13Cb'/1664472, l='ClientLevel', x=0.48, y=65.00, z=0.30] does not have attribute null
[22:39:11] [Render thread/WARN]: Entity class_745['JayJayPH12'/1667878, l='ClientLevel', x=0.48, y=65.00, z=0.30] does not have attribute null
[22:39:11] [Render thread/WARN]: Entity class_745['JayJayPH12'/1667878, l='ClientLevel', x=0.48, y=65.00, z=0.30] does not have attribute null
[22:39:11] [Render thread/WARN]: Entity class_745['IJcool33'/1667871, l='ClientLevel', x=0.48, y=65.00, z=0.30] does not have attribute null
[22:39:11] [Render thread/WARN]: Entity class_745['IJcool33'/1667871, l='ClientLevel', x=0.48, y=65.00, z=0.30] does not have attribute null
[22:39:11] [Worker-Main-3/ERROR]: Textures payload has been tampered with (signature invalid)
[22:39:11] [Render thread/WARN]: Entity class_745['namdemon8'/1658564, l='ClientLevel', x=2.53, y=64.00, z=-50.94] does not have attribute null
[22:39:11] [Render thread/INFO]: [System] [CHAT] 
[22:39:11] [Render thread/INFO]: [System] [CHAT]  mayEATburg ᴡᴀs ᴋɪᴄᴋᴇᴅ ʙʏ  
[22:39:12] [Worker-Main-2/ERROR]: Textures payload has been tampered with (signature invalid)
[22:39:12] [Render thread/WARN]: Entity class_745['ilies10'/1657437, l='ClientLevel', x=0.48, y=65.00, z=0.30] does not have attribute null
[22:39:12] [Render thread/WARN]: Entity class_745['VoidFrost'/1667934, l='ClientLevel', x=0.48, y=65.00, z=0.30] does not have attribute null
[22:39:12] [Render thread/WARN]: Entity class_745['VoidFrost'/1667934, l='ClientLevel', x=0.48, y=65.00, z=0.30] does not have attribute null
[22:39:12] [Render thread/WARN]: Entity class_745['mgcuvcfx'/1665602, l='ClientLevel', x=13.70, y=65.00, z=-2.72] does not have attribute null
[22:39:13] [Render thread/INFO]: [System] [CHAT] ☠ NightfallPixel ᴡᴀs ᴋɪʟʟᴇᴅ ʙʏ 🗡 Yamin_JAVA
[22:39:13] [Render thread/INFO]: [System] [CHAT] ☠ Bogarty ᴡᴀs ᴋɪʟʟᴇᴅ ʙʏ 🗡 Larmar
[22:39:14] [Render thread/WARN]: Entity class_745['Heart_xD'/1668030, l='ClientLevel', x=0.48, y=65.00, z=0.30] does not have attribute null
[22:39:14] [Render thread/WARN]: Entity class_745['Heart_xD'/1668030, l='ClientLevel', x=0.48, y=65.00, z=0.30] does not have attribute null
[22:39:14] [Render thread/WARN]: Entity class_745['LordRuthless'/1570491, l='ClientLevel', x=0.63, y=71.00, z=-65.84] does not have attribute null
[22:39:14] [Render thread/WARN]: Entity class_745['MrFAlt'/1659256, l='ClientLevel', x=-0.57, y=63.00, z=-12.50] does not have attribute null
[22:39:14] [Render thread/WARN]: Entity class_745['litagenda'/1654779, l='ClientLevel', x=-12.07, y=72.50, z=-66.97] does not have attribute null
[22:39:14] [Render thread/WARN]: Entity class_745['Bogarty'/1660379, l='ClientLevel', x=0.48, y=65.00, z=0.30] does not have attribute null
[22:39:15] [Render thread/WARN]: Entity class_745['NightfallPixel'/1664941, l='ClientLevel', x=0.48, y=65.00, z=0.30] does not have attribute null
[22:39:15] [Render thread/WARN]: Entity class_745['Shaiyy'/1668068, l='ClientLevel', x=0.48, y=65.00, z=0.30] does not have attribute null
[22:39:15] [Render thread/WARN]: Entity class_745['Shaiyy'/1668068, l='ClientLevel', x=0.48, y=65.00, z=0.30] does not have attribute null
[22:39:17] [Render thread/INFO]: [System] [CHAT] ☠ kamil_jr ᴡᴀs ᴋɪʟʟᴇᴅ ʙʏ 🗡 Sensed_
[22:39:17] [Render thread/INFO]: [System] [CHAT] ☠ Colacoca_HT1 ᴡᴀs ᴋɪʟʟᴇᴅ ʙʏ 🗡 .FoundLegedary
[22:39:17] [Render thread/INFO]: [System] [CHAT] You are now queued for hub! You are in position 1 of 1.\nType /leavequeue or click here to leave the queue!
[22:39:18] [Render thread/INFO]: [System] [CHAT] Sending you to hub now..
[22:39:18] [Render thread/INFO]: [System] [CHAT] You are in position 1 of 1. Estimated time: 5 seconds
[22:39:18] [Render thread/INFO]: Stopping worker threads
[22:39:18] [Render thread/INFO]: Started 1 worker threads
[22:39:18] [Render thread/INFO]: Stopping worker threads
[22:39:18] [Render thread/INFO]: Started 1 worker threads
[22:39:18] [Render thread/INFO]: Stopping worker threads
[22:39:18] [Render thread/INFO]: Started 1 worker threads
[22:39:18] [Render thread/INFO]: Stopping worker threads
[22:39:18] [Render thread/INFO]: Started 1 worker threads
[22:39:18] [Render thread/WARN]: Unknown feature flag: minecraft:update_1_21
[22:39:18] [Render thread/WARN]: Unknown feature flag: minecraft:winter_drop
[22:39:18] [Render thread/WARN]: Not all defined tags for registry ResourceKey[minecraft:root / minecraft:block] are present in data pack: minecraft:bars, minecraft:camels_spawnable_on, minecraft:can_glide_through, minecraft:chains, minecraft:copper, minecraft:copper_chests, minecraft:copper_golem_statues, minecraft:dry_vegetation_may_place_on, minecraft:edible_for_sheep, minecraft:happy_ghast_avoids, minecraft:incorrect_for_copper_tool, minecraft:lanterns, minecraft:lightning_rods, minecraft:replaceable_by_mushrooms, minecraft:sword_instantly_mines, minecraft:triggers_ambient_desert_dry_vegetation_block_sounds, minecraft:triggers_ambient_desert_sand_block_sounds, minecraft:triggers_ambient_dried_ghast_block_sounds, minecraft:wooden_shelves
[22:39:18] [Render thread/WARN]: Not all defined tags for registry ResourceKey[minecraft:root / minecraft:entity_type] are present in data pack: minecraft:accepts_iron_golem_gift, minecraft:burn_in_daylight, minecraft:can_equip_harness, minecraft:can_equip_saddle, minecraft:can_float_while_ridden, minecraft:can_wear_horse_armor, minecraft:can_wear_nautilus_armor, minecraft:candidate_for_iron_golem_gift, minecraft:cannot_be_pushed_onto_boats, minecraft:followable_friendly_mobs, minecraft:nautilus_hostiles
[22:39:18] [Render thread/WARN]: Not all defined tags for registry ResourceKey[minecraft:root / minecraft:item] are present in data pack: minecraft:bars, minecraft:book_cloning_target, minecraft:camel_husk_food, minecraft:chains, minecraft:copper, minecraft:copper_chests, minecraft:copper_golem_statues, minecraft:copper_tool_materials, minecraft:eggs, minecraft:enchantable/lunge, minecraft:enchantable/melee_weapon, minecraft:enchantable/sweeping, minecraft:happy_ghast_food, minecraft:happy_ghast_tempt_items, minecraft:harnesses, minecraft:lanterns, minecraft:lightning_rods, minecraft:nautilus_bucket_food, minecraft:nautilus_food, minecraft:nautilus_taming_items, minecraft:repairs_copper_armor, minecraft:shearable_from_copper_golem, minecraft:spears, minecraft:wooden_shelves, minecraft:zombie_horse_food
[22:39:18] [Render thread/WARN]: Unknown custom packed identifier: vv:server_details
[22:39:18] [Render thread/INFO]: [System] [CHAT] §eUpcoming restart at §600:00 Asia/Phnom_Penh§e.
[22:39:18] [Render thread/WARN]: Ignoring player info update for unknown player 48811bf6-bbfb-3fa9-b087-45fc8cfae90e
[22:39:18] [Render thread/WARN]: Ignoring player info update for unknown player 2a5de6e9-20d2-458c-95a4-d3b2bc1537ab
[22:39:18] [Render thread/WARN]: Ignoring player info update for unknown player 00000000-0000-0000-0009-01f048258f54
[22:39:18] [Render thread/WARN]: Ignoring player info update for unknown player 04eb95b8-dfe4-37e7-822d-7043c37b7808
[22:39:18] [Render thread/WARN]: Ignoring player info update for unknown player 00000000-0000-0000-0009-01f7ee9298a1
[22:39:18] [Render thread/WARN]: Ignoring player info update for unknown player 71ef4b2b-b534-3fd2-a7a9-13044af13671
[22:39:18] [Render thread/WARN]: Ignoring player info update for unknown player 906ddad8-169b-31c8-b1c3-a63316fa537c
[22:39:18] [Render thread/WARN]: Ignoring player info update for unknown player 00000000-0000-0000-0009-01f25a1985f3
[22:39:18] [Render thread/WARN]: Ignoring player info update for unknown player 33762869-c286-439c-b9f1-66b0d61f2585
[22:39:18] [Render thread/WARN]: Ignoring player info update for unknown player 00000000-0000-0000-0009-01fd6a94327f
[22:39:18] [Render thread/WARN]: Ignoring player info update for unknown player 87e5648c-4f3a-4501-a8af-ae6c4e1cccac
[22:39:18] [Render thread/WARN]: Ignoring player info update for unknown player 33eaf63d-44e6-3022-8815-e55ef997a16d
[22:39:18] [Render thread/WARN]: Ignoring player info update for unknown player 00000000-0000-0000-0009-01fddf88e099
[22:39:18] [Render thread/WARN]: Ignoring player info update for unknown player ceae6270-35de-3ce5-8327-761bc8b08f00
[22:39:18] [Render thread/WARN]: Ignoring player info update for unknown player 00000000-0000-0000-0009-01fff5826c5e
[22:39:18] [Render thread/WARN]: Ignoring player info update for unknown player 33469ee5-17bf-3f26-b91b-38a3e49efbeb
[22:39:18] [Render thread/WARN]: Ignoring player info update for unknown player 00000000-0000-0000-0009-01f34339d83e
[22:39:18] [Render thread/WARN]: Ignoring player info update for unknown player 00000000-0000-0000-0009-01fa3ec72449
[22:39:18] [Render thread/INFO]: Loaded 8 advancements
[22:39:19] [Worker-Main-3/ERROR]: Textures payload has been tampered with (signature invalid)
[22:39:19] [Worker-Main-1/ERROR]: Textures payload has been tampered with (signature invalid)
[22:39:19] [Render thread/WARN]: Ignoring player info update for unknown player 00000000-0000-0000-0009-01f540f0386f
[22:39:19] [Worker-Main-3/ERROR]: Textures payload has been tampered with (signature invalid)
[22:39:19] [Worker-Main-1/ERROR]: Textures payload has been tampered with (signature invalid)
[22:39:19] [Worker-Main-3/ERROR]: Textures payload has been tampered with (signature invalid)
[22:39:19] [Render thread/WARN]: Ignoring player info update for unknown player adf8f301-88a1-324a-b936-046168b513c4
[22:39:19] [Worker-Main-1/ERROR]: Textures payload has been tampered with (signature invalid)
[22:39:19] [Worker-Main-2/ERROR]: Textures payload has been tampered with (signature invalid)
[22:39:19] [Worker-Main-3/ERROR]: Textures payload has been tampered with (signature invalid)
[22:39:20] [Worker-Main-3/ERROR]: Textures payload has been tampered with (signature invalid)
[22:39:22] [Render thread/WARN]: Ignoring player info update for unknown player d1e99b0f-035e-3248-b0cb-3a95f1381d9e
[22:39:23] [Render thread/WARN]: Ignoring player info update for unknown player a40a4b96-e3ac-3aa5-a154-c1637ee52234
[22:39:24] [Render thread/WARN]: Ignoring player info update for unknown player 3c24f13a-02e0-307e-b86b-7d4e30a8e8a3
[22:39:24] [Render thread/INFO]: [System] [CHAT] ❙ You are not allowed to pvp here.
[22:39:25] [Render thread/INFO]: Stopping worker threads
[22:39:25] [Render thread/INFO]: Started 1 worker threads
[22:39:25] [Render thread/INFO]: Stopping worker threads
[22:39:25] [Render thread/INFO]: Started 1 worker threads
[22:39:25] [Render thread/INFO]: Stopping worker threads
[22:39:25] [Render thread/INFO]: Started 1 worker threads
[22:39:25] [Render thread/INFO]: Stopping worker threads
[22:39:25] [Render thread/INFO]: Started 1 worker threads
[22:39:25] [Render thread/WARN]: Unknown feature flag: minecraft:update_1_21
[22:39:25] [Render thread/WARN]: Unknown feature flag: minecraft:winter_drop
[22:39:25] [Render thread/WARN]: Not all defined tags for registry ResourceKey[minecraft:root / minecraft:block] are present in data pack: minecraft:bars, minecraft:camels_spawnable_on, minecraft:can_glide_through, minecraft:chains, minecraft:copper, minecraft:copper_chests, minecraft:copper_golem_statues, minecraft:dry_vegetation_may_place_on, minecraft:edible_for_sheep, minecraft:happy_ghast_avoids, minecraft:incorrect_for_copper_tool, minecraft:lanterns, minecraft:lightning_rods, minecraft:replaceable_by_mushrooms, minecraft:sword_instantly_mines, minecraft:triggers_ambient_desert_dry_vegetation_block_sounds, minecraft:triggers_ambient_desert_sand_block_sounds, minecraft:triggers_ambient_dried_ghast_block_sounds, minecraft:wooden_shelves
[22:39:25] [Render thread/WARN]: Not all defined tags for registry ResourceKey[minecraft:root / minecraft:entity_type] are present in data pack: minecraft:accepts_iron_golem_gift, minecraft:burn_in_daylight, minecraft:can_equip_harness, minecraft:can_equip_saddle, minecraft:can_float_while_ridden, minecraft:can_wear_horse_armor, minecraft:can_wear_nautilus_armor, minecraft:candidate_for_iron_golem_gift, minecraft:cannot_be_pushed_onto_boats, minecraft:followable_friendly_mobs, minecraft:nautilus_hostiles
[22:39:25] [Render thread/WARN]: Not all defined tags for registry ResourceKey[minecraft:root / minecraft:item] are present in data pack: minecraft:bars, minecraft:book_cloning_target, minecraft:camel_husk_food, minecraft:chains, minecraft:copper, minecraft:copper_chests, minecraft:copper_golem_statues, minecraft:copper_tool_materials, minecraft:eggs, minecraft:enchantable/lunge, minecraft:enchantable/melee_weapon, minecraft:enchantable/sweeping, minecraft:happy_ghast_food, minecraft:happy_ghast_tempt_items, minecraft:harnesses, minecraft:lanterns, minecraft:lightning_rods, minecraft:nautilus_bucket_food, minecraft:nautilus_food, minecraft:nautilus_taming_items, minecraft:repairs_copper_armor, minecraft:shearable_from_copper_golem, minecraft:spears, minecraft:wooden_shelves, minecraft:zombie_horse_food
[22:39:26] [Render thread/WARN]: Unknown custom packed identifier: vv:server_details
[22:39:26] [Render thread/WARN]: Ignoring player info update for unknown player 48811bf6-bbfb-3fa9-b087-45fc8cfae90e
[22:39:26] [Render thread/WARN]: Ignoring player info update for unknown player cbfcc767-71d0-3660-9fc3-9906ba6ccc82
[22:39:26] [Render thread/WARN]: Ignoring player info update for unknown player 4ec5bd29-0dcd-3eb1-a519-9e263dd6a778
[22:39:26] [Render thread/WARN]: Ignoring player info update for unknown player d438d9b6-6096-36aa-bcd8-026abfcc69cf
[22:39:26] [Render thread/WARN]: Ignoring player info update for unknown player 4ca160c1-09d6-37f9-a96b-97e3503248f2
[22:39:26] [Render thread/WARN]: Ignoring player info update for unknown player 13bd90f1-5449-3902-b4a2-5fcd81011161
[22:39:26] [Render thread/WARN]: Ignoring player info update for unknown player 452efedb-6ac9-3d94-9fed-b98a59c31504
[22:39:26] [Render thread/WARN]: Ignoring player info update for unknown player 2c25a731-cabd-3fef-b465-b76ed09688d2
[22:39:26] [Render thread/WARN]: Ignoring player info update for unknown player 39316864-56d4-3815-bebc-46eadd6da6a6
[22:39:26] [Render thread/WARN]: Ignoring player info update for unknown player 3608c9f3-afd4-3b3f-96b1-1b0b931853be
[22:39:26] [Render thread/WARN]: Ignoring player info update for unknown player 3eef4397-ccc6-32f3-8a5f-601a2011d014
[22:39:26] [Render thread/WARN]: Ignoring player info update for unknown player abd9aea4-676d-3d5c-8af7-ce317324d9be
[22:39:26] [Render thread/WARN]: Ignoring player info update for unknown player 0bb49142-9d2a-3f8c-a6a7-c8b4e6538502
[22:39:26] [Render thread/WARN]: Ignoring player info update for unknown player 956196b1-5309-37a6-ae2a-9101583e5179
[22:39:26] [Render thread/WARN]: Ignoring player info update for unknown player 825a462f-34b1-44b7-be87-30d5f9ef63dd
[22:39:26] [Render thread/WARN]: Ignoring player info update for unknown player 32202bc1-06ef-3e68-9ec2-872b99edca78
[22:39:26] [Render thread/WARN]: Ignoring player info update for unknown player 09b7cdd5-6234-399c-bb3c-d175d3a4473b
[22:39:26] [Render thread/WARN]: Ignoring player info update for unknown player b310ea41-e9d5-3088-9b5d-d689cf0b3fce
[22:39:26] [Render thread/WARN]: Ignoring player info update for unknown player 7eefc82c-4097-353e-aa11-23cfaeec3978
[22:39:26] [Render thread/WARN]: Ignoring player info update for unknown player 00000000-0000-0000-0009-01fdfc84fb52
[22:39:26] [Render thread/WARN]: Ignoring player info update for unknown player 29b21c97-1706-490c-abbf-a44425f9d00e
[22:39:26] [Render thread/WARN]: Ignoring player info update for unknown player 2c6519c0-f4d7-3296-9da1-7c386fc8db91
[22:39:26] [Render thread/WARN]: Ignoring player info update for unknown player 3f3877c4-e71c-3c02-b102-adc690f792f8
[22:39:26] [Render thread/WARN]: Ignoring player info update for unknown player 7a8c365d-eae7-3ec1-a9c6-da760720ea4c
[22:39:26] [Render thread/WARN]: Ignoring player info update for unknown player 091c0083-60fc-30bb-a2e3-faeeb70cdbf2
[22:39:26] [Render thread/WARN]: Ignoring player info update for unknown player 88aacda2-6434-3a90-a552-d5759ecae36d
[22:39:26] [Render thread/WARN]: Ignoring player info update for unknown player eb0e3517-411c-3ee6-910d-5e5cd09cb716
[22:39:26] [Render thread/WARN]: Ignoring player info update for unknown player 00000000-0000-0000-0009-01f3e8418482
[22:39:26] [Render thread/WARN]: Ignoring player info update for unknown player 4a4d60af-590c-3d5f-9c19-636d8967d498
[22:39:26] [Render thread/WARN]: Ignoring player info update for unknown player 7f7cb843-0157-4b32-b894-3ecff612842f
[22:39:26] [Render thread/WARN]: Ignoring player info update for unknown player 984cbfbb-3072-3fab-a334-112a2f3a4037
[22:39:26] [Render thread/WARN]: Ignoring player info update for unknown player 617aa7e2-2c3b-3e19-90cc-a05f70c740d1
[22:39:26] [Render thread/WARN]: Ignoring player info update for unknown player 57c4a63c-86f1-4db0-8b70-ad411aec2025
[22:39:26] [Render thread/WARN]: Ignoring player info update for unknown player ad5cbb5c-fe0a-4176-b22d-28489490e0ca
[22:39:26] [Render thread/WARN]: Ignoring player info update for unknown player 4bd4787b-cbd8-3d8c-a524-2d97b8a255ac
[22:39:26] [Render thread/WARN]: Ignoring player info update for unknown player 7d716536-b8e4-30b6-b4ee-3c16227600d0
[22:39:26] [Render thread/WARN]: Ignoring player info update for unknown player c72b63b4-255c-3196-bd87-c7b95bbd2e99
[22:39:26] [Render thread/WARN]: Ignoring player info update for unknown player 5d8279c6-2c4e-3702-a1e1-1a6eb0e2df37
[22:39:26] [Render thread/WARN]: Ignoring player info update for unknown player 88d83143-991c-3666-b534-c94f3744f08c
[22:39:26] [Render thread/WARN]: Ignoring player info update for unknown player 00000000-0000-0000-0009-01f3bdf73758
[22:39:26] [Render thread/WARN]: Ignoring player info update for unknown player 2586ea14-9f64-3b49-869d-017c72282420
[22:39:26] [Render thread/WARN]: Ignoring player info update for unknown player 00000000-0000-0000-0009-01fb873dda98
[22:39:26] [Render thread/WARN]: Ignoring player info update for unknown player 9dc6575c-eba0-3eeb-a0be-f76a93d08f8d
[22:39:26] [Render thread/WARN]: Ignoring player info update for unknown player e4fadfc2-583e-33ca-b6b7-9514057ef84c
[22:39:26] [Render thread/WARN]: Ignoring player info update for unknown player 96490613-0691-3895-85d7-a6bd8f48d423
[22:39:26] [Render thread/WARN]: Ignoring player info update for unknown player 8c468d16-e4d1-3389-a15b-dbcff6382fc6
[22:39:26] [Render thread/WARN]: Ignoring player info update for unknown player 652198fb-e6da-3132-a344-f3f5b9b43053
[22:39:26] [Render thread/WARN]: Ignoring player info update for unknown player cbb0d313-74ff-3123-b346-9adb02c6db42
[22:39:26] [Render thread/WARN]: Ignoring player info update for unknown player 2c47f23b-1c51-3747-8bbc-f468465e2186
[22:39:26] [Render thread/WARN]: Ignoring player info update for unknown player 0b9bfaa7-182a-30ff-b9c2-5dc1a70abe88
[22:39:26] [Render thread/WARN]: Ignoring player info update for unknown player fa547188-d0da-36ee-8f4c-e6c15b112b1d
[22:39:26] [Render thread/WARN]: Ignoring player info update for unknown player d2fb4d9f-d29c-333d-95b2-b7efbb36d7df
[22:39:26] [Render thread/WARN]: Ignoring player info update for unknown player 900e37e5-cbad-314d-b988-9c57e3ad300b
[22:39:26] [Render thread/WARN]: Ignoring player info update for unknown player 00000000-0000-0000-0009-01fdc9536ad4
[22:39:26] [Render thread/WARN]: Ignoring player info update for unknown player 1dffeb58-1e6a-33ea-9b28-3c0d06761e01
[22:39:26] [Render thread/WARN]: Ignoring player info update for unknown player 197402ce-bbc8-3fc5-ba79-0913ed2dac85
[22:39:26] [Render thread/WARN]: Ignoring player info update for unknown player d31609d7-553c-349d-9776-9b437d18ea38
[22:39:26] [Render thread/WARN]: Ignoring player info update for unknown player b32ba229-4ffb-3ec7-8923-cec16f2c4287
[22:39:26] [Render thread/WARN]: Ignoring player info update for unknown player 43e4eced-9a19-3b5d-93d0-c1adb5331c74
[22:39:26] [Render thread/WARN]: Ignoring player info update for unknown player 35280df0-58a4-42f9-864e-6f9d008b98a5
[22:39:26] [Render thread/WARN]: Ignoring player info update for unknown player ae77d966-48f5-3c08-b8e2-6044afda50e9
[22:39:26] [Render thread/WARN]: Ignoring player info update for unknown player 51a2144a-1f7d-4c72-8c92-fbc6bcd2cd1a
[22:39:26] [Render thread/WARN]: Ignoring player info update for unknown player 8ff12598-eb59-3535-b754-71a8ee121995
[22:39:26] [Render thread/WARN]: Ignoring player info update for unknown player d8285b56-8538-3a6b-832c-bc543a286003
[22:39:26] [Render thread/WARN]: Ignoring player info update for unknown player 642fb1ad-f74e-4667-9237-8953c7a57315
[22:39:26] [Render thread/WARN]: Ignoring player info update for unknown player 014024b5-e4a4-33bd-8690-5e1c477b2c9b
[22:39:26] [Render thread/WARN]: Ignoring player info update for unknown player 1e0b2b79-0ac0-49eb-96dc-00ddbd42749e
[22:39:26] [Render thread/WARN]: Ignoring player info update for unknown player 22f87478-b1c0-46b1-93b4-eecb48dcbfd4
[22:39:26] [Render thread/WARN]: Ignoring player info update for unknown player 21bae593-dcc2-3c85-992a-ce4ece87e80b
[22:39:26] [Render thread/WARN]: Ignoring player info update for unknown player d168d2b9-1409-3979-848b-43c7fa17237d
[22:39:26] [Render thread/WARN]: Ignoring player info update for unknown player 77c27f39-9391-3da3-90a7-08040e1f82f8
[22:39:26] [Render thread/WARN]: Ignoring player info update for unknown player 53c2b7c8-afe8-3825-a693-10ce679caa89
[22:39:26] [Render thread/WARN]: Ignoring player info update for unknown player f1d689e9-2f4d-3b1b-8ee5-ac6a29e1af96
[22:39:26] [Render thread/WARN]: Ignoring player info update for unknown player 41ab974f-145d-3944-8820-69bc5cbd6f4e
[22:39:26] [Render thread/WARN]: Ignoring player info update for unknown player 20696161-7ad7-47e7-94e2-81bdbe7ee881
[22:39:26] [Render thread/WARN]: Ignoring player info update for unknown player 00000000-0000-0000-0009-01f97b09d562
[22:39:26] [Render thread/WARN]: Ignoring player info update for unknown player 5461d46f-a595-3443-bcb3-17c35d6efc5a
[22:39:26] [Render thread/WARN]: Ignoring player info update for unknown player fa2fbb42-d617-3786-8134-4507c7f49e9b
[22:39:26] [Render thread/WARN]: Ignoring player info update for unknown player d0082355-439c-3ba5-9f99-0cfd12d8157b
[22:39:26] [Render thread/WARN]: Ignoring player info update for unknown player 00000000-0000-0000-0009-01fcf445bf13
[22:39:26] [Render thread/WARN]: Ignoring player info update for unknown player 877a06a6-492b-3052-a27e-9b336642580e
[22:39:26] [Render thread/WARN]: Ignoring player info update for unknown player 9483cf8c-b406-31a5-86f7-182610a0e17a
[22:39:26] [Render thread/WARN]: Ignoring player info update for unknown player ea3f4497-c184-46fe-8c13-1f530917f52f
[22:39:26] [Render thread/WARN]: Ignoring player info update for unknown player 00000000-0000-0000-0009-01fb0b42ba1e
[22:39:26] [Render thread/WARN]: Ignoring player info update for unknown player 68799dbe-8a8f-39d2-9ce9-92a35f8a9eea
[22:39:26] [Render thread/WARN]: Ignoring player info update for unknown player ce25fec8-2703-440a-8c8e-780a648a3658
[22:39:26] [Render thread/WARN]: Ignoring player info update for unknown player 060ea938-c63a-392d-b1cf-5e2996764a02
[22:39:26] [Render thread/WARN]: Ignoring player info update for unknown player 9824540d-dd47-32dd-8356-ddf4e3c3ab66
[22:39:26] [Render thread/WARN]: Ignoring player info update for unknown player 00000000-0000-0000-0009-01f5e3616f2b
[22:39:26] [Render thread/WARN]: Ignoring player info update for unknown player 202a1cc4-f9e0-3bd3-92b9-322c0cd84126
[22:39:26] [Render thread/WARN]: Ignoring player info update for unknown player 007ae09b-2dc3-3a43-aa21-1db66653a013
[22:39:26] [Render thread/WARN]: Ignoring player info update for unknown player c634ff90-0542-3014-b5c1-56ae35dcf8f9
[22:39:26] [Render thread/WARN]: Ignoring player info update for unknown player e9700f04-15c0-46cf-b0fb-dd66a023c57f
[22:39:26] [Render thread/WARN]: Ignoring player info update for unknown player c0b01400-8bc7-3eba-97f7-ff76b8a9c959
[22:39:26] [Render thread/WARN]: Ignoring player info update for unknown player 0c5c4780-f5c2-3c1c-a11c-57b184d12ac2
[22:39:26] [Render thread/WARN]: Ignoring player info update for unknown player 7871722d-e1c9-3953-92d1-5a1bf2db4b6a
[22:39:26] [Render thread/WARN]: Ignoring player info update for unknown player 32c4df24-9cb3-3ee2-8397-c9e159a0dea7
[22:39:26] [Render thread/WARN]: Ignoring player info update for unknown player 4486ccb2-8a7a-33bc-b8c9-6c1d53ce4d28
[22:39:26] [Render thread/WARN]: Ignoring player info update for unknown player 81e33d08-4f6f-3f2d-9327-397878a57190
[22:39:26] [Render thread/WARN]: Ignoring player info update for unknown player 215b90b9-a205-3e55-9a6c-103a1908d629
[22:39:26] [Render thread/WARN]: Ignoring player info update for unknown player 7ad9da1c-e247-4fee-8c4a-c22202d1eb10
[22:39:26] [Render thread/WARN]: Ignoring player info update for unknown player 46a3258b-2ff9-3b03-8cac-2a21b2e2e87b
[22:39:26] [Render thread/WARN]: Ignoring player info update for unknown player 334dba71-8968-41a3-99fd-71fa29de2ce7
[22:39:26] [Render thread/WARN]: Ignoring player info update for unknown player 766f65ab-71de-3da8-b4db-6155917f0f89
[22:39:26] [Render thread/WARN]: Ignoring player info update for unknown player 0b65a526-aec5-3702-a1e4-dec1370a6960
[22:39:26] [Render thread/WARN]: Ignoring player info update for unknown player 5fd912c6-fb51-3034-a754-8efd1e1c0203
[22:39:26] [Render thread/WARN]: Ignoring player info update for unknown player 00000000-0000-0000-0009-01f4a9816cb1
[22:39:26] [Render thread/WARN]: Ignoring player info update for unknown player 23bc13e7-5ad8-3d02-b83e-c6ad7ce88f34
[22:39:26] [Render thread/WARN]: Ignoring player info update for unknown player 68f2402a-58ed-4015-998d-7fa099da4019
[22:39:26] [Render thread/WARN]: Ignoring player info update for unknown player b0755605-49b5-3756-b152-637a9eefc69a
[22:39:26] [Render thread/WARN]: Ignoring player info update for unknown player 7a256d98-ad15-4f35-9526-c654fe5a0565
[22:39:26] [Render thread/WARN]: Ignoring player info update for unknown player 1ffb6423-5328-4125-83ef-d9f237d6aacc
[22:39:26] [Render thread/WARN]: Ignoring player info update for unknown player 49b36d62-db1d-3de6-98f5-c7b630db7361
[22:39:26] [Render thread/WARN]: Ignoring player info update for unknown player 66d38164-f446-35d2-8177-a653895dd183
[22:39:26] [Render thread/WARN]: Ignoring player info update for unknown player 62ec1fe0-0477-3d4a-ad2f-b49c3bd2cd8c
[22:39:26] [Render thread/WARN]: Ignoring player info update for unknown player 00000000-0000-0000-0009-01f0e70abf1b
[22:39:26] [Render thread/WARN]: Ignoring player info update for unknown player 15a092f1-6484-3a13-93dd-db057c809876
[22:39:26] [Render thread/WARN]: Ignoring player info update for unknown player 52b1895e-cd24-3cd3-ab4b-deb741ae4ea0
[22:39:26] [Render thread/WARN]: Ignoring player info update for unknown player a85a8eb2-99b1-3075-a06b-8a53c33ef6c0
[22:39:26] [Render thread/WARN]: Ignoring player info update for unknown player df4340fe-2a39-3bd1-8654-dafab7bec7ae
[22:39:26] [Render thread/WARN]: Ignoring player info update for unknown player 15b878e4-01c5-33f8-a61d-0cb16fc8e0eb
[22:39:26] [Render thread/WARN]: Ignoring player info update for unknown player 00000000-0000-0000-0009-01f90fae1cae
[22:39:26] [Render thread/WARN]: Ignoring player info update for unknown player 0fd97bda-6f43-37fb-b66c-e33431f75ce1
[22:39:26] [Render thread/WARN]: Ignoring player info update for unknown player 0ba84df6-f694-3946-aec9-e587f36c505b
[22:39:26] [Render thread/WARN]: Ignoring player info update for unknown player 2f6bb570-bec8-3d95-b1d3-3a50f0dd02ee
[22:39:26] [Render thread/WARN]: Ignoring player info update for unknown player 29fa98c0-71f5-31d4-a1a3-3d4fe4788378
[22:39:26] [Render thread/WARN]: Ignoring player info update for unknown player 69bf9fc1-214c-35af-86f0-094358d17206
[22:39:26] [Render thread/WARN]: Ignoring player info update for unknown player 56019dc1-092d-495f-932a-cc9b681b62e3
[22:39:26] [Render thread/WARN]: Ignoring player info update for unknown player 13ceb320-8591-410a-be26-9e75aa5d4287
[22:39:26] [Render thread/WARN]: Ignoring player info update for unknown player 845d6751-351b-3c4b-89a6-56ce1194f25f
[22:39:26] [Render thread/INFO]: Stopping worker threads
[22:39:26] [Render thread/INFO]: Started 1 worker threads
[22:39:26] [Render thread/INFO]: Stopping worker threads
[22:39:26] [Render thread/INFO]: Started 1 worker threads
[22:39:26] [Render thread/WARN]: Entity class_746['khanhnotbruh'/2395064, l='ClientLevel', x=0.55, y=65.00, z=-6.49] does not have attribute null
[22:39:26] [Render thread/WARN]: Entity class_746['khanhnotbruh'/2395064, l='ClientLevel', x=0.55, y=65.00, z=-6.49] does not have attribute null
[22:39:26] [Render thread/INFO]: Loaded 24 advancements
[22:39:26] [Render thread/WARN]: Entity class_745['ZIPREN'/2215184, l='ClientLevel', x=0.55, y=65.00, z=-6.49] does not have attribute null
[22:39:26] [Render thread/WARN]: Entity class_745['BxngTo'/2001190, l='ClientLevel', x=2.01, y=65.00, z=-7.75] does not have attribute null
[22:39:26] [Render thread/WARN]: Entity class_745['Sub2_Velocity'/2315322, l='ClientLevel', x=0.55, y=65.00, z=-6.49] does not have attribute null
[22:39:26] [Render thread/WARN]: Entity class_745['TheyCallMeLyee'/2345873, l='ClientLevel', x=0.55, y=65.00, z=-6.49] does not have attribute null
[22:39:26] [Render thread/WARN]: Entity class_745['Khoa_do123'/2374038, l='ClientLevel', x=4.25, y=65.00, z=-7.93] does not have attribute null
[22:39:26] [Render thread/WARN]: Entity class_745['ronaldo1992'/2379845, l='ClientLevel', x=6.62, y=65.06, z=-7.83] does not have attribute null
[22:39:26] [Render thread/WARN]: Entity class_745['TDANGCAPVAIDAI'/2327879, l='ClientLevel', x=1.52, y=65.00, z=-14.99] does not have attribute null
[22:39:26] [Render thread/WARN]: Entity class_745['slimeyhaqaan67'/2393509, l='ClientLevel', x=0.64, y=65.00, z=-11.87] does not have attribute null
[22:39:26] [Render thread/WARN]: Entity class_745['DonutBoyBTW'/2333573, l='ClientLevel', x=0.55, y=65.00, z=-6.49] does not have attribute null
[22:39:26] [Render thread/WARN]: Entity class_745['tianlatatca'/2335213, l='ClientLevel', x=0.64, y=65.12, z=-8.14] does not have attribute null
[22:39:26] [Render thread/WARN]: Entity class_745['lum1se1nce'/2394520, l='ClientLevel', x=0.55, y=65.00, z=-6.49] does not have attribute null
[22:39:26] [Render thread/WARN]: Entity class_745['lethoso124'/2328781, l='ClientLevel', x=0.55, y=65.00, z=-6.49] does not have attribute null
[22:39:26] [Render thread/WARN]: Entity class_745['BaByRexPvP'/2364359, l='ClientLevel', x=0.55, y=65.00, z=-6.49] does not have attribute null
[22:39:26] [Render thread/WARN]: Entity class_745['.KH_smo8028'/2331191, l='ClientLevel', x=-2.23, y=65.00, z=-15.53] does not have attribute null
[22:39:26] [Render thread/WARN]: Entity class_745['haihai'/2378064, l='ClientLevel', x=-0.51, y=65.00, z=-6.67] does not have attribute null
[22:39:26] [Render thread/WARN]: Entity class_745['.JT_Sabito_7'/2349553, l='ClientLevel', x=-12.97, y=65.00, z=-4.45] does not have attribute null
[22:39:26] [Render thread/WARN]: Entity class_745['Azythera'/2384892, l='ClientLevel', x=-8.01, y=65.00, z=-7.59] does not have attribute null
[22:39:26] [Render thread/WARN]: Entity class_745['Seafox_X_Ocean'/2394507, l='ClientLevel', x=-0.35, y=65.00, z=-11.70] does not have attribute null
[22:39:26] [Render thread/WARN]: Entity class_745['bincute56327'/2326446, l='ClientLevel', x=9.09, y=65.00, z=-21.12] does not have attribute null
[22:39:26] [Render thread/WARN]: Entity class_745['yeunjim'/2302141, l='ClientLevel', x=-3.02, y=65.50, z=-20.39] does not have attribute null
[22:39:26] [Render thread/WARN]: Entity class_745['vinhminebk'/2394303, l='ClientLevel', x=-3.49, y=65.00, z=-16.79] does not have attribute null
[22:39:26] [Render thread/WARN]: Entity class_745['ITZ_prototype'/2274671, l='ClientLevel', x=-2.99, y=65.00, z=-18.95] does not have attribute null
[22:39:26] [Render thread/WARN]: Entity class_745['FinalMugetsu'/2326910, l='ClientLevel', x=0.55, y=65.00, z=-6.49] does not have attribute null
[22:39:26] [Render thread/WARN]: Entity class_745['MurilloGST'/2379580, l='ClientLevel', x=0.55, y=65.00, z=-6.49] does not have attribute null
[22:39:26] [Render thread/WARN]: Entity class_745['XzermarketMC'/2082027, l='ClientLevel', x=28.32, y=65.00, z=-23.27] does not have attribute null
[22:39:26] [Render thread/WARN]: Entity class_745['_ItzDatkg_'/2269244, l='ClientLevel', x=30.62, y=65.00, z=-19.33] does not have attribute null
[22:39:26] [Render thread/INFO]: [System] [CHAT] Zarmloww: cm
[22:39:26] [Render thread/WARN]: Ignoring player info update for unknown player 00000000-0000-0000-0009-01f34339d83e
[22:39:26] [Render thread/WARN]: Entity class_745['Khoa_do123'/2374038, l='ClientLevel', x=3.59, y=65.00, z=-7.21] does not have attribute null
[22:39:27] [Render thread/WARN]: Entity class_745['yeunjim'/2302141, l='ClientLevel', x=-2.47, y=65.50, z=-20.91] does not have attribute null
[22:39:27] [Render thread/INFO]: [System] [CHAT] Bisherfr: clearn inv
[22:39:28] [Render thread/WARN]: Entity class_745['SieuNhanGao3669'/2378758, l='ClientLevel', x=0.55, y=65.00, z=-6.49] does not have attribute null
[22:39:28] [Render thread/INFO]: [System] [CHAT] Kit 1 loaded!
[22:39:29] [Render thread/WARN]: Entity class_745['00dexter00'/2377507, l='ClientLevel', x=0.55, y=65.00, z=-6.49] does not have attribute null
[22:39:29] [Render thread/WARN]: Entity class_745['ngchssieuga'/2286400, l='ClientLevel', x=0.55, y=65.00, z=-6.49] does not have attribute null
[22:39:29] [Render thread/WARN]: Entity class_745['Villan_yt123'/2076513, l='ClientLevel', x=0.55, y=65.00, z=-6.49] does not have attribute null
[22:39:30] [Render thread/WARN]: Entity class_745['.Viisxal6897'/2002481, l='ClientLevel', x=0.55, y=65.00, z=-6.49] does not have attribute null
[22:39:30] [Render thread/WARN]: Entity class_745['steppyfr'/2368042, l='ClientLevel', x=0.55, y=65.00, z=-6.49] does not have attribute null
[22:39:30] [Render thread/WARN]: Entity class_745['billubadmoshh'/2346563, l='ClientLevel', x=0.55, y=65.00, z=-6.49] does not have attribute null
[22:39:31] [Render thread/WARN]: Entity class_745['CallahanMC_'/2161010, l='ClientLevel', x=0.55, y=65.00, z=-6.49] does not have attribute null
[22:39:31] [Render thread/WARN]: Entity class_745['xautraihijhij'/2372318, l='ClientLevel', x=38.33, y=65.00, z=-44.23] does not have attribute null
[22:39:31] [Render thread/WARN]: Ignoring player info update for unknown player 1a38b14e-0e25-48f9-ba90-da0ada078309
[22:39:31] [Render thread/WARN]: Entity class_745['Darkstar_911'/2395756, l='ClientLevel', x=0.55, y=65.00, z=-6.49] does not have attribute null
[22:39:31] [Render thread/WARN]: Entity class_745['ngchssieuga'/2286400, l='ClientLevel', x=0.55, y=65.00, z=-6.49] does not have attribute null
[22:39:31] [Render thread/WARN]: Entity class_745['Darkstar_911'/2395756, l='ClientLevel', x=0.55, y=65.00, z=-6.49] does not have attribute null
[22:39:31] [Render thread/WARN]: Entity class_745['.Ekai_zor9007'/2395212, l='ClientLevel', x=0.55, y=65.00, z=-6.49] does not have attribute null
[22:39:32] [Render thread/INFO]: [System] [CHAT] Bisherfr: clearn inv
[22:39:32] [Render thread/WARN]: Entity class_745['vudezaii22'/2390728, l='ClientLevel', x=0.55, y=65.00, z=-6.49] does not have attribute null
[22:39:33] [Render thread/INFO]: [System] [CHAT] Seyhafu has made the advancement [Not Quite "Nine" Lives]
[22:39:33] [Render thread/WARN]: Entity class_745['uchihaagatsuki'/2385492, l='ClientLevel', x=0.55, y=65.00, z=-6.49] does not have attribute null
[22:39:33] [Render thread/WARN]: Entity class_745['Seafox_X_Ocean'/2394507, l='ClientLevel', x=-0.35, y=65.00, z=-11.70] does not have attribute null
[22:39:34] [Render thread/WARN]: Ignoring player info update for unknown player d1e99b0f-035e-3248-b0cb-3a95f1381d9e
[22:39:34] [Render thread/WARN]: Entity class_745['nhathao12'/2395911, l='ClientLevel', x=0.55, y=65.00, z=-6.49] does not have attribute null
[22:39:34] [Render thread/WARN]: Entity class_745['nhathao12'/2395911, l='ClientLevel', x=0.55, y=65.00, z=-6.49] does not have attribute null
[22:39:34] [Render thread/INFO]: [System] [CHAT] NguyenTuanKit has made the advancement [Take Aim]
[22:39:34] [Render thread/INFO]: [System] [CHAT] Coldzeyy__: so to do that aim at feet when u throw the windchrage
[22:39:34] [Render thread/WARN]: Entity class_745['User123name'/2377487, l='ClientLevel', x=0.55, y=65.00, z=-6.49] does not have attribute null
[22:39:34] [Render thread/INFO]: [System] [CHAT] Azythera has reached the goal [Postmortal]
[22:39:35] [Render thread/WARN]: Entity class_745['4KenJi_'/2295285, l='ClientLevel', x=0.55, y=65.00, z=-6.49] does not have attribute null
[22:39:35] [Render thread/WARN]: Entity class_745['nhathao12'/2395911, l='ClientLevel', x=0.55, y=65.00, z=-6.49] does not have attribute null
[22:39:35] [Render thread/WARN]: Entity class_745['ngchssieuga'/2286400, l='ClientLevel', x=4.56, y=65.00, z=-7.87] does not have attribute null
[22:39:36] [Render thread/INFO]: [System] [CHAT] Seafox_X_Ocean has made the advancement [The End?]
[22:39:36] [Render thread/WARN]: Ignoring player info update for unknown player adf8f301-88a1-324a-b936-046168b513c4
[22:39:36] [Render thread/WARN]: Entity class_745['BuKazaKi_'/2396103, l='ClientLevel', x=0.55, y=65.00, z=-6.49] does not have attribute null
[22:39:36] [Render thread/WARN]: Entity class_745['BuKazaKi_'/2396103, l='ClientLevel', x=0.55, y=65.00, z=-6.49] does not have attribute null
[22:39:36] [Render thread/WARN]: Entity class_745['HUNGDEPZAICUTO'/2152381, l='ClientLevel', x=66.86, y=66.00, z=-54.07] does not have attribute null
[22:39:36] [Render thread/WARN]: Entity class_745['FMLTUN'/2202486, l='ClientLevel', x=38.27, y=65.66, z=-72.19] does not have attribute null
[22:39:36] [Render thread/WARN]: Entity class_745['4KenJi_'/2295285, l='ClientLevel', x=0.55, y=65.00, z=-6.49] does not have attribute null
[22:39:36] [Render thread/INFO]: [System] [CHAT] slimeyhaqaan67 has reached the goal [Postmortal]
[22:39:36] [Render thread/INFO]: [System] [CHAT] .Onion6678 has made the advancement [Stone Age]
[22:39:36] [Worker-Main-3/ERROR]: Textures payload has been tampered with (signature invalid)
[22:39:37] [Render thread/WARN]: Entity class_745['Zarmloww'/2372241, l='ClientLevel', x=0.55, y=65.00, z=-6.49] does not have attribute null
[22:39:37] [Render thread/WARN]: Ignoring player info update for unknown player fec2625e-9bd3-351b-86bd-17588020894f
[22:39:37] [Render thread/WARN]: Entity class_745['RockingLegendOG'/2396210, l='ClientLevel', x=0.55, y=65.00, z=-6.49] does not have attribute null
[22:39:37] [Render thread/WARN]: Entity class_745['RockingLegendOG'/2396210, l='ClientLevel', x=0.55, y=65.00, z=-6.49] does not have attribute null
[22:39:37] [Render thread/INFO]: [System] [CHAT] (⚔) Exclusv killed HUYNHCONGDATVN.
[22:39:38] [Render thread/WARN]: Entity class_745['CallahanMC_'/2161010, l='ClientLevel', x=5.42, y=65.00, z=-10.00] does not have attribute null
[22:39:39] [Render thread/WARN]: Entity class_745['HUYNHCONGDATVN'/2335773, l='ClientLevel', x=0.55, y=65.00, z=-6.49] does not have attribute null
[22:39:39] [Render thread/WARN]: Entity class_745['.ImAboutTocu1897'/2308869, l='ClientLevel', x=0.55, y=65.00, z=-6.49] does not have attribute null
[22:39:39] [Render thread/INFO]: [System] [CHAT] Seafox_X_Ocean has reached the goal [Postmortal]
[22:39:39] [Render thread/WARN]: Entity class_745['4KenJi_'/2295285, l='ClientLevel', x=7.04, y=65.06, z=-8.83] does not have attribute null
[22:39:40] [Render thread/WARN]: Entity class_745['Khoa_do123'/2374038, l='ClientLevel', x=0.55, y=65.00, z=-6.49] does not have attribute null
[22:39:40] [Render thread/WARN]: Entity class_745['Zarmloww'/2372241, l='ClientLevel', x=-1.56, y=65.25, z=-18.16] does not have attribute null
[22:39:40] [Render thread/WARN]: Entity class_745['ngcanh'/2361018, l='ClientLevel', x=0.55, y=65.00, z=-6.49] does not have attribute null
[22:39:40] [Render thread/WARN]: Ignoring player info update for unknown player 87e5648c-4f3a-4501-a8af-ae6c4e1cccac
[22:39:40] [Render thread/WARN]: Entity class_745['simi21323'/2396625, l='ClientLevel', x=0.55, y=65.00, z=-6.49] does not have attribute null
[22:39:40] [Render thread/WARN]: Entity class_745['simi21323'/2396625, l='ClientLevel', x=0.55, y=65.00, z=-6.49] does not have attribute null
[22:39:40] [Render thread/WARN]: Entity class_745['BuKazaKi_'/2396103, l='ClientLevel', x=0.68, y=65.00, z=-8.95] does not have attribute null
[22:39:41] [Render thread/WARN]: Entity class_745['Sw0rd_Critz'/2384593, l='ClientLevel', x=0.55, y=65.00, z=-6.49] does not have attribute null
[22:39:41] [Render thread/WARN]: Entity class_745['4KenJi_'/2295285, l='ClientLevel', x=7.04, y=65.06, z=-8.83] does not have attribute null
[22:39:41] [Render thread/INFO]: [System] [CHAT] slimeyhaqaan67 has made the advancement [Stone Age]
[22:39:41] [Render thread/WARN]: Ignoring player info update for unknown player ec4dbee4-ab17-3d7b-bea1-2c519a6a6a8d
[22:39:41] [Render thread/WARN]: Entity class_745['PwF1234'/2396673, l='ClientLevel', x=0.55, y=65.00, z=-6.49] does not have attribute null
[22:39:41] [Render thread/WARN]: Entity class_745['PwF1234'/2396673, l='ClientLevel', x=0.55, y=65.00, z=-6.49] does not have attribute null
[22:39:41] [Render thread/WARN]: Ignoring player info update for unknown player 90b49cc6-88e4-4da3-b358-7c54a7e28911
[22:39:41] [Render thread/WARN]: Entity class_745['ChangKhoYeuEm'/2396733, l='ClientLevel', x=0.55, y=65.00, z=-6.49] does not have attribute null
[22:39:41] [Render thread/WARN]: Entity class_745['ChangKhoYeuEm'/2396733, l='ClientLevel', x=0.55, y=65.00, z=-6.49] does not have attribute null
[22:39:43] [Render thread/WARN]: Ignoring player info update for unknown player 1a38b14e-0e25-48f9-ba90-da0ada078309
[22:39:43] [Render thread/WARN]: Entity class_745['Darkstar_911'/2396837, l='ClientLevel', x=0.55, y=65.00, z=-6.49] does not have attribute null
[22:39:43] [Render thread/WARN]: Entity class_745['Darkstar_911'/2396837, l='ClientLevel', x=0.55, y=65.00, z=-6.49] does not have attribute null
[22:39:44] [Render thread/WARN]: Entity class_745['nhiklopi'/2367879, l='ClientLevel', x=0.55, y=65.00, z=-6.49] does not have attribute null
[22:39:44] [Render thread/WARN]: Ignoring player info update for unknown player 7871722d-e1c9-3953-92d1-5a1bf2db4b6a
[22:39:44] [Render thread/INFO]: [System] [CHAT] lilpotato4 has made the advancement [Not Quite "Nine" Lives]
[22:39:45] [Render thread/WARN]: Entity class_745['minhxinacpuy'/2357684, l='ClientLevel', x=0.55, y=65.00, z=-6.49] does not have attribute null
[22:39:45] [Render thread/INFO]: [System] [CHAT] CPVP » Can not find player ving!
[22:39:46] [Render thread/WARN]: Entity class_745['Justicol'/2312353, l='ClientLevel', x=0.55, y=65.00, z=-6.49] does not have attribute null
[22:39:46] [Render thread/WARN]: Entity class_745['Densos'/2397070, l='ClientLevel', x=0.55, y=65.00, z=-6.49] does not have attribute null
[22:39:46] [Render thread/INFO]: [System] [CHAT] FinalMugetsu: t/r Mera tech use kr
[22:39:47] [Render thread/WARN]: Entity class_745['1560k'/2318116, l='ClientLevel', x=0.55, y=65.00, z=-6.49] does not have attribute null
[22:39:47] [Render thread/INFO]: [System] [CHAT] VirtualGdFan has made the advancement [The End?]
[22:39:48] [Render thread/WARN]: Entity class_745['slimeyhaqaan67'/2393509, l='ClientLevel', x=0.55, y=65.00, z=-6.49] does not have attribute null
[22:39:48] [Render thread/INFO]: [System] [CHAT] Audi1066 has reached the goal [Postmortal]
[22:39:48] [Render thread/INFO]: [System] [CHAT] Audi1066 has made the advancement [Stone Age]
[22:39:49] [Render thread/WARN]: Ignoring player info update for unknown player a6c4efee-6804-3176-922d-771966005c28
[22:39:50] [Render thread/WARN]: Ignoring player info update for unknown player 912ba0fe-5da3-4c6c-bd29-69d7d81af1de
[22:39:50] [Render thread/WARN]: Entity class_745['OnlyZakuratop_'/2397609, l='ClientLevel', x=0.55, y=65.00, z=-6.49] does not have attribute null
[22:39:50] [Render thread/WARN]: Entity class_745['OnlyZakuratop_'/2397609, l='ClientLevel', x=0.55, y=65.00, z=-6.49] does not have attribute null
[22:39:50] [Render thread/WARN]: Entity class_745['AwanMichieV2'/2342133, l='ClientLevel', x=0.55, y=65.00, z=-6.49] does not have attribute null
[22:39:50] [Render thread/WARN]: Entity class_745['KxizoEgoist'/2313009, l='ClientLevel', x=0.55, y=65.00, z=-6.49] does not have attribute null
[22:39:50] [Render thread/WARN]: Entity class_745['lilpotato4'/2391714, l='ClientLevel', x=0.55, y=65.00, z=-6.49] does not have attribute null
[22:39:50] [Render thread/WARN]: Entity class_745['baodzz'/2397482, l='ClientLevel', x=0.55, y=65.00, z=-6.49] does not have attribute null
[22:39:50] [Render thread/INFO]: [System] [CHAT] Sent teleport request to vinhminebk.
[22:39:51] [Render thread/WARN]: Entity class_745['Namkhangdayyy'/2375647, l='ClientLevel', x=0.55, y=65.00, z=-6.49] does not have attribute null
[22:39:52] [Render thread/INFO]: [System] [CHAT] 
[22:39:52] [Render thread/INFO]: [System] [CHAT]  St4rrsix ᴡᴀs ᴋɪᴄᴋᴇᴅ ʙʏ  
[22:39:53] [Render thread/WARN]: Entity class_745['RockingLegendOG'/2396210, l='ClientLevel', x=1.50, y=65.00, z=-12.67] does not have attribute null
[22:39:53] [Render thread/WARN]: Ignoring player info update for unknown player 0bb49142-9d2a-3f8c-a6a7-c8b4e6538502
[22:39:53] [Render thread/WARN]: Entity class_745['FireIlla'/2397928, l='ClientLevel', x=0.55, y=65.00, z=-6.49] does not have attribute null
[22:39:53] [Render thread/WARN]: Entity class_745['FireIlla'/2397928, l='ClientLevel', x=0.55, y=65.00, z=-6.49] does not have attribute null
[22:39:53] [Render thread/WARN]: Entity class_745['Densos'/2397070, l='ClientLevel', x=-3.85, y=65.00, z=-10.84] does not have attribute null
[22:39:53] [Render thread/WARN]: Entity class_745['DangerMarlow_Jr'/2247315, l='ClientLevel', x=0.55, y=65.00, z=-6.49] does not have attribute null
[22:39:54] [Render thread/WARN]: Ignoring player info update for unknown player 47211f94-67fa-3a67-95db-9481cdae3d25
[22:39:54] [Render thread/WARN]: Entity class_745['anhbabunbo'/2397966, l='ClientLevel', x=0.55, y=65.00, z=-6.49] does not have attribute null
[22:39:54] [Render thread/WARN]: Entity class_745['anhbabunbo'/2397966, l='ClientLevel', x=0.55, y=65.00, z=-6.49] does not have attribute null
[22:39:54] [Render thread/INFO]: [System] [CHAT] RockingLegendOG has made the advancement [The End?]
[22:39:54] [Render thread/INFO]: [System] [CHAT] vudezaii22 has made the advancement [The End?]
[22:39:54] [Render thread/WARN]: Ignoring player info update for unknown player 8cb64d01-ec4d-3d2c-af5e-7b92bfe9f542
[22:39:54] [Render thread/WARN]: Entity class_745['Visionary'/2398024, l='ClientLevel', x=0.55, y=65.00, z=-6.49] does not have attribute null
[22:39:54] [Render thread/WARN]: Entity class_745['Visionary'/2398024, l='ClientLevel', x=0.55, y=65.00, z=-6.49] does not have attribute null
[22:39:55] [Render thread/WARN]: Entity class_745['Gus887'/2279750, l='ClientLevel', x=0.55, y=65.00, z=-6.49] does not have attribute null
[22:39:55] [Render thread/WARN]: Entity class_745['xautraihijhij'/2372318, l='ClientLevel', x=38.33, y=65.00, z=-44.23] does not have attribute null
[22:39:57] [Render thread/WARN]: Entity class_745['MrTomato21'/2353239, l='ClientLevel', x=0.55, y=65.00, z=-6.49] does not have attribute null
[22:39:57] [Render thread/INFO]: [System] [CHAT] 
[22:39:57] [Render thread/INFO]: [System] [CHAT]  Audi1066 ᴡᴀs ᴋɪᴄᴋᴇᴅ ʙʏ  
[22:39:57] [Render thread/WARN]: Entity class_745['FMLTUN'/2202486, l='ClientLevel', x=59.55, y=65.00, z=-53.84] does not have attribute null
[22:39:57] [Render thread/WARN]: Ignoring player info update for unknown player 019f21e3-3a68-32f3-81c4-15abe9f83d3c
[22:39:57] [Render thread/WARN]: Entity class_745['CuongDepTraii'/2397978, l='ClientLevel', x=0.55, y=65.00, z=-6.49] does not have attribute null
[22:39:57] [Render thread/WARN]: Entity class_745['HUNGDEPZAICUTO'/2152381, l='ClientLevel', x=66.86, y=66.00, z=-54.07] does not have attribute null
[22:39:57] [Render thread/WARN]: Entity class_745['MurilloGST'/2379580, l='ClientLevel', x=64.70, y=65.00, z=-55.44] does not have attribute null
[22:39:57] [Render thread/WARN]: Entity class_745['CuongDepTraii'/2397978, l='ClientLevel', x=0.55, y=65.00, z=-6.49] does not have attribute null
[22:39:58] [Render thread/WARN]: Entity class_745['aarbsaqlain'/2327099, l='ClientLevel', x=0.55, y=65.00, z=-6.49] does not have attribute null
[22:39:58] [Render thread/WARN]: Ignoring player info update for unknown player 093e112c-4c0d-49f3-85a4-c90a4117575b
[22:39:58] [Render thread/WARN]: Entity class_745['zaeckker'/2398407, l='ClientLevel', x=0.55, y=65.00, z=-6.49] does not have attribute null
[22:39:58] [Render thread/WARN]: Entity class_745['zaeckker'/2398407, l='ClientLevel', x=0.55, y=65.00, z=-6.49] does not have attribute null
[22:39:58] [Render thread/WARN]: Entity class_745['Visionary'/2398024, l='ClientLevel', x=0.76, y=65.00, z=-10.30] does not have attribute null
[22:40:00] [Render thread/INFO]: [System] [CHAT] CEEJXY: lol
[22:40:00] [Render thread/INFO]: [System] [CHAT] Sw0rd_Critz has made the advancement [Stone Age]
[22:40:00] [Render thread/WARN]: Entity class_745['vinhminebk'/2394303, l='ClientLevel', x=-2.96, y=65.00, z=-103.04] does not have attribute null
[22:40:00] [Render thread/INFO]: [System] [CHAT] .Ekai_zor9007 has reached the goal [Postmortal]
[22:40:01] [Render thread/INFO]: [System] [CHAT] nhathao12 has reached the goal [Postmortal]
[22:40:03] [Render thread/INFO]: Stopping worker threads
[22:40:03] [Render thread/INFO]: Started 1 worker threads
[22:40:03] [Render thread/INFO]: Stopping worker threads
[22:40:03] [Render thread/INFO]: Started 1 worker threads
[22:40:03] [Render thread/WARN]: Entity class_746['khanhnotbruh'/2395064, l='ClientLevel', x=-118.50, y=65.00, z=54.50] does not have attribute null
[22:40:03] [Render thread/INFO]: [System] [CHAT] CPVP » vinhminebk accepted your teleport request!
[22:40:03] [Render thread/WARN]: Entity class_745['vinhminebk'/2394303, l='ClientLevel', x=-118.50, y=65.00, z=54.50] does not have attribute null
[22:40:04] [Render thread/WARN]: Ignoring player info update for unknown player 1a38b14e-0e25-48f9-ba90-da0ada078309
[22:40:08] [Render thread/INFO]: [System] [CHAT] (☠) FireIlla fell from a high spot.
[22:40:08] [Render thread/WARN]: Entity class_746['khanhnotbruh'/2395064, l='ClientLevel', x=-120.16, y=65.00, z=52.08] does not have attribute null
[22:40:08] [Render thread/INFO]: Loaded 44 advancements
[22:40:09] [Render thread/INFO]: [System] [CHAT] Visionary has reached the goal [Postmortal]
[22:40:10] [Render thread/WARN]: Entity class_746['khanhnotbruh'/2395064, l='ClientLevel', x=-120.16, y=66.25, z=52.08] does not have attribute null
[22:40:10] [Render thread/INFO]: [System] [CHAT] lum1se1nce has made the advancement [Ol' Betsy]
[22:40:10] [Render thread/INFO]: [System] [CHAT] lum1se1nce has made the advancement [Take Aim]
[22:40:10] [Render thread/INFO]: [System] [CHAT] Densos has reached the goal [Postmortal]
[22:40:10] [Render thread/WARN]: Ignoring player info update for unknown player 7eefc82c-4097-353e-aa11-23cfaeec3978
[22:40:12] [Render thread/WARN]: Entity class_746['khanhnotbruh'/2395064, l='ClientLevel', x=-120.16, y=65.00, z=52.08] does not have attribute null
[22:40:12] [Render thread/INFO]: [System] [CHAT] .Viisxal6897: free tpa bedrock
[22:40:12] [Render thread/WARN]: Ignoring player info update for unknown player 617e1391-621f-3561-86cc-26f15d5fb4a1
[22:40:13] [Render thread/INFO]: [System] [CHAT] RockingLegendOG has reached the goal [Postmortal]
[22:40:15] [Render thread/INFO]: [System] [CHAT] CuongDepTraii has made the advancement [The End?]
[22:40:15] [Render thread/INFO]: [System] [CHAT] Visionary has made the advancement [The End?]
[22:40:15] [Render thread/WARN]: Entity class_746['khanhnotbruh'/2395064, l='ClientLevel', x=-127.97, y=64.14, z=50.59] does not have attribute null
[22:40:16] [Render thread/INFO]: [System] [CHAT] User123name has made the advancement [Stone Age]
[22:40:17] [Render thread/INFO]: [System] [CHAT] vinhminebk has reached the goal [Postmortal]
[22:40:17] [Render thread/WARN]: Entity class_745['vinhminebk'/2394303, l='ClientLevel', x=-126.51, y=62.35, z=50.64] does not have attribute null
[22:40:18] [Render thread/WARN]: Ignoring player info update for unknown player 29fa98c0-71f5-31d4-a1a3-3d4fe4788378
[22:40:18] [Render thread/INFO]: [System] [CHAT] Densos has made the advancement [Stone Age]
[22:40:18] [Render thread/INFO]: [System] [CHAT] lum1se1nce has reached the goal [Postmortal]
[22:40:19] [Render thread/INFO]: [System] [CHAT] (☠) FireIlla fell from a high spot.
[22:40:20] [Render thread/INFO]: [System] [CHAT] 
[22:40:20] [Render thread/INFO]: [System] [CHAT]  vudezaii22 ᴡᴀs ᴋɪᴄᴋᴇᴅ ʙʏ  
[22:40:21] [Render thread/WARN]: Entity class_745['vinhminebk'/2394303, l='ClientLevel', x=-124.44, y=57.01, z=50.43] does not have attribute null
[22:40:21] [Render thread/WARN]: Entity class_746['khanhnotbruh'/2395064, l='ClientLevel', x=-128.40, y=57.00, z=51.71] does not have attribute null
[22:40:22] [Render thread/WARN]: Entity class_746['khanhnotbruh'/2395064, l='ClientLevel', x=-128.97, y=56.94, z=51.64] does not have attribute null
[22:40:22] [Render thread/INFO]: [System] [CHAT] tazmukbang has made the advancement [The End?]
[22:40:22] [Render thread/INFO]: [System] [CHAT] .Mr_In8182 has made the advancement [The End?]
[22:40:22] [Render thread/INFO]: [System] [CHAT] ngcanh: dtap
[22:40:24] [Render thread/INFO]: [System] [CHAT] TheyCallMeLyee: LOL
[22:40:25] [Render thread/INFO]: [System] [CHAT] 
[22:40:25] [Render thread/INFO]: [System] [CHAT]  Azythera ᴡᴀs ᴋɪᴄᴋᴇᴅ ʙʏ  
[22:40:27] [Render thread/WARN]: Ignoring player info update for unknown player 3a60ec26-c47c-3990-9f2c-1a20656d2088
[22:40:27] [Render thread/INFO]: [System] [CHAT] Seyhafu: back mk
[22:40:28] [Render thread/WARN]: Ignoring player info update for unknown player 48c55857-ab22-3af7-a6d4-42330e33138e
[22:40:28] [Render thread/WARN]: Entity class_745['vinhminebk'/2394303, l='ClientLevel', x=-124.57, y=58.00, z=51.18] does not have attribute null
[22:40:28] [Render thread/WARN]: Entity class_746['khanhnotbruh'/2395064, l='ClientLevel', x=-129.55, y=55.00, z=51.77] does not have attribute null
[22:40:29] [Render thread/INFO]: [System] [CHAT] (☠) FireIlla fell from a high spot.
[22:40:29] [Render thread/INFO]: [System] [CHAT] Bisherfr: wait
[22:40:29] [Render thread/INFO]: [System] [CHAT] CuongDepTraii has reached the goal [Postmortal]
[22:40:30] [Render thread/WARN]: Entity class_746['khanhnotbruh'/2395064, l='ClientLevel', x=-129.46, y=55.00, z=52.25] does not have attribute null
[22:40:30] [Render thread/WARN]: Ignoring player info update for unknown player 29b21c97-1706-490c-abbf-a44425f9d00e
[22:40:31] [Render thread/WARN]: Entity class_745['vinhminebk'/2394303, l='ClientLevel', x=-127.82, y=54.00, z=49.91] does not have attribute null
[22:40:32] [Render thread/WARN]: Ignoring player info update for unknown player 634244f8-86f0-306d-8b50-2d2933bf418f
[22:40:33] [Render thread/INFO]: [System] [CHAT] Seafox_X_Ocean has reached the goal [Sky's the Limit]
[22:40:34] [Render thread/WARN]: Ignoring player info update for unknown player 8c9e5089-6b26-3227-8a3a-052e85b985e1
[22:40:35] [Render thread/INFO]: [System] [CHAT] NguyenTuanKit has made the advancement [The End?]
[22:40:35] [Render thread/INFO]: [System] [CHAT] (⚔) Exclusv killed DonutBoyBTW.
[22:40:35] [Render thread/WARN]: Entity class_746['khanhnotbruh'/2395064, l='ClientLevel', x=-128.42, y=54.23, z=49.75] does not have attribute null
[22:40:36] [Render thread/INFO]: [System] [CHAT] lum1se1nce has made the advancement [Stone Age]
[22:40:36] [Render thread/WARN]: Ignoring player info update for unknown player 6a496bfe-104a-39a1-92b7-d7642dcdf315
[22:40:38] [Render thread/INFO]: [System] [CHAT] (☠) FireIlla fell from a high spot.
[22:40:39] [Render thread/INFO]: [System] [CHAT] 1nonly has made the advancement [The End?]
[22:40:40] [Render thread/INFO]: [System] [CHAT] khang2kkk: tpa me for tier test
[22:40:40] [Render thread/WARN]: Entity class_746['khanhnotbruh'/2395064, l='ClientLevel', x=-128.56, y=53.00, z=52.45] does not have attribute null
[22:40:42] [Render thread/INFO]: [System] [CHAT] Marlowmystudent_ has made the advancement [The End?]
[22:40:42] [Render thread/WARN]: Ignoring player info update for unknown player eb0e3517-411c-3ee6-910d-5e5cd09cb716
[22:40:43] [Render thread/INFO]: [System] [CHAT] zaeckker has reached the goal [Postmortal]
[22:40:44] [Render thread/INFO]: [System] [CHAT] khanhnotbruh has reached the goal [Postmortal]
[22:40:44] [Render thread/INFO]: Loaded 47 advancements
[22:40:44] [Render thread/WARN]: Entity class_746['khanhnotbruh'/2395064, l='ClientLevel', x=-128.27, y=52.00, z=53.32] does not have attribute null
[22:40:44] [Render thread/WARN]: Entity class_745['vinhminebk'/2394303, l='ClientLevel', x=-126.27, y=52.00, z=50.30] does not have attribute null
[22:40:44] [Render thread/INFO]: [System] [CHAT] St4rrsix has reached the goal [Postmortal]
[22:40:44] [Render thread/INFO]: [System] [CHAT] vinhminebk has made the advancement [Stone Age]
[22:40:45] [Render thread/INFO]: [System] [CHAT] ngcanh: dtap
[22:40:45] [Render thread/INFO]: [System] [CHAT] Marlowmystudent_ has reached the goal [Postmortal]
[22:40:45] [Render thread/INFO]: [System] [CHAT] .KingFoxSTA: kdm ah kid jik block
[22:40:46] [Render thread/WARN]: Entity class_746['khanhnotbruh'/2395064, l='ClientLevel', x=-130.77, y=52.26, z=53.78] does not have attribute null
[22:40:47] [Render thread/WARN]: Entity class_746['khanhnotbruh'/2395064, l='ClientLevel', x=-132.70, y=52.00, z=54.12] does not have attribute null
[22:40:47] [Render thread/WARN]: Entity class_745['vinhminebk'/2394303, l='ClientLevel', x=-126.67, y=51.00, z=51.98] does not have attribute null
[22:40:47] [Render thread/INFO]: [System] [CHAT] ChangKhoYeuEm has reached the goal [Sky's the Limit]
[22:40:48] [Render thread/INFO]: [System] [CHAT] Sw0rd_Critz has made the advancement [Cover Me with Diamonds]
[22:40:48] [Render thread/WARN]: Entity class_746['khanhnotbruh'/2395064, l='ClientLevel', x=-133.42, y=52.08, z=54.27] does not have attribute null
[22:40:49] [Render thread/INFO]: [System] [CHAT] khanhnotbruh has made the advancement [Stone Age]
[22:40:49] [Render thread/INFO]: Loaded 61 advancements
[22:40:49] [Render thread/INFO]: [System] [CHAT] Visionary has made the advancement [Monster Hunter]
[22:40:50] [Render thread/INFO]: [System] [CHAT] Agaoa has made the advancement [Ol' Betsy]
[22:40:50] [Render thread/INFO]: [System] [CHAT] Agaoa has made the advancement [Take Aim]
[22:40:50] [Render thread/INFO]: Loaded 75 advancements
[22:40:52] [Render thread/INFO]: [System] [CHAT] CuongDepTraii has made the advancement [Monster Hunter]
[22:40:52] [Render thread/INFO]: [System] [CHAT] nhiklopi: lt3 tpa me
[22:40:53] [Render thread/WARN]: Entity class_746['khanhnotbruh'/2395064, l='ClientLevel', x=-136.70, y=50.00, z=55.34] does not have attribute null
[22:40:53] [Render thread/WARN]: Ignoring player info update for unknown player bbb6050a-9487-4688-8a71-e852c66948f0
[22:40:54] [Render thread/WARN]: Entity class_745['vinhminebk'/2394303, l='ClientLevel', x=-131.24, y=51.00, z=54.33] does not have attribute null
[22:40:55] [Render thread/WARN]: Entity class_746['khanhnotbruh'/2395064, l='ClientLevel', x=-136.36, y=50.00, z=54.61] does not have attribute null
[22:40:56] [Render thread/INFO]: [System] [CHAT] nhiklopi: lt3 tpa me
[22:40:56] [Render thread/WARN]: Entity class_745['vinhminebk'/2394303, l='ClientLevel', x=-132.67, y=51.00, z=55.26] does not have attribute null
[22:40:56] [Render thread/WARN]: Entity class_746['khanhnotbruh'/2395064, l='ClientLevel', x=-136.36, y=50.00, z=54.61] does not have attribute null
[22:40:57] [Render thread/INFO]: [System] [CHAT] TurtleMaster101: nghe
[22:40:57] [Render thread/INFO]: [System] [CHAT] uchihaagatsuki has made the advancement [The End?]
[22:40:57] [Render thread/INFO]: [System] [CHAT] ChangKhoYeuEm has reached the goal [Postmortal]
[22:40:57] [Render thread/WARN]: Entity class_746['khanhnotbruh'/2395064, l='ClientLevel', x=-136.54, y=50.05, z=54.34] does not have attribute null
[22:40:57] [Render thread/INFO]: [System] [CHAT] 1nonly has reached the goal [Postmortal]
[22:40:57] [Render thread/INFO]: [System] [CHAT] Agaoa has reached the goal [Postmortal]
[22:40:59] [Render thread/WARN]: Entity class_745['vinhminebk'/2394303, l='ClientLevel', x=-136.19, y=49.00, z=56.30] does not have attribute null
[22:41:00] [Render thread/WARN]: Ignoring player info update for unknown player 024be3e1-ca50-3a69-a3f4-0ca9ddc3e959
[22:41:00] [Render thread/WARN]: Ignoring player info update for unknown player 3eef4397-ccc6-32f3-8a5f-601a2011d014
[22:41:00] [Render thread/INFO]: [System] [CHAT] (☠) FireIlla fell from a high spot.
[22:41:01] [Render thread/INFO]: [System] [CHAT] Agaoa has made the advancement [Stone Age]
[22:41:03] [Render thread/INFO]: [System] [CHAT] xautraihijhij: chap nhan dulp
[22:41:05] [Render thread/INFO]: [System] [CHAT] .Viisxal6897 has reached the goal [Sky's the Limit]
[22:41:06] [Render thread/WARN]: Ignoring player info update for unknown player eac0c044-fee2-357d-9a06-86378e847c87
[22:41:07] [Render thread/WARN]: Entity class_745['vinhminebk'/2394303, l='ClientLevel', x=-137.25, y=47.00, z=56.87] does not have attribute null
[22:41:08] [Render thread/WARN]: Entity class_745['vinhminebk'/2394303, l='ClientLevel', x=-136.73, y=47.00, z=56.76] does not have attribute null
[22:41:09] [Render thread/INFO]: [System] [CHAT] SAKINA_Neverking has made the advancement [The End?]
[22:41:09] [Render thread/INFO]: [System] [CHAT] Seyhafu: acc muy mk
[22:41:10] [Render thread/WARN]: Entity class_746['khanhnotbruh'/2395064, l='ClientLevel', x=-135.49, y=45.00, z=52.38] does not have attribute null
[22:41:11] [Render thread/INFO]: [System] [CHAT] 4KenJi_: gg
[22:41:11] [Render thread/INFO]: [System] [CHAT] Okhuchbsdb has made the advancement [The End?]
[22:41:12] [Render thread/WARN]: Entity class_746['khanhnotbruh'/2395064, l='ClientLevel', x=-135.54, y=45.00, z=52.70] does not have attribute null
[22:41:12] [Render thread/INFO]: [System] [CHAT] .Viisxal6897 has made the advancement [Who Needs Rockets?]
[22:41:13] [Render thread/INFO]: [System] [CHAT] HT5_234: 123gio
[22:41:14] [Render thread/INFO]: [System] [CHAT] Zarmloww: ready
[22:41:15] [Render thread/INFO]: [System] [CHAT] ChangKhoYeuEm has made the advancement [Stone Age]
[22:41:15] [Render thread/INFO]: [System] [CHAT] Zarmloww has made the advancement [Ol' Betsy]
[22:41:16] [Render thread/INFO]: [System] [CHAT] Bisherfr has made the advancement [Ol' Betsy]
[22:41:16] [Render thread/INFO]: [System] [CHAT] Zarmloww has made the advancement [Take Aim]
[22:41:16] [Render thread/INFO]: [System] [CHAT] Bisherfr has made the advancement [Take Aim]
[22:41:17] [Render thread/INFO]: [System] [CHAT] nhiklopi: lt3 tpa me
[22:41:17] [Render thread/INFO]: [System] [CHAT] xautraihijhij: chap nhan di
[22:41:18] [Render thread/WARN]: Entity class_746['khanhnotbruh'/2395064, l='ClientLevel', x=-135.55, y=45.00, z=52.33] does not have attribute null
[22:41:18] [Render thread/WARN]: Entity class_745['vinhminebk'/2394303, l='ClientLevel', x=-137.70, y=42.00, z=55.54] does not have attribute null
[22:41:19] [Render thread/WARN]: Entity class_746['khanhnotbruh'/2395064, l='ClientLevel', x=-135.36, y=45.00, z=52.41] does not have attribute null
[22:41:20] [Render thread/WARN]: Entity class_745['vinhminebk'/2394303, l='ClientLevel', x=-137.70, y=42.00, z=55.46] does not have attribute null
[22:41:21] [Render thread/INFO]: [System] [CHAT] xautraihijhij: tunr
[22:41:22] [Render thread/WARN]: Entity class_745['vinhminebk'/2394303, l='ClientLevel', x=-137.67, y=42.00, z=53.20] does not have attribute null
[22:41:22] [Render thread/INFO]: [System] [CHAT] nhiklopi: V
[22:41:22] [Render thread/WARN]: Entity class_746['khanhnotbruh'/2395064, l='ClientLevel', x=-135.63, y=44.96, z=54.01] does not have attribute null
[22:41:23] [Render thread/WARN]: Entity class_745['vinhminebk'/2394303, l='ClientLevel', x=-137.58, y=43.75, z=50.85] does not have attribute null
[22:41:24] [Render thread/WARN]: Entity class_745['vinhminebk'/2394303, l='ClientLevel', x=-137.64, y=45.46, z=50.76] does not have attribute null
[22:41:24] [Render thread/WARN]: Ignoring player info update for unknown player 3eef4397-ccc6-32f3-8a5f-601a2011d014
[22:41:24] [Render thread/WARN]: Ignoring player info update for unknown player f1ca52b9-7e01-3b5e-bcce-ab2e504f2d77
[22:41:25] [Render thread/INFO]: [System] [CHAT] 1nonly has made the advancement [Stone Age]
[22:41:25] [Render thread/INFO]: [System] [CHAT] khang2kkk: lt3 tpa me
[22:41:25] [Render thread/WARN]: Ignoring player info update for unknown player 43e4eced-9a19-3b5d-93d0-c1adb5331c74
[22:41:26] [Render thread/INFO]: [System] [CHAT] nhiklopi: lt3 tpa me
[22:41:26] [Render thread/WARN]: Entity class_745['vinhminebk'/2394303, l='ClientLevel', x=-139.34, y=43.74, z=50.60] does not have attribute null
[22:41:26] [Render thread/WARN]: Ignoring player info update for unknown player 65d2e6cf-4a1b-3b0b-a038-474127a4534e
[22:41:28] [Render thread/INFO]: [System] [CHAT] kziroal: l dangermario jr
[22:41:28] [Render thread/WARN]: Entity class_745['vinhminebk'/2394303, l='ClientLevel', x=-138.78, y=41.54, z=50.45] does not have attribute null
[22:41:28] [Render thread/INFO]: [System] [CHAT] ronaldo1992: xautraihijhij gayyy
[22:41:29] [Render thread/INFO]: [System] [CHAT] (☠) MCxChandler fell from a high spot.
[22:41:31] [Render thread/INFO]: [System] [CHAT] .Ekai_zor9007 has made the advancement [The End?]
[22:41:31] [Render thread/WARN]: Entity class_746['khanhnotbruh'/2395064, l='ClientLevel', x=-137.30, y=41.00, z=52.33] does not have attribute null
[22:41:32] [Render thread/WARN]: Entity class_746['khanhnotbruh'/2395064, l='ClientLevel', x=-137.30, y=41.02, z=52.42] does not have attribute null
[22:41:32] [Render thread/INFO]: [System] [CHAT] (⚔) Exclusv killed steppyfr.
[22:41:33] [Render thread/WARN]: Entity class_745['vinhminebk'/2394303, l='ClientLevel', x=-142.52, y=40.00, z=51.70] does not have attribute null
[22:41:37] [Render thread/INFO]: [System] [CHAT] tazmukbang has reached the goal [Postmortal]
[22:41:37] [Render thread/WARN]: Ignoring player info update for unknown player 5d42d38b-1e56-3ab3-bc9d-796da8a27a3c
[22:41:37] [Render thread/WARN]: Entity class_746['khanhnotbruh'/2395064, l='ClientLevel', x=-138.10, y=37.00, z=53.12] does not have attribute null
[22:41:37] [Render thread/WARN]: Entity class_745['vinhminebk'/2394303, l='ClientLevel', x=-143.18, y=39.00, z=50.90] does not have attribute null
[22:41:37] [Render thread/INFO]: [System] [CHAT] Bisherfr has reached the goal [Postmortal]
[22:41:39] [Render thread/INFO]: [System] [CHAT] 
[22:41:39] [Render thread/INFO]: [System] [CHAT]  Seafox_X_Ocean ᴡᴀs ᴋɪᴄᴋᴇᴅ ʙʏ  
[22:41:41] [Render thread/WARN]: Entity class_746['khanhnotbruh'/2395064, l='ClientLevel', x=-138.48, y=37.18, z=52.63] does not have attribute null
[22:41:42] [Render thread/WARN]: Entity class_745['vinhminebk'/2394303, l='ClientLevel', x=-136.67, y=37.42, z=51.53] does not have attribute null
[22:41:42] [Render thread/WARN]: Ignoring player info update for unknown player 56019dc1-092d-495f-932a-cc9b681b62e3
[22:41:43] [Render thread/WARN]: Entity class_746['khanhnotbruh'/2395064, l='ClientLevel', x=-139.70, y=37.03, z=51.42] does not have attribute null
[22:41:44] [Render thread/WARN]: Entity class_746['khanhnotbruh'/2395064, l='ClientLevel', x=-139.36, y=36.20, z=51.62] does not have attribute null
[22:41:44] [Render thread/INFO]: [System] [CHAT] LV_MazerSMP325 has reached the goal [Postmortal]
[22:41:45] [Render thread/WARN]: Entity class_746['khanhnotbruh'/2395064, l='ClientLevel', x=-138.30, y=36.00, z=51.31] does not have attribute null
[22:41:46] [Render thread/WARN]: Entity class_745['vinhminebk'/2394303, l='ClientLevel', x=-138.70, y=36.86, z=53.16] does not have attribute null
[22:41:46] [Render thread/WARN]: Entity class_745['vinhminebk'/2394303, l='ClientLevel', x=-138.12, y=37.16, z=54.04] does not have attribute null
[22:41:46] [Render thread/INFO]: [System] [CHAT] Nonamegamervn has reached the goal [Postmortal]
[22:41:47] [Render thread/WARN]: Entity class_745['vinhminebk'/2394303, l='ClientLevel', x=-136.57, y=37.00, z=55.36] does not have attribute null
[22:41:48] [Render thread/WARN]: Entity class_746['khanhnotbruh'/2395064, l='ClientLevel', x=-138.31, y=36.00, z=51.93] does not have attribute null
[22:41:49] [Render thread/WARN]: Ignoring player info update for unknown player 980e25fa-36f5-480d-b577-9de0829f913a
[22:41:50] [Render thread/WARN]: Ignoring player info update for unknown player 1358169d-8429-3c6f-8ff9-9288020983ac
[22:41:50] [Render thread/INFO]: [System] [CHAT] NotHerAgain_: ye tech?
[22:41:52] [Render thread/WARN]: Entity class_745['vinhminebk'/2394303, l='ClientLevel', x=-136.88, y=37.18, z=53.26] does not have attribute null
[22:41:52] [Render thread/WARN]: Entity class_745['vinhminebk'/2394303, l='ClientLevel', x=-136.98, y=36.27, z=52.96] does not have attribute null
[22:41:52] [Render thread/INFO]: [System] [CHAT] Seafox_X_Ocean has made the advancement [The End?]
[22:41:53] [Render thread/WARN]: Ignoring player info update for unknown player 517da932-aa48-4448-8e04-4efe75381fa8
[22:41:53] [Render thread/WARN]: Entity class_746['khanhnotbruh'/2395064, l='ClientLevel', x=-138.70, y=36.00, z=51.67] does not have attribute null
[22:41:53] [Render thread/INFO]: [System] [CHAT] MOD_CPVP has made the advancement [Stone Age]
[22:41:53] [Render thread/WARN]: Ignoring player info update for unknown player 355063f5-fe71-4226-9f24-7f958b9a1d63
[22:41:53] [Render thread/WARN]: Ignoring player info update for unknown player 7b0a79e3-1556-3dc6-8614-8bbd2639b140
[22:41:55] [Render thread/INFO]: [System] [CHAT] Audi1066 has reached the goal [Postmortal]
[22:41:56] [Render thread/INFO]: [System] [CHAT] CypherMcOfficial has reached the goal [Postmortal]
[22:41:56] [Render thread/INFO]: [System] [CHAT] St4rrsix has made the advancement [The End?]
[22:41:56] [Render thread/WARN]: Entity class_745['vinhminebk'/2394303, l='ClientLevel', x=-137.80, y=36.13, z=53.70] does not have attribute null
[22:41:56] [Render thread/WARN]: Entity class_746['khanhnotbruh'/2395064, l='ClientLevel', x=-138.49, y=36.00, z=51.19] does not have attribute null
[22:41:57] [Render thread/INFO]: [System] [CHAT] D3faultSk1ll_ has reached the goal [Postmortal]
[22:41:57] [Render thread/WARN]: Entity class_745['vinhminebk'/2394303, l='ClientLevel', x=-136.14, y=37.41, z=54.15] does not have attribute null
[22:41:58] [Render thread/WARN]: Entity class_745['vinhminebk'/2394303, l='ClientLevel', x=-135.47, y=37.00, z=53.60] does not have attribute null
[22:41:59] [Render thread/INFO]: [System] [CHAT] Visionary has made the advancement [Stone Age]
[22:41:59] [Render thread/WARN]: Ignoring player info update for unknown player 9ff6c9f3-f679-42ac-afbf-88caf5217ea8
[22:41:59] [Render thread/WARN]: Ignoring player info update for unknown player 82085b22-e73b-3c35-827a-b7cd8052d3f8
[22:41:59] [Render thread/WARN]: Entity class_746['khanhnotbruh'/2395064, l='ClientLevel', x=-139.00, y=36.00, z=51.32] does not have attribute null
[22:41:59] [Render thread/INFO]: [System] [CHAT] lilpotato4 has made the advancement [Not Quite "Nine" Lives]
[22:41:59] [Render thread/INFO]: [System] [CHAT] Agaoa has made the advancement [The End?]
[22:42:00] [Render thread/WARN]: Ignoring player info update for unknown player 19e92a29-8958-442d-9337-d5a7f2d1b7fb
[22:42:00] [Render thread/INFO]: [System] [CHAT] Seyhafu: visal acc me
[22:42:01] [Render thread/WARN]: Ignoring player info update for unknown player ec4dbee4-ab17-3d7b-bea1-2c519a6a6a8d
[22:42:02] [Render thread/INFO]: [System] [CHAT] Seafox_X_Ocean has reached the goal [Postmortal]
[22:42:03] [Render thread/WARN]: Entity class_745['vinhminebk'/2394303, l='ClientLevel', x=-132.91, y=37.00, z=56.33] does not have attribute null
[22:42:04] [Render thread/WARN]: Entity class_746['khanhnotbruh'/2395064, l='ClientLevel', x=-138.57, y=36.20, z=51.40] does not have attribute null
[22:42:04] [Render thread/WARN]: Entity class_745['vinhminebk'/2394303, l='ClientLevel', x=-157.66, y=39.00, z=53.55] does not have attribute null
[22:42:04] [Render thread/WARN]: Entity class_746['khanhnotbruh'/2395064, l='ClientLevel', x=-138.52, y=36.00, z=51.40] does not have attribute null
[22:42:05] [Render thread/WARN]: Ignoring player info update for unknown player 3eef4397-ccc6-32f3-8a5f-601a2011d014
[22:42:06] [Render thread/INFO]: [System] [CHAT] Nonamegamervn has made the advancement [Stone Age]
[22:42:06] [Render thread/WARN]: Entity class_745['vinhminebk'/2394303, l='ClientLevel', x=-157.64, y=39.00, z=53.22] does not have attribute null
[22:42:07] [Render thread/WARN]: Entity class_746['khanhnotbruh'/2395064, l='ClientLevel', x=-137.86, y=35.03, z=51.33] does not have attribute null
[22:42:08] [Render thread/INFO]: [System] [CHAT] Sw0rd_Critz has made the advancement [The End?]
[22:42:08] [Render thread/INFO]: [System] [CHAT] TurtleMaster101: ok
[22:42:09] [Render thread/WARN]: Ignoring player info update for unknown player 5b2c9e7f-68b5-32b5-96cb-f2a2a3e71415
[22:42:09] [Render thread/INFO]: [System] [CHAT] lilpotato4 has made the advancement [Stone Age]
[22:42:10] [Render thread/INFO]: [System] [CHAT] xautraihijhij: vo
[22:42:11] [Render thread/INFO]: [System] [CHAT] (☠) MAdhitty fell from a high spot.
[22:42:11] [Render thread/WARN]: Ignoring player info update for unknown player 02ce10e2-b253-3f92-b0ff-f760332e6fc6
[22:42:11] [Render thread/WARN]: Ignoring player info update for unknown player 00000000-0000-0000-0009-01f3e8418482
[22:42:12] [Render thread/INFO]: [System] [CHAT] lilpotato4 has reached the goal [Postmortal]
[22:42:12] [Render thread/WARN]: Entity class_746['khanhnotbruh'/2395064, l='ClientLevel', x=-136.47, y=35.25, z=51.06] does not have attribute null
[22:42:12] [Render thread/INFO]: [System] [CHAT] Audi1066: game froze twin
[22:42:13] [Render thread/INFO]: [System] [CHAT] TurtleMaster101: zo
[22:42:13] [Render thread/WARN]: Ignoring player info update for unknown player 206ff8c8-7a0c-43e5-b05d-fdba9a2a81f7
[22:42:17] [Render thread/WARN]: Entity class_746['khanhnotbruh'/2395064, l='ClientLevel', x=-136.26, y=35.00, z=50.71] does not have attribute null
[22:42:20] [Render thread/INFO]: [System] [CHAT] zaeckker has made the advancement [Ice Bucket Challenge]
[22:42:21] [Render thread/WARN]: Ignoring player info update for unknown player d59b12df-0406-37c5-9dfa-1bd553b2f9a0
[22:42:22] [Render thread/WARN]: Entity class_746['khanhnotbruh'/2395064, l='ClientLevel', x=-138.76, y=35.00, z=48.30] does not have attribute null
[22:42:23] [Render thread/WARN]: Entity class_745['vinhminebk'/2394303, l='ClientLevel', x=-136.45, y=34.00, z=52.01] does not have attribute null
[22:42:23] [Render thread/WARN]: Ignoring player info update for unknown player 1cf733cd-f7c9-3621-be40-8a689e726f75
[22:42:24] [Render thread/INFO]: [System] [CHAT] _x4everh3rs has reached the goal [Postmortal]
[22:42:25] [Render thread/INFO]: [System] [CHAT] Azythera has reached the goal [Postmortal]
[22:42:27] [Render thread/WARN]: Ignoring player info update for unknown player f8d0b69e-1307-3983-b632-05e01dcd6f03
[22:42:27] [Render thread/INFO]: [System] [CHAT] zaeckker has made the advancement [Stone Age]
[22:42:27] [Render thread/WARN]: Entity class_746['khanhnotbruh'/2395064, l='ClientLevel', x=-141.45, y=36.00, z=45.53] does not have attribute null
[22:42:28] [Render thread/INFO]: [System] [CHAT] alliwantisyounow has made the advancement [The End?]
[22:42:28] [Render thread/WARN]: Entity class_745['vinhminebk'/2394303, l='ClientLevel', x=-139.44, y=33.00, z=52.36] does not have attribute null
[22:42:29] [Render thread/WARN]: Entity class_746['khanhnotbruh'/2395064, l='ClientLevel', x=-141.67, y=36.00, z=45.34] does not have attribute null
[22:42:29] [Render thread/INFO]: [System] [CHAT] baodzz: w
[22:42:29] [Render thread/INFO]: [System] [CHAT] Hadi5266 has reached the goal [Postmortal]
[22:42:30] [Render thread/WARN]: Entity class_746['khanhnotbruh'/2395064, l='ClientLevel', x=-141.70, y=37.23, z=47.50] does not have attribute null
[22:42:30] [Render thread/WARN]: Entity class_746['khanhnotbruh'/2395064, l='ClientLevel', x=-142.24, y=37.07, z=49.56] does not have attribute null
[22:42:30] [Render thread/WARN]: Ignoring player info update for unknown player bd8b4dfb-6a78-3e25-ba78-52e3ee0743fc
[22:42:30] [Render thread/WARN]: Entity class_745['vinhminebk'/2394303, l='ClientLevel', x=-139.43, y=36.00, z=44.57] does not have attribute null
[22:42:31] [Render thread/INFO]: [System] [CHAT] xautraihijhij has reached the goal [Postmortal]
[22:42:31] [Render thread/INFO]: [System] [CHAT] (⚔) Exclusv killed TrnChg.
[22:42:31] [Render thread/INFO]: [System] [CHAT] .Onion6678: mix ot dg kert ey
[22:42:32] [Render thread/WARN]: Entity class_746['khanhnotbruh'/2395064, l='ClientLevel', x=-143.55, y=35.08, z=53.71] does not have attribute null
[22:42:32] [Render thread/INFO]: [System] [CHAT] notmebro: wait
[22:42:33] [Render thread/INFO]: [System] [CHAT] 
[22:42:33] [Render thread/INFO]: [System] [CHAT]  Seafox_X_Ocean ᴡᴀs ᴋɪᴄᴋᴇᴅ ʙʏ  
[22:42:34] [Render thread/WARN]: Entity class_746['khanhnotbruh'/2395064, l='ClientLevel', x=-145.68, y=34.00, z=54.33] does not have attribute null
[22:42:35] [Render thread/WARN]: Ignoring player info update for unknown player 56019dc1-092d-495f-932a-cc9b681b62e3
[22:42:36] [Render thread/WARN]: Entity class_746['khanhnotbruh'/2395064, l='ClientLevel', x=-145.65, y=34.80, z=54.12] does not have attribute null
[22:42:36] [Render thread/WARN]: Ignoring player info update for unknown player 9b54b95c-a96c-390e-b954-1c05af5ccda3
[22:42:36] [Render thread/INFO]: [System] [CHAT] alliwantisyounow has reached the goal [Postmortal]
[22:42:37] [Render thread/INFO]: [System] [CHAT] nhiklopi: lt3 tpa me
[22:42:37] [Render thread/WARN]: Entity class_745['vinhminebk'/2394303, l='ClientLevel', x=-141.30, y=10.00, z=50.75] does not have attribute null
[22:42:39] [Render thread/WARN]: Entity class_745['vinhminebk'/2394303, l='ClientLevel', x=-141.36, y=10.00, z=50.71] does not have attribute null
[22:42:41] [Render thread/WARN]: Entity class_745['vinhminebk'/2394303, l='ClientLevel', x=-142.12, y=10.00, z=50.90] does not have attribute null
[22:42:41] [Render thread/INFO]: [System] [CHAT] SkyElder has reached the goal [Postmortal]
[22:42:44] [Render thread/INFO]: [System] [CHAT] PlentyWistle has made the advancement [Ol' Betsy]
[22:42:45] [Render thread/INFO]: [System] [CHAT] PlentyWistle has made the advancement [Take Aim]
[22:42:45] [Render thread/WARN]: Entity class_746['khanhnotbruh'/2395064, l='ClientLevel', x=-142.45, y=11.21, z=49.48] does not have attribute null
[22:42:46] [Render thread/INFO]: [System] [CHAT] D3faultSk1ll_ has made the advancement [Stone Age]
[22:42:46] [Render thread/WARN]: Ignoring player info update for unknown player 00cf4aac-2f7f-3d1d-b511-3537badf897d
[22:42:46] [Render thread/INFO]: [System] [CHAT] Seafox_X_Ocean has made the advancement [The End?]
[22:42:47] [Render thread/WARN]: Entity class_746['khanhnotbruh'/2395064, l='ClientLevel', x=-141.47, y=10.00, z=48.01] does not have attribute null
[22:42:47] [Render thread/WARN]: Entity class_745['vinhminebk'/2394303, l='ClientLevel', x=-148.60, y=9.00, z=53.31] does not have attribute null
[22:42:51] [Render thread/INFO]: [System] [CHAT] _x4everh3rs has made the advancement [The End?]
[22:42:51] [Render thread/INFO]: [System] [CHAT] Zarmloww: start?
[22:42:51] [Render thread/WARN]: Entity class_746['khanhnotbruh'/2395064, l='ClientLevel', x=-140.30, y=10.00, z=47.30] does not have attribute null
[22:42:52] [Render thread/INFO]: [System] [CHAT] tazmukbang has made the advancement [Stone Age]
[22:42:52] [Render thread/WARN]: Ignoring player info update for unknown player e81c725d-d3f5-3db7-8b7f-848b39301377
[22:42:52] [Render thread/INFO]: [System] [CHAT] Seafox_X_Ocean has reached the goal [Postmortal]
[22:42:52] [Render thread/INFO]: [System] [CHAT] onlycheata899 has made the advancement [Monster Hunter]
[22:42:52] [Render thread/INFO]: [System] [CHAT] (☠) bincute56327 fell from a high spot.
[22:42:53] [Render thread/WARN]: Ignoring player info update for unknown player 1a38b14e-0e25-48f9-ba90-da0ada078309
[22:42:53] [Render thread/WARN]: Ignoring player info update for unknown player 2c3b50b9-27a0-3653-b52b-f8859a840630
[22:42:53] [Render thread/INFO]: [System] [CHAT] khanhnotbruh has made the advancement [Ol' Betsy]
[22:42:53] [Render thread/INFO]: Loaded 78 advancements
[22:42:54] [Render thread/INFO]: [System] [CHAT] khanhnotbruh has made the advancement [Take Aim]
[22:42:54] [Render thread/INFO]: Loaded 81 advancements
[22:42:54] [Render thread/WARN]: Entity class_745['vinhminebk'/2394303, l='ClientLevel', x=-145.30, y=10.00, z=48.59] does not have attribute null
[22:42:55] [Render thread/INFO]: [System] [CHAT] khoavn2213 has reached the goal [Postmortal]
[22:42:56] [Render thread/INFO]: [System] [CHAT] 
[22:42:56] [Render thread/INFO]: [System] [CHAT]  Audi1066 ᴡᴀs ᴋɪᴄᴋᴇᴅ ʙʏ  
[22:42:57] [Render thread/WARN]: Ignoring player info update for unknown player 00000000-0000-0000-0009-01fdc9536ad4
[22:42:58] [Render thread/WARN]: Ignoring player info update for unknown player 9f166da8-5ba0-35cc-a58a-f520ae8ca43b
[22:42:58] [Render thread/WARN]: Entity class_746['khanhnotbruh'/2395064, l='ClientLevel', x=-139.30, y=9.00, z=48.35] does not have attribute null
[22:43:00] [Render thread/INFO]: [System] [CHAT] quann999 has made the advancement [The End?]
[22:43:00] [Render thread/INFO]: [System] [CHAT] PlentyWistle has reached the goal [Postmortal]
[22:43:01] [Render thread/INFO]: [System] [CHAT] Sw0rd_Critz has completed the challenge [Over-Overkill]
[22:43:01] [Render thread/INFO]: [System] [CHAT] khoavn2213 has made the advancement [Stone Age]
[22:43:02] [Render thread/INFO]: [System] [CHAT] (⚔) RockingLegendOG killed MrTomato21.
[22:43:02] [Render thread/INFO]: [System] [CHAT] SkyElder: ggs
[22:43:07] [Render thread/INFO]: [System] [CHAT] ngcanh: lt3 tp me
[22:43:07] [Render thread/INFO]: [System] [CHAT] -1 Points
[22:43:07] [Render thread/INFO]: [System] [CHAT] +1 Death
[22:43:07] [Render thread/INFO]: [System] [CHAT] (⚔) vinhminebk killed khanhnotbruh.
[22:43:07] [Render thread/INFO]: Loaded 110 advancements
[22:43:07] [Render thread/WARN]: Ignoring player info update for unknown player 90b49cc6-88e4-4da3-b358-7c54a7e28911
[22:43:08] [Render thread/INFO]: Stopping worker threads
[22:43:08] [Render thread/INFO]: Started 1 worker threads
[22:43:08] [Render thread/INFO]: Stopping worker threads
[22:43:08] [Render thread/INFO]: Started 1 worker threads
[22:43:08] [Render thread/WARN]: Entity class_746['khanhnotbruh'/2395064, l='ClientLevel', x=0.55, y=65.00, z=-6.49] does not have attribute null
[22:43:08] [Render thread/WARN]: Entity class_745['BxngTo'/2001190, l='ClientLevel', x=2.01, y=65.00, z=-7.75] does not have attribute null
[22:43:08] [Render thread/WARN]: Entity class_745['Kartel_Joy'/2338365, l='ClientLevel', x=0.56, y=65.00, z=-6.74] does not have attribute null
[22:43:08] [Render thread/WARN]: Entity class_745['haihai'/2378064, l='ClientLevel', x=13.59, y=65.00, z=-5.57] does not have attribute null
[22:43:08] [Render thread/WARN]: Entity class_745['61vFex'/2066085, l='ClientLevel', x=0.55, y=65.00, z=-6.49] does not have attribute null
[22:43:08] [Render thread/WARN]: Entity class_745['Sub2_Velocity'/2315322, l='ClientLevel', x=0.55, y=65.00, z=-6.49] does not have attribute null
[22:43:08] [Render thread/WARN]: Entity class_745['khang2kkk'/2034321, l='ClientLevel', x=0.55, y=65.00, z=-6.49] does not have attribute null
[22:43:08] [Render thread/WARN]: Entity class_745['huyquanhoaaa'/2092743, l='ClientLevel', x=7.70, y=65.00, z=-10.30] does not have attribute null
[22:43:08] [Render thread/WARN]: Entity class_745['ChangKhoYeuEm'/2421545, l='ClientLevel', x=0.56, y=65.00, z=-6.74] does not have attribute null
[22:43:08] [Render thread/WARN]: Entity class_745['SieuNhanGao3669'/2378758, l='ClientLevel', x=0.55, y=65.00, z=-6.49] does not have attribute null
[22:43:08] [Render thread/WARN]: Entity class_745['.JT_Sabito_7'/2349553, l='ClientLevel', x=5.25, y=65.00, z=-10.82] does not have attribute null
[22:43:08] [Render thread/WARN]: Entity class_745['hungabsggvn'/2420547, l='ClientLevel', x=0.55, y=65.00, z=-6.49] does not have attribute null
[22:43:08] [Render thread/WARN]: Entity class_745['.ImAboutTocu1897'/2308869, l='ClientLevel', x=0.55, y=65.00, z=-6.49] does not have attribute null
[22:43:08] [Render thread/WARN]: Entity class_745['MrTomato21'/2353239, l='ClientLevel', x=0.55, y=65.00, z=-6.49] does not have attribute null
[22:43:09] [Render thread/WARN]: Entity class_745['BaByRexPvP'/2364359, l='ClientLevel', x=0.55, y=65.00, z=-6.49] does not have attribute null
[22:43:09] [Render thread/WARN]: Entity class_745['alliwantisyounow'/2413679, l='ClientLevel', x=3.55, y=65.00, z=-12.34] does not have attribute null
[22:43:09] [Render thread/WARN]: Entity class_745['D3faultSk1ll_'/2409846, l='ClientLevel', x=0.56, y=65.00, z=-6.92] does not have attribute null
[22:43:09] [Render thread/WARN]: Entity class_745['.Mengchou1204'/2420515, l='ClientLevel', x=0.21, y=65.00, z=-10.89] does not have attribute null
[22:43:09] [Render thread/WARN]: Entity class_745['DangerMarlow_Jr'/2247315, l='ClientLevel', x=4.35, y=65.00, z=-7.15] does not have attribute null
[22:43:09] [Render thread/WARN]: Entity class_745['DonutBoyBTW'/2333573, l='ClientLevel', x=0.55, y=65.00, z=-6.49] does not have attribute null
[22:43:09] [Render thread/WARN]: Entity class_745['uchihaagatsuki'/2385492, l='ClientLevel', x=0.55, y=65.00, z=-6.49] does not have attribute null
[22:43:09] [Render thread/WARN]: Entity class_745['ZIPREN'/2215184, l='ClientLevel', x=-0.06, y=65.00, z=-14.78] does not have attribute null
[22:43:09] [Render thread/WARN]: Entity class_745['User123name'/2377487, l='ClientLevel', x=-2.51, y=65.00, z=-10.96] does not have attribute null
[22:43:09] [Render thread/WARN]: Entity class_745['ALLAY_PVP'/2420085, l='ClientLevel', x=-0.18, y=65.00, z=-12.67] does not have attribute null
[22:43:09] [Render thread/WARN]: Entity class_745['XzermarketMC'/2082027, l='ClientLevel', x=28.32, y=65.00, z=-23.27] does not have attribute null
[22:43:09] [Render thread/WARN]: Entity class_745['anhbabunbo'/2397966, l='ClientLevel', x=-14.68, y=65.00, z=-18.66] does not have attribute null
[22:43:09] [Render thread/WARN]: Entity class_745['_ItzDatkg_'/2269244, l='ClientLevel', x=30.62, y=65.00, z=-19.33] does not have attribute null
[22:43:09] [Render thread/WARN]: Entity class_745['TDANGCAPVAIDAI'/2327879, l='ClientLevel', x=-0.54, y=65.00, z=-19.91] does not have attribute null
[22:43:09] [Render thread/WARN]: Entity class_745['kotmkings'/2370633, l='ClientLevel', x=-2.17, y=65.00, z=-19.11] does not have attribute null
[22:43:09] [Render thread/WARN]: Entity class_745['bincute56327'/2326446, l='ClientLevel', x=-12.23, y=65.00, z=-17.00] does not have attribute null
[22:43:09] [Render thread/WARN]: Entity class_745['.Ekai_zor9007'/2395212, l='ClientLevel', x=0.55, y=65.00, z=-6.49] does not have attribute null
[22:43:09] [Render thread/WARN]: Entity class_745['Sunset_Lov3r'/2413984, l='ClientLevel', x=-6.70, y=65.00, z=36.70] does not have attribute null
[22:43:09] [Render thread/WARN]: Entity class_745['NoMercyX'/2334312, l='ClientLevel', x=-5.27, y=65.06, z=35.01] does not have attribute null
[22:43:10] [Render thread/WARN]: Entity class_745['ChangKhoYeuEm'/2421545, l='ClientLevel', x=0.76, y=65.00, z=-10.37] does not have attribute null
[22:43:10] [Render thread/INFO]: [System] [CHAT] TongTongsahurr has reached the goal [Postmortal]
[22:43:11] [Render thread/WARN]: Entity class_745['.Onion6678'/2413904, l='ClientLevel', x=-1.62, y=66.57, z=39.63] does not have attribute null
[22:43:11] [Render thread/INFO]: [System] [CHAT] KNTxFLEEXIS has reached the goal [Postmortal]
[22:43:11] [Render thread/INFO]: [System] [CHAT] CHINULOL: anyone wanna tpa for 1v1 bedrock fight
[22:43:11] [Render thread/INFO]: [System] [CHAT] Kit 1 loaded!
[22:43:11] [Render thread/INFO]: [System] [CHAT] ngcanh: lt3 tp me
[22:43:12] [Render thread/WARN]: Ignoring player info update for unknown player 43e4eced-9a19-3b5d-93d0-c1adb5331c74
[22:43:12] [Render thread/WARN]: Entity class_745['Audi1066'/2421913, l='ClientLevel', x=0.55, y=65.00, z=-6.49] does not have attribute null
[22:43:12] [Render thread/WARN]: Entity class_745['Audi1066'/2421913, l='ClientLevel', x=0.55, y=65.00, z=-6.49] does not have attribute null
[22:43:12] [Render thread/INFO]: [System] [CHAT] quann999 has reached the goal [Postmortal]
[22:43:12] [Render thread/WARN]: Ignoring player info update for unknown player 1a38b14e-0e25-48f9-ba90-da0ada078309
[22:43:12] [Render thread/WARN]: Entity class_745['Darkstar_911'/2421901, l='ClientLevel', x=0.55, y=65.00, z=-6.49] does not have attribute null
[22:43:12] [Render thread/WARN]: Entity class_745['Darkstar_911'/2421901, l='ClientLevel', x=0.55, y=65.00, z=-6.49] does not have attribute null
[22:43:12] [Render thread/INFO]: [System] [CHAT] 
[22:43:12] [Render thread/INFO]: [System] [CHAT]  CuongDepTraii ᴡᴀs ᴋɪᴄᴋᴇᴅ ʙʏ  
[22:43:13] [Render thread/WARN]: Entity class_745['hungabsggvn'/2420547, l='ClientLevel', x=0.75, y=65.00, z=-14.84] does not have attribute null
[22:43:14] [Render thread/INFO]: [System] [CHAT] 
[22:43:14] [Render thread/INFO]: [System] [CHAT]  pllower ᴡᴀs ᴋɪᴄᴋᴇᴅ ʙʏ  
[22:43:14] [Render thread/WARN]: Entity class_745['simi21323'/2396625, l='ClientLevel', x=0.55, y=65.00, z=-6.49] does not have attribute null
[22:43:14] [Render thread/INFO]: [System] [CHAT] ngcanh: lt3 tp me
[22:43:15] [Render thread/INFO]: Stopping worker threads
[22:43:15] [Render thread/INFO]: Started 1 worker threads
[22:43:15] [Render thread/INFO]: Stopping worker threads
[22:43:15] [Render thread/INFO]: Started 1 worker threads
[22:43:15] [Render thread/WARN]: Entity class_746['khanhnotbruh'/2395064, l='ClientLevel', x=-142.94, y=9.31, z=51.17] does not have attribute null
[22:43:15] [Render thread/WARN]: Entity class_745['vinhminebk'/2394303, l='ClientLevel', x=-143.79, y=9.00, z=47.88] does not have attribute null
[22:43:16] [Render thread/INFO]: [System] [CHAT] zaeckker has made the advancement [The End?]
[22:43:16] [Render thread/INFO]: [System] [CHAT] nischc has reached the goal [Postmortal]
[22:43:16] [Render thread/INFO]: [System] [CHAT] KNTxFLEEXIS has made the advancement [Stone Age]
[22:43:17] [Render thread/WARN]: Entity class_746['khanhnotbruh'/2395064, l='ClientLevel', x=-143.30, y=10.00, z=51.97] does not have attribute null
[22:43:18] [Render thread/WARN]: Entity class_745['vinhminebk'/2394303, l='ClientLevel', x=-143.80, y=9.00, z=48.41] does not have attribute null
[22:43:18] [Render thread/WARN]: Entity class_746['khanhnotbruh'/2395064, l='ClientLevel', x=-143.28, y=10.09, z=52.48] does not have attribute null
[22:43:18] [Render thread/INFO]: [System] [CHAT] kemdauxinhgai has made the advancement [Stone Age]
[22:43:21] [Render thread/WARN]: Entity class_746['khanhnotbruh'/2395064, l='ClientLevel', x=-143.32, y=10.77, z=57.32] does not have attribute null
[22:43:22] [Render thread/INFO]: [System] [CHAT] .JT_Sabito_7 has made the advancement [The End?]
[22:43:22] [Render thread/INFO]: [System] [CHAT] .Onion6678 has made the advancement [The End?]
[22:43:22] [Render thread/INFO]: [System] [CHAT] NoMercyX has made the advancement [The End?]
[22:43:23] [Render thread/WARN]: Entity class_746['khanhnotbruh'/2395064, l='ClientLevel', x=-143.33, y=9.17, z=59.70] does not have attribute null
[22:43:24] [Render thread/INFO]: [System] [CHAT] PlentyWistle has made the advancement [Stone Age]
[22:43:25] [Render thread/INFO]: [System] [CHAT] SkyElder has made the advancement [Stone Age]
[22:43:26] [Render thread/INFO]: [System] [CHAT] TongTongsahurr has made the advancement [Ol' Betsy]
[22:43:27] [Render thread/INFO]: [System] [CHAT] CHINULOL: tpa for 1v1
[22:43:27] [Render thread/WARN]: Entity class_745['vinhminebk'/2394303, l='ClientLevel', x=-142.42, y=7.00, z=57.17] does not have attribute null
[22:43:27] [Render thread/WARN]: Entity class_746['khanhnotbruh'/2395064, l='ClientLevel', x=-143.02, y=5.95, z=60.76] does not have attribute null
[22:43:28] [Render thread/WARN]: Entity class_745['vinhminebk'/2394303, l='ClientLevel', x=-142.47, y=7.00, z=57.08] does not have attribute null
[22:43:28] [Render thread/INFO]: [System] [CHAT] uchihaagatsuki has reached the goal [Sky's the Limit]
[22:43:29] [Render thread/WARN]: Entity class_745['vinhminebk'/2394303, l='ClientLevel', x=-142.07, y=6.49, z=55.50] does not have attribute null
[22:43:29] [Render thread/WARN]: Entity class_746['khanhnotbruh'/2395064, l='ClientLevel', x=-143.56, y=5.00, z=61.40] does not have attribute null
[22:43:29] [Render thread/INFO]: [System] [CHAT] .Mengchou1204 has reached the goal [Postmortal]
[22:43:29] [Render thread/INFO]: [System] [CHAT] 
[22:43:29] [Render thread/INFO]: [System] [CHAT]  lum1se1nce ᴡᴀs ᴋɪᴄᴋᴇᴅ ʙʏ  
[22:43:30] [Render thread/INFO]: [System] [CHAT] Audi1066 has reached the goal [Postmortal]
[22:43:30] [Render thread/WARN]: Ignoring player info update for unknown player 82085b22-e73b-3c35-827a-b7cd8052d3f8
[22:43:30] [Render thread/INFO]: [System] [CHAT] TongTongsahurr has made the advancement [Stone Age]
[22:43:32] [Render thread/INFO]: [System] [CHAT] CHINULOL: tpa for 1v1
[22:43:32] [Render thread/INFO]: [System] [CHAT] SkyElder: gg
[22:43:32] [Render thread/WARN]: Ignoring player info update for unknown player 642fb1ad-f74e-4667-9237-8953c7a57315
[22:43:33] [Render thread/WARN]: Entity class_746['khanhnotbruh'/2395064, l='ClientLevel', x=-143.93, y=2.95, z=60.42] does not have attribute null
[22:43:33] [Render thread/WARN]: Entity class_745['vinhminebk'/2394303, l='ClientLevel', x=-142.59, y=3.00, z=57.25] does not have attribute null
[22:43:34] [Render thread/WARN]: Entity class_745['vinhminebk'/2394303, l='ClientLevel', x=-142.58, y=3.00, z=57.40] does not have attribute null
[22:43:35] [Render thread/WARN]: Entity class_745['vinhminebk'/2394303, l='ClientLevel', x=-141.93, y=2.56, z=56.83] does not have attribute null
[22:43:35] [Render thread/WARN]: Entity class_746['khanhnotbruh'/2395064, l='ClientLevel', x=-144.82, y=1.00, z=60.70] does not have attribute null
[22:43:35] [Render thread/INFO]: [System] [CHAT] CHINULOL: tpa for 1v1
[22:43:37] [Render thread/WARN]: Ignoring player info update for unknown player 00000000-0000-0000-0009-01ffe461da1d
[22:43:38] [Render thread/WARN]: Entity class_746['khanhnotbruh'/2395064, l='ClientLevel', x=-143.68, y=1.54, z=58.71] does not have attribute null
[22:43:39] [Render thread/INFO]: [System] [CHAT] CHINULOL: tpa for 1v1
[22:43:39] [Render thread/WARN]: Entity class_745['vinhminebk'/2394303, l='ClientLevel', x=-143.91, y=1.00, z=60.34] does not have attribute null
[22:43:40] [Render thread/WARN]: Entity class_746['khanhnotbruh'/2395064, l='ClientLevel', x=-143.30, y=1.02, z=58.30] does not have attribute null
[22:43:41] [Render thread/INFO]: [System] [CHAT] .Onion6678 has made the advancement [Monster Hunter]
[22:43:41] [Render thread/WARN]: Entity class_745['vinhminebk'/2394303, l='ClientLevel', x=-143.62, y=1.00, z=60.41] does not have attribute null
[22:43:42] [Render thread/WARN]: Ignoring player info update for unknown player 4721e3f2-f94e-3db4-8652-6e60fb8c5933
[22:43:43] [Render thread/WARN]: Entity class_746['khanhnotbruh'/2395064, l='ClientLevel', x=-143.19, y=-1.00, z=57.30] does not have attribute null
[22:43:43] [Render thread/INFO]: [System] [CHAT] CHINULOL: tpa for 1v1
[22:43:43] [Render thread/INFO]: [System] [CHAT] ALLAY_PVP has made the advancement [Not Quite "Nine" Lives]
[22:43:44] [Render thread/WARN]: Entity class_745['vinhminebk'/2394303, l='ClientLevel', x=-143.83, y=-0.60, z=62.70] does not have attribute null
[22:43:44] [Render thread/WARN]: Ignoring player info update for unknown player 3bbef51c-f0d5-311f-a6b4-bffed042c266
[22:43:45] [Render thread/INFO]: [System] [CHAT] SkyElder: ggs
[22:43:46] [Render thread/WARN]: Entity class_746['khanhnotbruh'/2395064, l='ClientLevel', x=-145.30, y=-3.00, z=59.80] does not have attribute null
[22:43:46] [Render thread/INFO]: [System] [CHAT] baodzz has reached the goal [Postmortal]
[22:43:46] [Render thread/WARN]: Ignoring player info update for unknown player 1a38b14e-0e25-48f9-ba90-da0ada078309
[22:43:48] [Render thread/INFO]: [System] [CHAT] TheyCallMeLyee: ez hack
[22:43:48] [Render thread/WARN]: Entity class_746['khanhnotbruh'/2395064, l='ClientLevel', x=-145.47, y=-4.00, z=59.92] does not have attribute null
[22:43:48] [Render thread/INFO]: [System] [CHAT] kziroal has made the advancement [Cover Me with Diamonds]
[22:43:49] [Render thread/WARN]: Entity class_745['vinhminebk'/2394303, l='ClientLevel', x=-144.33, y=-4.08, z=61.34] does not have attribute null
[22:43:51] [Render thread/INFO]: [System] [CHAT] SkyElder has made the advancement [The End?]
[22:43:52] [Render thread/INFO]: [System] [CHAT] Realitz_Zyntrax has made the advancement [Stone Age]
[22:43:53] [Render thread/WARN]: Entity class_746['khanhnotbruh'/2395064, l='ClientLevel', x=-144.48, y=-5.00, z=58.30] does not have attribute null
[22:43:53] [Render thread/INFO]: [System] [CHAT] lum1se1nce has made the advancement [Ol' Betsy]
[22:43:54] [Render thread/WARN]: Entity class_746['khanhnotbruh'/2395064, l='ClientLevel', x=-144.48, y=-5.00, z=58.30] does not have attribute null
[22:43:54] [Render thread/WARN]: Entity class_745['vinhminebk'/2394303, l='ClientLevel', x=-144.34, y=-5.00, z=61.88] does not have attribute null
[22:43:54] [Render thread/INFO]: [System] [CHAT] 1nonly: burh
[22:43:54] [Render thread/INFO]: [System] [CHAT] xautraihijhij has made the advancement [Stone Age]
[22:43:54] [Render thread/INFO]: [System] [CHAT] lum1se1nce has made the advancement [Take Aim]
[22:43:55] [Render thread/WARN]: Ignoring player info update for unknown player 757ab266-32e2-4819-96f7-6ea27bd03ec3
[22:43:57] [Render thread/WARN]: Entity class_745['vinhminebk'/2394303, l='ClientLevel', x=-144.18, y=-5.00, z=60.46] does not have attribute null
[22:43:57] [Render thread/WARN]: Entity class_746['khanhnotbruh'/2395064, l='ClientLevel', x=-143.75, y=-4.89, z=58.75] does not have attribute null
[22:43:57] [Render thread/INFO]: [System] [CHAT] 
[22:43:57] [Render thread/INFO]: [System] [CHAT]  kemdauxinhgai ᴡᴀs ᴋɪᴄᴋᴇᴅ ʙʏ  
[22:43:57] [Render thread/INFO]: [System] [CHAT] huyquanhoaaa has made the advancement [Monster Hunter]
[22:43:58] [Render thread/INFO]: [System] [CHAT] .Onion6678 has reached the goal [Postmortal]
[22:43:58] [Render thread/INFO]: [System] [CHAT] 1nonly: fking ***
[22:44:01] [Render thread/INFO]: [System] [CHAT] ALLAY_PVP has reached the goal [Postmortal]
[22:44:02] [Render thread/WARN]: Ignoring player info update for unknown player 1a38b14e-0e25-48f9-ba90-da0ada078309
[22:44:02] [Render thread/INFO]: [System] [CHAT] .Jamewick3414: mean na ke jg lg mece pvp ot
[22:44:05] [Render thread/INFO]: [System] [CHAT] Namkhangdayyy has made the advancement [Stone Age]
[22:44:05] [Render thread/WARN]: Ignoring player info update for unknown player 617e1391-621f-3561-86cc-26f15d5fb4a1
[22:44:05] [Render thread/WARN]: Ignoring player info update for unknown player 248d8f19-7573-4127-b255-9e353f472c00
[22:44:06] [Render thread/INFO]: [System] [CHAT] xautraihijhij: kk
[22:44:07] [Render thread/INFO]: [System] [CHAT] Namkhangdayyy has made the advancement [Not Quite "Nine" Lives]
[22:44:07] [Render thread/WARN]: Entity class_745['vinhminebk'/2394303, l='ClientLevel', x=-145.81, y=-4.00, z=60.05] does not have attribute null
[22:44:08] [Render thread/WARN]: Entity class_745['vinhminebk'/2394303, l='ClientLevel', x=-145.79, y=-4.00, z=60.00] does not have attribute null
[22:44:09] [Render thread/INFO]: [System] [CHAT] 
[22:44:09] [Render thread/INFO]: [System] [CHAT]  Seafox_X_Ocean ᴡᴀs ᴋɪᴄᴋᴇᴅ ʙʏ  
[22:44:10] [Render thread/INFO]: [System] [CHAT] xautraihijhij: gg ha
[22:44:12] [Render thread/WARN]: Ignoring player info update for unknown player 56019dc1-092d-495f-932a-cc9b681b62e3
[22:44:12] [Render thread/WARN]: Entity class_745['vinhminebk'/2394303, l='ClientLevel', x=-146.44, y=-9.00, z=60.90] does not have attribute null
[22:44:12] [Render thread/INFO]: [System] [CHAT] kemdauxinhgai: xautraihijhij
[22:44:12] [Render thread/INFO]: [System] [CHAT] SkyElder: ez
[22:44:13] [Render thread/INFO]: [System] [CHAT] SkyElder has made the advancement [The City at the End of the Game]
[22:44:13] [Render thread/INFO]: [System] [CHAT] lum1se1nce has reached the goal [Postmortal]
[22:44:14] [Render thread/WARN]: Entity class_746['khanhnotbruh'/2395064, l='ClientLevel', x=-145.16, y=-11.00, z=58.70] does not have attribute null
[22:44:14] [Render thread/INFO]: [System] [CHAT] ALLAY_PVP has made the advancement [Stone Age]
[22:44:15] [Render thread/INFO]: [System] [CHAT] -1 Points
[22:44:15] [Render thread/INFO]: [System] [CHAT] +1 Death
[22:44:15] [Render thread/WARN]: Entity class_745['vinhminebk'/2394303, l='ClientLevel', x=-144.91, y=-10.85, z=60.48] does not have attribute null
[22:44:15] [Render thread/WARN]: Entity class_746['khanhnotbruh'/2395064, l='ClientLevel', x=-145.92, y=-9.70, z=57.06] does not have attribute null
[22:44:16] [Render thread/WARN]: Entity class_745['vinhminebk'/2394303, l='ClientLevel', x=-144.91, y=-10.96, z=61.58] does not have attribute null
[22:44:16] [Render thread/INFO]: [System] [CHAT] ngcanh: lt3 tp me
[22:44:17] [Render thread/WARN]: Ignoring player info update for unknown player 1a38b14e-0e25-48f9-ba90-da0ada078309
[22:44:18] [Render thread/INFO]: Stopping worker threads
[22:44:18] [Render thread/INFO]: Started 1 worker threads
[22:44:18] [Render thread/INFO]: Stopping worker threads
[22:44:18] [Render thread/INFO]: Started 1 worker threads
[22:44:18] [Render thread/WARN]: Entity class_746['khanhnotbruh'/2395064, l='ClientLevel', x=0.55, y=65.00, z=-6.49] does not have attribute null
[22:44:18] [Render thread/INFO]: [System] [CHAT] HT_5 has made the advancement [The End?]
[22:44:18] [Render thread/INFO]: [System] [CHAT] TongTongsahurr has made the advancement [The End?]
[22:44:18] [Render thread/WARN]: Entity class_745['JTM_MIKILA'/2426861, l='ClientLevel', x=0.55, y=65.00, z=-6.49] does not have attribute null
[22:44:18] [Render thread/WARN]: Entity class_745['haihai'/2378064, l='ClientLevel', x=13.59, y=65.00, z=-5.57] does not have attribute null
[22:44:18] [Render thread/WARN]: Entity class_745['Sub2_Velocity'/2315322, l='ClientLevel', x=0.55, y=65.00, z=-6.49] does not have attribute null
[22:44:18] [Render thread/WARN]: Entity class_745['HUYNHCONGDATVN'/2335773, l='ClientLevel', x=0.55, y=65.00, z=-6.49] does not have attribute null
[22:44:18] [Render thread/WARN]: Entity class_745['khang2kkk'/2034321, l='ClientLevel', x=0.55, y=65.00, z=-6.49] does not have attribute null
[22:44:18] [Render thread/WARN]: Entity class_745['Villan_yt123'/2076513, l='ClientLevel', x=0.55, y=65.00, z=-6.49] does not have attribute null
[22:44:18] [Render thread/WARN]: Entity class_745['ngchssieuga'/2286400, l='ClientLevel', x=6.09, y=65.06, z=-9.35] does not have attribute null
[22:44:18] [Render thread/WARN]: Entity class_745['.ImAboutTocu1897'/2308869, l='ClientLevel', x=0.55, y=65.00, z=-6.49] does not have attribute null
[22:44:18] [Render thread/WARN]: Entity class_745['BaByRexPvP'/2364359, l='ClientLevel', x=0.55, y=65.00, z=-6.49] does not have attribute null
[22:44:18] [Render thread/WARN]: Entity class_745['KxizoEgoist'/2313009, l='ClientLevel', x=0.55, y=65.00, z=-6.49] does not have attribute null
[22:44:18] [Render thread/WARN]: Entity class_745['.Chaa4812'/2425311, l='ClientLevel', x=1.49, y=65.00, z=-11.55] does not have attribute null
[22:44:18] [Render thread/WARN]: Entity class_745['minhxinacpuy'/2357684, l='ClientLevel', x=0.55, y=65.00, z=-6.49] does not have attribute null
[22:44:18] [Render thread/WARN]: Entity class_745['Seafox_X_Ocean'/2428922, l='ClientLevel', x=0.77, y=65.00, z=-10.41] does not have attribute null
[22:44:18] [Render thread/WARN]: Entity class_745['uchihaagatsuki'/2385492, l='ClientLevel', x=0.55, y=65.00, z=-6.49] does not have attribute null
[22:44:18] [Render thread/WARN]: Entity class_745['XxmenHunterxX'/2303841, l='ClientLevel', x=0.55, y=65.00, z=-6.49] does not have attribute null
[22:44:18] [Render thread/WARN]: Entity class_745['Darkstar_911'/2429622, l='ClientLevel', x=0.55, y=65.00, z=-6.49] does not have attribute null
[22:44:18] [Render thread/WARN]: Entity class_745['ZIPREN'/2215184, l='ClientLevel', x=-0.06, y=65.00, z=-14.78] does not have attribute null
[22:44:18] [Render thread/WARN]: Entity class_745['anhbabunbo'/2397966, l='ClientLevel', x=-4.30, y=65.00, z=-13.91] does not have attribute null
[22:44:18] [Render thread/WARN]: Entity class_745['kemdauxinhgai'/2428370, l='ClientLevel', x=-3.73, y=65.00, z=-8.93] does not have attribute null
[22:44:18] [Render thread/WARN]: Entity class_745['TurtleMaster101'/2353465, l='ClientLevel', x=-4.58, y=65.42, z=-15.10] does not have attribute null
[22:44:18] [Render thread/WARN]: Entity class_745['simi21323'/2396625, l='ClientLevel', x=4.70, y=65.00, z=22.85] does not have attribute null
[22:44:18] [Render thread/WARN]: Entity class_745['TDANGCAPVAIDAI'/2327879, l='ClientLevel', x=-0.54, y=65.00, z=-19.91] does not have attribute null
[22:44:18] [Render thread/WARN]: Entity class_745['DonutBoyBTW'/2333573, l='ClientLevel', x=-2.71, y=65.00, z=-20.08] does not have attribute null
[22:44:18] [Render thread/WARN]: Entity class_745['bincute56327'/2326446, l='ClientLevel', x=-4.62, y=65.00, z=-17.08] does not have attribute null
[22:44:18] [Render thread/WARN]: Entity class_745['huyquanhoaaa'/2092743, l='ClientLevel', x=-3.26, y=65.00, z=-17.97] does not have attribute null
[22:44:18] [Render thread/WARN]: Entity class_745['TurtleMaster101'/2353465, l='ClientLevel', x=-5.29, y=66.18, z=-16.86] does not have attribute null
[22:44:18] [Render thread/WARN]: Entity class_745['XzermarketMC'/2082027, l='ClientLevel', x=28.32, y=65.00, z=-23.27] does not have attribute null
[22:44:18] [Render thread/WARN]: Entity class_745['MrTomato21'/2353239, l='ClientLevel', x=20.73, y=66.24, z=-24.01] does not have attribute null
[22:44:18] [Render thread/WARN]: Entity class_745['Sunset_Lov3r'/2413984, l='ClientLevel', x=-29.70, y=67.00, z=-6.30] does not have attribute null
[22:44:18] [Render thread/WARN]: Entity class_745['_ItzDatkg_'/2269244, l='ClientLevel', x=30.62, y=65.00, z=-19.33] does not have attribute null
[22:44:19] [Render thread/WARN]: Entity class_745['lethoso124'/2328781, l='ClientLevel', x=0.55, y=65.00, z=-6.49] does not have attribute null
[22:44:19] [Render thread/WARN]: Entity class_745['4KenJi_'/2295285, l='ClientLevel', x=0.55, y=65.00, z=-6.49] does not have attribute null
[22:44:19] [Render thread/INFO]: [System] [CHAT] _ItzDatkg_ has made the advancement [The End?]
[22:44:19] [Render thread/WARN]: Entity class_745['.Chaa4812'/2425311, l='ClientLevel', x=1.98, y=65.00, z=-11.63] does not have attribute null
[22:44:19] [Render thread/INFO]: [System] [CHAT] Kit 1 loaded!
[22:44:20] [Render thread/INFO]: [System] [CHAT] ChangKhoYeuEm has reached the goal [Postmortal]
[22:44:20] [Render thread/WARN]: Entity class_745['lilpotato4'/2403621, l='ClientLevel', x=0.55, y=65.00, z=-6.49] does not have attribute null
[22:44:20] [Render thread/WARN]: Ignoring player info update for unknown player 79d6c8e5-3c7a-3720-80e3-a44836847eb2
[22:44:20] [Render thread/WARN]: Entity class_745['Itz__Shad0wMc___'/2429916, l='ClientLevel', x=0.55, y=65.00, z=-6.49] does not have attribute null
[22:44:20] [Render thread/WARN]: Entity class_745['Itz__Shad0wMc___'/2429916, l='ClientLevel', x=0.55, y=65.00, z=-6.49] does not have attribute null
[22:44:20] [Render thread/INFO]: [System] [CHAT] Seafox_X_Ocean has made the advancement [The End?]
[22:44:21] [Render thread/INFO]: [System] [CHAT] You have to wait 0sec. before you can use another command.
[22:44:21] [Render thread/INFO]: [System] [CHAT] kemdauxinhgai: t ne xautraihijhij
[22:44:21] [Render thread/INFO]: [System] [CHAT] Azythera has made the advancement [Stone Age]
[22:44:21] [Render thread/INFO]: [System] [CHAT] D0MDEY_Mazer has reached the goal [Postmortal]
[22:44:22] [Render thread/INFO]: [System] [CHAT] NotHerAgain_ has made the advancement [Not Quite "Nine" Lives]
[22:44:23] [Render thread/INFO]: Stopping worker threads
[22:44:23] [Render thread/INFO]: Started 1 worker threads
[22:44:23] [Render thread/INFO]: Stopping worker threads
[22:44:23] [Render thread/INFO]: Started 1 worker threads
[22:44:23] [Render thread/WARN]: Entity class_746['khanhnotbruh'/2395064, l='ClientLevel', x=-145.63, y=-10.29, z=57.79] does not have attribute null
[22:44:23] [Render thread/WARN]: Entity class_745['vinhminebk'/2394303, l='ClientLevel', x=-145.70, y=-11.00, z=60.69] does not have attribute null
[22:44:24] [Render thread/WARN]: Ignoring player info update for unknown player 1a38b14e-0e25-48f9-ba90-da0ada078309
[22:44:25] [Render thread/INFO]: [System] [CHAT] xautraihijhij: adu
[22:44:25] [Render thread/INFO]: [System] [CHAT] ronaldo1992 has reached the goal [Postmortal]
[22:44:25] [Render thread/INFO]: [System] [CHAT] Seafox_X_Ocean has reached the goal [Postmortal]
[22:44:26] [Render thread/WARN]: Entity class_746['khanhnotbruh'/2395064, l='ClientLevel', x=-145.63, y=-11.00, z=57.79] does not have attribute null
[22:44:27] [Render thread/WARN]: Entity class_746['khanhnotbruh'/2395064, l='ClientLevel', x=-145.57, y=-11.00, z=57.68] does not have attribute null
[22:44:28] [Render thread/WARN]: Ignoring player info update for unknown player f886fe7d-c745-372b-ac95-61c13dbb900c
[22:44:29] [Render thread/WARN]: Ignoring player info update for unknown player e53f4866-9a5d-32b0-bdbc-960242f9a308
[22:44:31] [Render thread/WARN]: Ignoring player info update for unknown player eb0e3517-411c-3ee6-910d-5e5cd09cb716
[22:44:31] [Render thread/INFO]: [System] [CHAT] xautraihijhij: kem
[22:44:31] [Render thread/WARN]: Ignoring player info update for unknown player 00adc958-90e9-395f-8be1-5ed5f054dff1
[22:44:32] [Render thread/WARN]: Entity class_746['khanhnotbruh'/2395064, l='ClientLevel', x=-144.70, y=-11.00, z=58.68] does not have attribute null
[22:44:33] [Render thread/INFO]: [System] [CHAT] nhiklopi: lt3 tpa me
[22:44:35] [Render thread/WARN]: Entity class_746['khanhnotbruh'/2395064, l='ClientLevel', x=-145.49, y=-12.81, z=59.24] does not have attribute null
[22:44:36] [Render thread/WARN]: Entity class_746['khanhnotbruh'/2395064, l='ClientLevel', x=-146.70, y=-12.96, z=60.70] does not have attribute null
[22:44:36] [Render thread/INFO]: [System] [CHAT] 
[22:44:36] [Render thread/INFO]: [System] [CHAT]  pllower ᴡᴀs ᴋɪᴄᴋᴇᴅ ʙʏ  
[22:44:37] [Render thread/INFO]: [System] [CHAT] Itz__Shad0wMc___ has reached the goal [Postmortal]
[22:44:37] [Render thread/WARN]: Entity class_745['vinhminebk'/2394303, l='ClientLevel', x=-146.69, y=-14.00, z=58.65] does not have attribute null
[22:44:37] [Render thread/WARN]: Entity class_746['khanhnotbruh'/2395064, l='ClientLevel', x=-147.77, y=-12.99, z=62.66] does not have attribute null
[22:44:38] [Render thread/INFO]: [System] [CHAT] Nonamegamervn has made the advancement [The End?]
[22:44:38] [Render thread/INFO]: [System] [CHAT] SkyElder: ggs
[22:44:39] [Render thread/WARN]: Entity class_746['khanhnotbruh'/2395064, l='ClientLevel', x=-145.33, y=-12.37, z=61.01] does not have attribute null
[22:44:39] [Render thread/INFO]: [System] [CHAT] (⚔) RockingLegendOG killed 1nonly.
[22:44:39] [Render thread/INFO]: [System] [CHAT] .Jamewick3414: tpa mk
[22:44:39] [Render thread/INFO]: [System] [CHAT] -1 Points
[22:44:39] [Render thread/INFO]: [System] [CHAT] +1 Death
[22:44:39] [Render thread/WARN]: Entity class_746['khanhnotbruh'/2395064, l='ClientLevel', x=-144.46, y=-12.96, z=61.82] does not have attribute null
[22:44:40] [Render thread/WARN]: Entity class_745['vinhminebk'/2394303, l='ClientLevel', x=-146.28, y=-14.00, z=59.15] does not have attribute null
[22:44:40] [Render thread/INFO]: [System] [CHAT] datbasuri has made the advancement [The End?]
[22:44:41] [Render thread/INFO]: Stopping worker threads
[22:44:41] [Render thread/INFO]: Started 1 worker threads
[22:44:41] [Render thread/INFO]: Stopping worker threads
[22:44:41] [Render thread/INFO]: Started 1 worker threads
[22:44:41] [Render thread/WARN]: Entity class_746['khanhnotbruh'/2395064, l='ClientLevel', x=0.55, y=65.00, z=-6.49] does not have attribute null
[22:44:41] [Render thread/WARN]: Entity class_745['ZIPREN'/2215184, l='ClientLevel', x=7.90, y=66.00, z=-9.56] does not have attribute null
[22:44:41] [Render thread/WARN]: Entity class_745['JTM_MIKILA'/2426861, l='ClientLevel', x=4.10, y=65.00, z=-8.76] does not have attribute null
[22:44:41] [Render thread/WARN]: Entity class_745['haihai'/2378064, l='ClientLevel', x=13.59, y=65.00, z=-5.57] does not have attribute null
[22:44:41] [Render thread/WARN]: Entity class_745['TurtleMaster101'/2353465, l='ClientLevel', x=6.00, y=65.06, z=-3.98] does not have attribute null
[22:44:41] [Render thread/WARN]: Entity class_745['Sub2_Velocity'/2315322, l='ClientLevel', x=0.55, y=65.00, z=-6.49] does not have attribute null
[22:44:41] [Render thread/WARN]: Entity class_745['minhxinacpuy'/2357684, l='ClientLevel', x=0.55, y=65.00, z=-6.49] does not have attribute null
[22:44:41] [Render thread/WARN]: Entity class_745['khang2kkk'/2034321, l='ClientLevel', x=0.55, y=65.00, z=-6.49] does not have attribute null
[22:44:41] [Render thread/WARN]: Entity class_745['Villan_yt123'/2076513, l='ClientLevel', x=0.55, y=65.00, z=-6.49] does not have attribute null
[22:44:41] [Render thread/WARN]: Entity class_745['User123name'/2377487, l='ClientLevel', x=1.88, y=65.00, z=-3.96] does not have attribute null
[22:44:41] [Render thread/WARN]: Entity class_745['.ImAboutTocu1897'/2308869, l='ClientLevel', x=0.55, y=65.00, z=-6.49] does not have attribute null
[22:44:41] [Render thread/WARN]: Entity class_745['.Chaa4812'/2425311, l='ClientLevel', x=6.64, y=65.06, z=-12.30] does not have attribute null
[22:44:41] [Render thread/WARN]: Entity class_745['BaByRexPvP'/2364359, l='ClientLevel', x=0.55, y=65.00, z=-6.49] does not have attribute null
[22:44:41] [Render thread/WARN]: Entity class_745['quann999'/2417933, l='ClientLevel', x=7.51, y=65.00, z=-10.09] does not have attribute null
[22:44:41] [Render thread/WARN]: Entity class_745['lilpotato4'/2430978, l='ClientLevel', x=7.33, y=65.00, z=-10.54] does not have attribute null
[22:44:41] [Render thread/WARN]: Entity class_745['.Viisxal6897'/2002481, l='ClientLevel', x=0.55, y=65.00, z=-6.49] does not have attribute null
[22:44:41] [Render thread/WARN]: Entity class_745['lethoso124'/2328781, l='ClientLevel', x=0.55, y=65.00, z=-6.49] does not have attribute null
[22:44:41] [Render thread/WARN]: Entity class_745['KxizoEgoist'/2313009, l='ClientLevel', x=0.55, y=65.00, z=-6.49] does not have attribute null
[22:44:41] [Render thread/WARN]: Entity class_745['DangerMarlow_Jr'/2247315, l='ClientLevel', x=6.48, y=65.48, z=-10.56] does not have attribute null
[22:44:41] [Render thread/WARN]: Entity class_745['EpicZen'/2379193, l='ClientLevel', x=0.55, y=65.00, z=-6.49] does not have attribute null
[22:44:41] [Render thread/WARN]: Entity class_745['CHINULOL'/2137152, l='ClientLevel', x=0.55, y=65.00, z=-6.49] does not have attribute null
[22:44:41] [Render thread/WARN]: Entity class_745['HT_5'/2383445, l='ClientLevel', x=0.55, y=65.00, z=-6.49] does not have attribute null
[22:44:41] [Render thread/WARN]: Entity class_745['1nonly'/2402640, l='ClientLevel', x=0.55, y=65.00, z=-6.49] does not have attribute null
[22:44:41] [Render thread/WARN]: Entity class_745['anhbabunbo'/2397966, l='ClientLevel', x=-4.30, y=65.00, z=-13.91] does not have attribute null
[22:44:41] [Render thread/WARN]: Entity class_745['simi21323'/2396625, l='ClientLevel', x=0.08, y=65.00, z=-16.84] does not have attribute null
[22:44:41] [Render thread/WARN]: Entity class_745['TDANGCAPVAIDAI'/2327879, l='ClientLevel', x=-0.54, y=65.00, z=-19.91] does not have attribute null
[22:44:41] [Render thread/WARN]: Entity class_745['Kartel_Joy'/2338365, l='ClientLevel', x=-11.32, y=66.18, z=-19.50] does not have attribute null
[22:44:41] [Render thread/WARN]: Entity class_745['.Onion6678'/2413904, l='ClientLevel', x=-2.89, y=65.00, z=-16.96] does not have attribute null
[22:44:41] [Render thread/WARN]: Entity class_745['bincute56327'/2326446, l='ClientLevel', x=-4.62, y=65.00, z=-17.08] does not have attribute null
[22:44:41] [Render thread/WARN]: Entity class_745['Okhuchbsdb'/2374408, l='ClientLevel', x=-2.82, y=65.00, z=-18.77] does not have attribute null
[22:44:41] [Render thread/WARN]: Entity class_745['minh6970'/2391699, l='ClientLevel', x=-1.98, y=65.00, z=-20.36] does not have attribute null
[22:44:41] [Render thread/WARN]: Entity class_745['00dexter00'/2377507, l='ClientLevel', x=-3.69, y=65.00, z=-19.53] does not have attribute null
[22:44:41] [Render thread/WARN]: Entity class_745['XzermarketMC'/2082027, l='ClientLevel', x=28.32, y=65.00, z=-23.27] does not have attribute null
[22:44:41] [Render thread/WARN]: Entity class_745['Sunset_Lov3r'/2413984, l='ClientLevel', x=-29.70, y=67.00, z=-6.30] does not have attribute null
[22:44:42] [Render thread/WARN]: Entity class_745['.JT_Sabito_7'/2349553, l='ClientLevel', x=0.55, y=65.00, z=-6.49] does not have attribute null
[22:44:42] [Render thread/INFO]: [System] [CHAT] Kit 1 loaded!
[22:44:42] [Render thread/INFO]: [System] [CHAT] 1nonly: buihr
[22:44:43] [Render thread/WARN]: Entity class_745['FMLTUN'/2202486, l='ClientLevel', x=0.55, y=65.00, z=-6.49] does not have attribute null
[22:44:44] [Render thread/WARN]: Ignoring player info update for unknown player 02ce10e2-b253-3f92-b0ff-f760332e6fc6
[22:44:44] [Render thread/WARN]: Entity class_745['Hadi5266'/2432603, l='ClientLevel', x=0.55, y=65.00, z=-6.49] does not have attribute null
[22:44:44] [Render thread/WARN]: Entity class_745['Hadi5266'/2432603, l='ClientLevel', x=0.55, y=65.00, z=-6.49] does not have attribute null
[22:44:44] [Render thread/INFO]: [System] [CHAT] kemdauxinhgai: nhanh k cu
[22:44:45] [Render thread/INFO]: Stopping worker threads
[22:44:45] [Render thread/INFO]: Started 1 worker threads
[22:44:45] [Render thread/INFO]: Stopping worker threads
[22:44:45] [Render thread/INFO]: Started 1 worker threads
[22:44:45] [Render thread/WARN]: Entity class_746['khanhnotbruh'/2395064, l='ClientLevel', x=-144.58, y=-13.00, z=61.44] does not have attribute null
[22:44:45] [Render thread/WARN]: Ignoring player info update for unknown player 00000000-0000-0000-0009-01f322bb5721
[22:44:45] [Render thread/WARN]: Entity class_745['vinhminebk'/2394303, l='ClientLevel', x=-143.13, y=-14.00, z=59.27] does not have attribute null
[22:44:45] [Render thread/INFO]: [System] [CHAT] datbasuri has reached the goal [Postmortal]
[22:44:46] [Render thread/INFO]: [System] [CHAT] kemdauxinhgai has reached the goal [Postmortal]
[22:44:47] [Render thread/WARN]: Entity class_745['vinhminebk'/2394303, l='ClientLevel', x=-144.80, y=-14.00, z=57.61] does not have attribute null
[22:44:47] [Render thread/WARN]: Entity class_746['khanhnotbruh'/2395064, l='ClientLevel', x=-144.63, y=-13.00, z=60.68] does not have attribute null
[22:44:49] [Render thread/WARN]: Entity class_746['khanhnotbruh'/2395064, l='ClientLevel', x=-144.48, y=-13.29, z=59.70] does not have attribute null
[22:44:49] [Render thread/INFO]: [System] [CHAT] 1nonly: ghost
[22:44:49] [Render thread/WARN]: Ignoring player info update for unknown player bd7a052d-e2d3-4b3b-a76a-5107b9414fe9
[22:44:50] [Render thread/WARN]: Entity class_745['vinhminebk'/2394303, l='ClientLevel', x=-144.77, y=-14.00, z=57.44] does not have attribute null
[22:44:50] [Render thread/WARN]: Ignoring player info update for unknown player b89c860d-d835-3505-a672-5d1d006b14bb
[22:44:50] [Render thread/INFO]: [System] [CHAT] _ItzDatkg_: lol
[22:44:50] [Render thread/WARN]: Entity class_746['khanhnotbruh'/2395064, l='ClientLevel', x=-143.30, y=-14.00, z=59.94] does not have attribute null
[22:44:52] [Render thread/WARN]: Ignoring player info update for unknown player 00000000-0000-0000-0009-01fbe6941162
[22:44:53] [Render thread/INFO]: [System] [CHAT] CHINULOL: tpa for 1v1
[22:44:53] [Render thread/INFO]: [System] [CHAT] TurtleMaster101 has made the advancement [The End?]
[22:44:55] [Render thread/INFO]: [System] [CHAT] CHETAN_27D has made the advancement [The End?]
[22:44:57] [Render thread/INFO]: [System] [CHAT] lilpotato4 has reached the goal [Postmortal]
[22:44:57] [Render thread/WARN]: Ignoring player info update for unknown player 7ad9da1c-e247-4fee-8c4a-c22202d1eb10
[22:44:57] [Render thread/WARN]: Entity class_745['vinhminebk'/2394303, l='ClientLevel', x=-141.80, y=-17.00, z=57.59] does not have attribute null
[22:44:58] [Render thread/WARN]: Entity class_746['khanhnotbruh'/2395064, l='ClientLevel', x=-143.70, y=-14.00, z=60.66] does not have attribute null
[22:44:59] [Render thread/INFO]: [System] [CHAT] 
[22:44:59] [Render thread/INFO]: [System] [CHAT]  nhiklopi ᴡᴀs ᴋɪᴄᴋᴇᴅ ʙʏ  
[22:45:00] [Render thread/WARN]: Entity class_746['khanhnotbruh'/2395064, l='ClientLevel', x=-143.05, y=-13.00, z=59.54] does not have attribute null
[22:45:01] [Render thread/INFO]: [System] [CHAT] CHINULOL: tpa for 1v1
[22:45:01] [Render thread/INFO]: [System] [CHAT] TurtleMaster101 has made the advancement [Monster Hunter]
[22:45:02] [Render thread/WARN]: Entity class_745['vinhminebk'/2394303, l='ClientLevel', x=-143.38, y=-17.00, z=59.55] does not have attribute null
[22:45:03] [Render thread/WARN]: Entity class_746['khanhnotbruh'/2395064, l='ClientLevel', x=-141.64, y=-17.91, z=56.18] does not have attribute null
[22:45:04] [Render thread/INFO]: [System] [CHAT] D3faultSk1ll_ has made the advancement [The End?]
[22:45:04] [Render thread/WARN]: Ignoring player info update for unknown player dd4083cd-58b8-349d-806d-e3be672dcf76
[22:45:05] [Render thread/INFO]: [System] [CHAT] SkyElder has made the advancement [Not Quite "Nine" Lives]
[22:45:06] [Render thread/WARN]: Entity class_745['vinhminebk'/2394303, l='ClientLevel', x=-142.13, y=-20.00, z=59.72] does not have attribute null
[22:45:06] [Render thread/INFO]: [System] [CHAT] _ItzDatkg_ has reached the goal [Postmortal]
[22:45:07] [Render thread/WARN]: Ignoring player info update for unknown player 13bfd550-5603-4bb6-8d95-4806a188974f
[22:45:07] [Render thread/INFO]: [System] [CHAT] 
[22:45:07] [Render thread/INFO]: [System] [CHAT]  Nonamegamervn ᴡᴀs ᴋɪᴄᴋᴇᴅ ʙʏ  
[22:45:07] [Render thread/WARN]: Entity class_746['khanhnotbruh'/2395064, l='ClientLevel', x=-142.30, y=-20.00, z=56.70] does not have attribute null
[22:45:09] [Render thread/WARN]: Entity class_746['khanhnotbruh'/2395064, l='ClientLevel', x=-142.30, y=-21.06, z=56.70] does not have attribute null
[22:45:11] [Render thread/WARN]: Entity class_745['vinhminebk'/2394303, l='ClientLevel', x=-142.11, y=-17.97, z=58.32] does not have attribute null
[22:45:11] [Render thread/WARN]: Entity class_745['vinhminebk'/2394303, l='ClientLevel', x=-142.31, y=-18.97, z=58.31] does not have attribute null
[22:45:12] [Render thread/WARN]: Entity class_746['khanhnotbruh'/2395064, l='ClientLevel', x=-142.43, y=-22.00, z=57.54] does not have attribute null
[22:45:12] [Render thread/INFO]: [System] [CHAT] CHETAN_27D has reached the goal [Postmortal]
[22:45:12] [Render thread/WARN]: Ignoring player info update for unknown player e45ee342-7491-3fab-95c7-ae96acba9858
[22:45:13] [Render thread/WARN]: Entity class_746['khanhnotbruh'/2395064, l='ClientLevel', x=-142.42, y=-22.00, z=57.70] does not have attribute null
[22:45:13] [Render thread/WARN]: Entity class_745['vinhminebk'/2394303, l='ClientLevel', x=-143.43, y=-22.00, z=56.77] does not have attribute null
[22:45:14] [Render thread/INFO]: [System] [CHAT] CHINULOL: tpa for 1v1
[22:45:15] [Render thread/INFO]: [System] [CHAT] Linzx911 has made the advancement [Who Needs Rockets?]
[22:45:15] [Render thread/WARN]: Entity class_745['vinhminebk'/2394303, l='ClientLevel', x=-142.97, y=-21.28, z=56.34] does not have attribute null
[22:45:15] [Render thread/INFO]: [System] [CHAT] +1 Points
[22:45:15] [Render thread/WARN]: Entity class_745['vinhminebk'/2394303, l='ClientLevel', x=-143.44, y=-20.76, z=56.54] does not have attribute null
[22:45:17] [Render thread/INFO]: [System] [CHAT] Kit 1 loaded!
[22:45:17] [Render thread/WARN]: Ignoring player info update for unknown player 8c468d16-e4d1-3389-a15b-dbcff6382fc6
[22:45:19] [Render thread/WARN]: Ignoring player info update for unknown player 89bc8a64-c55d-3b5c-a057-cb72ea464322
[22:45:19] [Render thread/WARN]: Entity class_746['khanhnotbruh'/2395064, l='ClientLevel', x=-141.66, y=-22.00, z=57.70] does not have attribute null
[22:45:19] [Render thread/INFO]: [System] [CHAT] Itz__Shad0wMc___ has made the advancement [Stone Age]
[22:45:21] [Render thread/INFO]: [System] [CHAT] 
[22:45:21] [Render thread/INFO]: [System] [CHAT]  Seafox_X_Ocean ᴡᴀs ᴋɪᴄᴋᴇᴅ ʙʏ  
[22:45:21] [Render thread/WARN]: Entity class_746['khanhnotbruh'/2395064, l='ClientLevel', x=-141.89, y=-22.00, z=57.63] does not have attribute null
[22:45:22] [Render thread/WARN]: Ignoring player info update for unknown player f1ca52b9-7e01-3b5e-bcce-ab2e504f2d77
[22:45:22] [Render thread/WARN]: Ignoring player info update for unknown player 0c6678b5-6d24-4cc3-b2cb-ed957a0d8486
[22:45:23] [Render thread/WARN]: Entity class_745['vinhminebk'/2394303, l='ClientLevel', x=-143.63, y=-20.63, z=56.61] does not have attribute null
[22:45:24] [Render thread/INFO]: [System] [CHAT] ZIPREN has made the advancement [The End?]
[22:45:24] [Render thread/WARN]: Ignoring player info update for unknown player 56019dc1-092d-495f-932a-cc9b681b62e3
[22:45:24] [Render thread/INFO]: [System] [CHAT] BaByRexPvP has reached the goal [Postmortal]
[22:45:26] [Render thread/INFO]: [System] [CHAT] xautraihijhij: kem
[22:45:26] [Render thread/WARN]: Entity class_746['khanhnotbruh'/2395064, l='ClientLevel', x=-142.54, y=-22.00, z=56.30] does not have attribute null
[22:45:26] [Render thread/INFO]: [System] [CHAT] Bisherfr has made the advancement [Ol' Betsy]
[22:45:26] [Render thread/INFO]: [System] [CHAT] Seyhafu: acc me
[22:45:27] [Render thread/WARN]: Entity class_745['vinhminebk'/2394303, l='ClientLevel', x=-140.50, y=-23.95, z=57.83] does not have attribute null
[22:45:28] [Render thread/INFO]: [System] [CHAT] Aszer3200 has reached the goal [Postmortal]
[22:45:28] [Render thread/WARN]: Entity class_746['khanhnotbruh'/2395064, l='ClientLevel', x=-146.87, y=-20.63, z=55.40] does not have attribute null
[22:45:29] [Render thread/INFO]: [System] [CHAT] kemdauxinhgai: sao
[22:45:29] [Render thread/INFO]: [System] [CHAT] Aszer3200 has made the advancement [Stone Age]
[22:45:31] [Render thread/INFO]: [System] [CHAT] CypherMcOfficial has made the advancement [Stone Age]
[22:45:31] [Render thread/INFO]: [System] [CHAT] _ItzDatkg_: ezz
[22:45:32] [Render thread/WARN]: Entity class_745['vinhminebk'/2394303, l='ClientLevel', x=-143.85, y=-22.84, z=55.61] does not have attribute null
[22:45:32] [Render thread/INFO]: [System] [CHAT] nhiklopi has reached the goal [Postmortal]
[22:45:32] [Render thread/INFO]: [System] [CHAT] User123name has made the advancement [Ol' Betsy]
[22:45:32] [Render thread/INFO]: [System] [CHAT] User123name has made the advancement [Take Aim]
[22:45:33] [Render thread/WARN]: Ignoring player info update for unknown player 1a38b14e-0e25-48f9-ba90-da0ada078309
[22:45:33] [Render thread/WARN]: Entity class_746['khanhnotbruh'/2395064, l='ClientLevel', x=-147.44, y=-23.00, z=54.14] does not have attribute null
[22:45:34] [Render thread/INFO]: [System] [CHAT] ngcanh: tpa me
[22:45:34] [Render thread/INFO]: [System] [CHAT] Seafox_X_Ocean has made the advancement [The End?]
[22:45:36] [Render thread/INFO]: [System] [CHAT] xautraihijhij: van pro nhu ngay nao
[22:45:37] [Render thread/WARN]: Ignoring player info update for unknown player aacf72e5-2357-369f-b2fe-9bd174059cbc
[22:45:38] [Render thread/INFO]: [System] [CHAT] Seafox_X_Ocean has reached the goal [Postmortal]
[22:45:38] [Render thread/INFO]: Loaded 131 advancements
[22:45:39] [Render thread/INFO]: [System] [CHAT] Nonamegamervn has reached the goal [Postmortal]
[22:45:39] [Render thread/WARN]: Ignoring player info update for unknown player a2028473-b9c4-3e1e-9d30-6605de3b8cf5
[22:45:41] [Render thread/WARN]: Ignoring player info update for unknown player 13bd90f1-5449-3902-b4a2-5fcd81011161
[22:45:42] [Render thread/INFO]: [System] [CHAT] kemdauxinhgai: lai k
[22:45:42] [Render thread/INFO]: [System] [CHAT] Villan_yt123: %k2
[22:45:43] [Render thread/WARN]: Entity class_746['khanhnotbruh'/2395064, l='ClientLevel', x=-144.08, y=-25.86, z=51.44] does not have attribute null
[22:45:43] [Render thread/INFO]: [System] [CHAT] -1 Points
[22:45:43] [Render thread/INFO]: [System] [CHAT] +1 Death
[22:45:43] [Render thread/WARN]: Entity class_746['khanhnotbruh'/2395064, l='ClientLevel', x=-143.26, y=-26.22, z=50.30] does not have attribute null
[22:45:43] [Render thread/INFO]: [System] [CHAT] CrystalMight has reached the goal [Postmortal]
[22:45:44] [Render thread/INFO]: [System] [CHAT] xautraihijhij: sao kem bt t o trog nay
[22:45:44] [Render thread/INFO]: [System] [CHAT] Aszer3200 has made the advancement [The End?]
[22:45:44] [Render thread/WARN]: Ignoring player info update for unknown player a6c107b1-e955-4371-b961-08d7350b65e9
[22:45:44] [Render thread/WARN]: Entity class_745['vinhminebk'/2394303, l='ClientLevel', x=-146.42, y=-27.00, z=53.34] does not have attribute null
[22:45:45] [Render thread/INFO]: Stopping worker threads
[22:45:45] [Render thread/INFO]: Started 1 worker threads
[22:45:45] [Render thread/INFO]: Stopping worker threads
[22:45:45] [Render thread/INFO]: Started 1 worker threads
[22:45:45] [Render thread/WARN]: Entity class_746['khanhnotbruh'/2395064, l='ClientLevel', x=0.55, y=65.00, z=-6.49] does not have attribute null
[22:45:45] [Render thread/WARN]: Entity class_745['baodzz'/2397482, l='ClientLevel', x=0.93, y=65.00, z=-13.17] does not have attribute null
[22:45:45] [Render thread/WARN]: Entity class_745['Lurentt'/2438892, l='ClientLevel', x=0.55, y=65.00, z=-6.49] does not have attribute null
[22:45:45] [Render thread/WARN]: Entity class_745['SAKINA_Neverking'/2273695, l='ClientLevel', x=3.27, y=65.00, z=-8.93] does not have attribute null
[22:45:45] [Render thread/WARN]: Entity class_745['JTM_MIKILA'/2426861, l='ClientLevel', x=7.18, y=65.06, z=-2.63] does not have attribute null
[22:45:45] [Render thread/WARN]: Entity class_745['haihai'/2378064, l='ClientLevel', x=13.59, y=65.00, z=-5.57] does not have attribute null
[22:45:45] [Render thread/WARN]: Entity class_745['D3faultSk1ll_'/2409846, l='ClientLevel', x=0.56, y=65.00, z=-6.70] does not have attribute null
[22:45:45] [Render thread/WARN]: Entity class_745['Sub2_Velocity'/2315322, l='ClientLevel', x=0.55, y=65.00, z=-6.49] does not have attribute null
[22:45:45] [Render thread/WARN]: Entity class_745['khang2kkk'/2034321, l='ClientLevel', x=0.55, y=65.00, z=-6.49] does not have attribute null
[22:45:45] [Render thread/WARN]: Entity class_745['Villan_yt123'/2076513, l='ClientLevel', x=0.55, y=65.00, z=-6.49] does not have attribute null
[22:45:45] [Render thread/WARN]: Entity class_745['ITZ_prototype'/2274671, l='ClientLevel', x=0.48, y=66.00, z=-7.38] does not have attribute null
[22:45:45] [Render thread/WARN]: Entity class_745['DangerMarlow_Jr'/2247315, l='ClientLevel', x=5.88, y=65.06, z=-9.19] does not have attribute null
[22:45:45] [Render thread/WARN]: Entity class_745['.ImAboutTocu1897'/2308869, l='ClientLevel', x=0.55, y=65.00, z=-6.49] does not have attribute null
[22:45:45] [Render thread/WARN]: Entity class_745['.Chaa4812'/2425311, l='ClientLevel', x=0.55, y=65.00, z=-6.49] does not have attribute null
[22:45:45] [Render thread/WARN]: Entity class_745['kshitiz123'/2438260, l='ClientLevel', x=0.55, y=65.00, z=-6.49] does not have attribute null
[22:45:45] [Render thread/WARN]: Entity class_745['quann999'/2417933, l='ClientLevel', x=0.55, y=65.00, z=-6.49] does not have attribute null
[22:45:45] [Render thread/WARN]: Entity class_745['Khoa_do123'/2438653, l='ClientLevel', x=0.55, y=65.00, z=-6.49] does not have attribute null
[22:45:45] [Render thread/WARN]: Entity class_745['lethoso124'/2328781, l='ClientLevel', x=3.12, y=64.66, z=-24.73] does not have attribute null
[22:45:45] [Render thread/WARN]: Entity class_745['FMLTUN'/2202486, l='ClientLevel', x=13.64, y=65.00, z=-18.44] does not have attribute null
[22:45:45] [Render thread/WARN]: Entity class_745['DonutBoyBTW'/2333573, l='ClientLevel', x=-2.36, y=65.00, z=-20.22] does not have attribute null
[22:45:45] [Render thread/WARN]: Entity class_745['TDANGCAPVAIDAI'/2327879, l='ClientLevel', x=-0.54, y=65.00, z=-19.91] does not have attribute null
[22:45:45] [Render thread/WARN]: Entity class_745['xautraihijhij'/2372318, l='ClientLevel', x=-2.90, y=65.00, z=-16.85] does not have attribute null
[22:45:45] [Render thread/INFO]: [System] [CHAT] 
[22:45:45] [Render thread/INFO]: [System] [CHAT]  lum1se1nce ᴡᴀs ᴋɪᴄᴋᴇᴅ ʙʏ  
[22:45:45] [Render thread/WARN]: Entity class_745['XzermarketMC'/2082027, l='ClientLevel', x=28.32, y=65.00, z=-23.27] does not have attribute null
[22:45:45] [Render thread/WARN]: Entity class_745['Sunset_Lov3r'/2413984, l='ClientLevel', x=-29.70, y=67.00, z=-6.30] does not have attribute null
[22:45:46] [Render thread/WARN]: Entity class_745['Realitz_Zyntrax'/2415685, l='ClientLevel', x=0.55, y=65.00, z=-6.49] does not have attribute null
[22:45:46] [Render thread/WARN]: Entity class_745['Teow1eeeeee'/2434869, l='ClientLevel', x=-30.87, y=69.33, z=-32.06] does not have attribute null
[22:45:46] [Render thread/INFO]: [System] [CHAT] Kit 1 loaded!
[22:45:47] [Render thread/WARN]: Ignoring player info update for unknown player eb0e3517-411c-3ee6-910d-5e5cd09cb716
[22:45:47] [Render thread/WARN]: Entity class_745['lilpotato4'/2439268, l='ClientLevel', x=0.55, y=65.00, z=-6.49] does not have attribute null
[22:45:47] [Render thread/WARN]: Entity class_745['lilpotato4'/2439268, l='ClientLevel', x=0.55, y=65.00, z=-6.49] does not have attribute null
[22:45:47] [Render thread/WARN]: Entity class_745['MAdhitty'/2339185, l='ClientLevel', x=0.55, y=65.00, z=-6.49] does not have attribute null
[22:45:48] [Render thread/WARN]: Entity class_745['YunNoVa_chan'/2430650, l='ClientLevel', x=0.55, y=65.00, z=-6.49] does not have attribute null
[22:45:48] [Render thread/INFO]: [System] [CHAT] (⚔) .KH_smo8028 killed 1560k.
[22:45:48] [Render thread/WARN]: Ignoring player info update for unknown player 642fb1ad-f74e-4667-9237-8953c7a57315
[22:45:48] [Render thread/WARN]: Entity class_745['lum1se1nce'/2439393, l='ClientLevel', x=0.55, y=65.00, z=-6.49] does not have attribute null
[22:45:48] [Render thread/WARN]: Entity class_745['lum1se1nce'/2439393, l='ClientLevel', x=0.55, y=65.00, z=-6.49] does not have attribute null
[22:45:49] [Render thread/INFO]: Stopping worker threads
[22:45:49] [Render thread/INFO]: Started 1 worker threads
[22:45:49] [Render thread/INFO]: Stopping worker threads
[22:45:49] [Render thread/INFO]: Started 1 worker threads
[22:45:49] [Render thread/WARN]: Entity class_746['khanhnotbruh'/2395064, l='ClientLevel', x=-143.54, y=-25.84, z=50.58] does not have attribute null
[22:45:49] [Render thread/INFO]: [System] [CHAT] BaByRexPvP has made the advancement [Stone Age]
[22:45:49] [Render thread/WARN]: Entity class_745['vinhminebk'/2394303, l='ClientLevel', x=-146.65, y=-28.00, z=53.51] does not have attribute null
[22:45:50] [Render thread/WARN]: Entity class_745['vinhminebk'/2394303, l='ClientLevel', x=-146.64, y=-28.00, z=52.98] does not have attribute null
[22:45:52] [Render thread/WARN]: Entity class_746['khanhnotbruh'/2395064, l='ClientLevel', x=-143.55, y=-28.00, z=51.75] does not have attribute null
[22:45:52] [Render thread/WARN]: Entity class_746['khanhnotbruh'/2395064, l='ClientLevel', x=-143.23, y=-28.50, z=51.85] does not have attribute null
[22:45:54] [Render thread/WARN]: Ignoring player info update for unknown player fa547188-d0da-36ee-8f4c-e6c15b112b1d
[22:45:55] [Render thread/WARN]: Entity class_745['vinhminebk'/2394303, l='ClientLevel', x=-146.86, y=-28.00, z=51.83] does not have attribute null
[22:45:56] [Render thread/INFO]: [System] [CHAT] kziroal: l
[22:45:56] [Render thread/INFO]: [System] [CHAT] ChangKhoYeuEm has made the advancement [Not Quite "Nine" Lives]
[22:45:56] [Render thread/INFO]: [System] [CHAT] xautraihijhij: luyen trc trc khi tro lai a kem
[22:45:56] [Render thread/INFO]: [System] [CHAT] Bisherfr has reached the goal [Postmortal]
[22:45:58] [Render thread/WARN]: Ignoring player info update for unknown player 540b2ffe-5af8-317d-b9bd-d1dce6bc2ae2
[22:45:58] [Render thread/WARN]: Entity class_746['khanhnotbruh'/2395064, l='ClientLevel', x=-142.27, y=-32.00, z=53.52] does not have attribute null
[22:45:58] [Render thread/INFO]: [System] [CHAT] kemdauxinhgai: thay chat
[22:46:00] [Render thread/WARN]: Entity class_746['khanhnotbruh'/2395064, l='ClientLevel', x=-142.70, y=-33.00, z=54.23] does not have attribute null
[22:46:00] [Render thread/WARN]: Entity class_745['vinhminebk'/2394303, l='ClientLevel', x=-144.70, y=-33.99, z=51.39] does not have attribute null
[22:46:00] [Render thread/WARN]: Entity class_746['khanhnotbruh'/2395064, l='ClientLevel', x=-142.47, y=-34.23, z=53.37] does not have attribute null
[22:46:01] [Render thread/INFO]: [System] [CHAT] kziroal: l ezzzzzzzzzzzzzzzzzzzzzzzzzzzzzzzzzzzzzzzzzzzz
[22:46:03] [Render thread/INFO]: [System] [CHAT] lum1se1nce has made the advancement [Ol' Betsy]
[22:46:03] [Render thread/INFO]: [System] [CHAT] lum1se1nce has made the advancement [Take Aim]
[22:46:03] [Render thread/WARN]: Entity class_746['khanhnotbruh'/2395064, l='ClientLevel', x=-140.30, y=-35.57, z=53.31] does not have attribute null
[22:46:04] [Render thread/INFO]: [System] [CHAT] Kartel_Joy has made the advancement [Not Quite "Nine" Lives]
[22:46:05] [Render thread/INFO]: [System] [CHAT] 
[22:46:05] [Render thread/INFO]: [System] [CHAT]  Seafox_X_Ocean ᴡᴀs ᴋɪᴄᴋᴇᴅ ʙʏ  
[22:46:05] [Render thread/WARN]: Entity class_745['vinhminebk'/2394303, l='ClientLevel', x=-143.49, y=-35.00, z=51.68] does not have attribute null
[22:46:07] [Render thread/INFO]: [System] [CHAT] kemdauxinhgai: sang đây đi
[22:46:08] [Render thread/WARN]: Ignoring player info update for unknown player 56019dc1-092d-495f-932a-cc9b681b62e3
[22:46:08] [Render thread/WARN]: Entity class_746['khanhnotbruh'/2395064, l='ClientLevel', x=-138.95, y=-37.00, z=53.46] does not have attribute null
[22:46:08] [Render thread/WARN]: Ignoring player info update for unknown player 00000000-0000-0000-0009-01ffab748e94
[22:46:09] [Render thread/WARN]: Entity class_746['khanhnotbruh'/2395064, l='ClientLevel', x=-139.30, y=-36.90, z=51.28] does not have attribute null
[22:46:09] [Render thread/WARN]: Entity class_745['vinhminebk'/2394303, l='ClientLevel', x=-141.28, y=-37.00, z=54.29] does not have attribute null
[22:46:09] [Render thread/WARN]: Ignoring player info update for unknown player edaef111-922d-47ab-88d2-f1cf9425b363
[22:46:09] [Render thread/INFO]: [System] [CHAT] datbasuri has made the advancement [Stone Age]
[22:46:11] [Render thread/WARN]: Entity class_746['khanhnotbruh'/2395064, l='ClientLevel', x=-139.28, y=-36.72, z=50.43] does not have attribute null
[22:46:12] [Render thread/INFO]: [System] [CHAT] lum1se1nce has reached the goal [Postmortal]
[22:46:12] [Render thread/INFO]: [System] [CHAT] Khoa_do123 has made the advancement [Ol' Betsy]
[22:46:12] [Render thread/INFO]: [System] [CHAT] Khoa_do123 has made the advancement [Take Aim]
[22:46:12] [Render thread/WARN]: Entity class_746['khanhnotbruh'/2395064, l='ClientLevel', x=-139.98, y=-40.00, z=52.37] does not have attribute null
[22:46:13] [Render thread/INFO]: [System] [CHAT] ItzzNhaa__ has reached the goal [Postmortal]
[22:46:13] [Render thread/INFO]: [System] [CHAT] ITZ_prototype has made the advancement [Stone Age]
[22:46:13] [Render thread/WARN]: Entity class_745['vinhminebk'/2394303, l='ClientLevel', x=-142.57, y=-40.32, z=52.36] does not have attribute null
[22:46:13] [Render thread/WARN]: Entity class_746['khanhnotbruh'/2395064, l='ClientLevel', x=-139.80, y=-41.00, z=52.70] does not have attribute null
[22:46:14] [Render thread/INFO]: [System] [CHAT] lilpotato4 has reached the goal [Postmortal]
[22:46:16] [Render thread/INFO]: [System] [CHAT] Khoa_do123 has reached the goal [Postmortal]
[22:46:16] [Render thread/WARN]: Entity class_745['vinhminebk'/2394303, l='ClientLevel', x=-143.64, y=-42.00, z=50.68] does not have attribute null
[22:46:16] [Render thread/WARN]: Entity class_746['khanhnotbruh'/2395064, l='ClientLevel', x=-137.30, y=-43.00, z=52.30] does not have attribute null
[22:46:17] [Render thread/WARN]: Entity class_745['vinhminebk'/2394303, l='ClientLevel', x=-142.82, y=-43.96, z=51.88] does not have attribute null
[22:46:18] [Render thread/WARN]: Ignoring player info update for unknown player 1d4a70d4-b58e-34b9-a84d-ab09a04a6a29
[22:46:18] [Render thread/INFO]: [System] [CHAT] Rewxt has reached the goal [Postmortal]
[22:46:18] [Render thread/WARN]: Entity class_746['khanhnotbruh'/2395064, l='ClientLevel', x=-138.30, y=-44.99, z=52.70] does not have attribute null
[22:46:18] [Render thread/WARN]: Entity class_745['vinhminebk'/2394303, l='ClientLevel', x=-142.35, y=-44.00, z=52.40] does not have attribute null
[22:46:19] [Render thread/WARN]: Entity class_745['vinhminebk'/2394303, l='ClientLevel', x=-144.06, y=-44.00, z=52.61] does not have attribute null
[22:46:20] [Render thread/INFO]: [System] [CHAT] Seafox_X_Ocean has made the advancement [The End?]
[22:46:20] [Render thread/INFO]: [System] [CHAT] CrystalMight has made the advancement [The End?]
[22:46:20] [Render thread/INFO]: [System] [CHAT] (⚔) Exclusv killed HUYNHCONGDATVN.
[22:46:20] [Render thread/INFO]: [System] [CHAT] Zen_Jiro has reached the goal [Postmortal]
[22:46:22] [Render thread/INFO]: [System] [CHAT] Linzx911 has reached the goal [Postmortal]
[22:46:23] [Render thread/WARN]: Entity class_746['khanhnotbruh'/2395064, l='ClientLevel', x=-137.27, y=-46.86, z=53.98] does not have attribute null
[22:46:24] [Render thread/WARN]: Entity class_745['vinhminebk'/2394303, l='ClientLevel', x=-136.50, y=-48.00, z=52.62] does not have attribute null
[22:46:24] [Render thread/WARN]: Entity class_746['khanhnotbruh'/2395064, l='ClientLevel', x=-138.68, y=-46.18, z=55.92] does not have attribute null
[22:46:25] [Render thread/INFO]: [System] [CHAT] 4KenJi_: ez
[22:46:26] [Render thread/WARN]: Entity class_746['khanhnotbruh'/2395064, l='ClientLevel', x=-140.84, y=-46.97, z=57.91] does not have attribute null
[22:46:27] [Render thread/WARN]: Entity class_745['vinhminebk'/2394303, l='ClientLevel', x=-138.64, y=-48.00, z=53.60] does not have attribute null
[22:46:27] [Render thread/INFO]: [System] [CHAT] Seafox_X_Ocean has reached the goal [Postmortal]
[22:46:28] [Render thread/WARN]: Entity class_746['khanhnotbruh'/2395064, l='ClientLevel', x=-142.24, y=-47.00, z=59.70] does not have attribute null
[22:46:30] [Render thread/INFO]: [System] [CHAT] uchihaagatsuki: p
[22:46:30] [Render thread/WARN]: Entity class_746['khanhnotbruh'/2395064, l='ClientLevel', x=-142.56, y=-47.00, z=60.07] does not have attribute null
[22:46:30] [Render thread/INFO]: [System] [CHAT] lilpotato4 has made the advancement [Stone Age]
[22:46:31] [Render thread/INFO]: [System] [CHAT] CAKOIMinecraft has made the advancement [The End?]
[22:46:32] [Render thread/WARN]: Entity class_746['khanhnotbruh'/2395064, l='ClientLevel', x=-142.67, y=-46.47, z=62.30] does not have attribute null
[22:46:32] [Render thread/WARN]: Entity class_745['vinhminebk'/2394303, l='ClientLevel', x=-139.59, y=-48.00, z=59.41] does not have attribute null
[22:46:33] [Render thread/WARN]: Entity class_746['khanhnotbruh'/2395064, l='ClientLevel', x=-142.70, y=-47.00, z=63.70] does not have attribute null
[22:46:33] [Render thread/INFO]: [System] [CHAT] HT5_234: ggs
[22:46:34] [Render thread/WARN]: Entity class_745['vinhminebk'/2394303, l='ClientLevel', x=-141.16, y=-48.00, z=61.34] does not have attribute null
[22:46:35] [Render thread/INFO]: [System] [CHAT] +1 Points
[22:46:35] [Render thread/WARN]: Entity class_745['vinhminebk'/2394303, l='ClientLevel', x=-140.86, y=-48.91, z=61.48] does not have attribute null
[22:46:35] [Render thread/INFO]: [System] [CHAT] SkyElder has made the advancement [Monster Hunter]
[22:46:37] [Render thread/INFO]: [System] [CHAT] 1tzf4key0u has made the advancement [The End?]
[22:46:37] [Render thread/INFO]: [System] [CHAT] SieuNhanGao3669: back
[22:46:38] [Render thread/INFO]: [System] [CHAT] KNTxFLEEXIS has made the advancement [Not Quite "Nine" Lives]
[22:46:38] [Render thread/INFO]: [System] [CHAT] Kit 1 loaded!
[22:46:38] [Render thread/WARN]: Entity class_746['khanhnotbruh'/2395064, l='ClientLevel', x=-144.48, y=-50.00, z=64.85] does not have attribute null
[22:46:39] [Render thread/INFO]: [System] [CHAT] Nonamegamervn has made the advancement [The End?]
[22:46:40] [Render thread/INFO]: [System] [CHAT] .RaBenZzooooo: huh
[22:46:40] [Render thread/INFO]: [System] [CHAT] 
[22:46:40] [Render thread/INFO]: [System] [CHAT]  Seafox_X_Ocean ᴡᴀs ᴋɪᴄᴋᴇᴅ ʙʏ  
[22:46:40] [Render thread/WARN]: Entity class_746['khanhnotbruh'/2395064, l='ClientLevel', x=-143.37, y=-49.88, z=65.35] does not have attribute null
[22:46:41] [Render thread/WARN]: Entity class_745['vinhminebk'/2394303, l='ClientLevel', x=-140.93, y=-49.00, z=61.49] does not have attribute null
[22:46:42] [Render thread/INFO]: [System] [CHAT] (⚔) baodzz killed ronaldo1992.
[22:46:42] [Render thread/INFO]: [System] [CHAT] CAKOIMinecraft has reached the goal [Postmortal]
[22:46:42] [Render thread/WARN]: Entity class_746['khanhnotbruh'/2395064, l='ClientLevel', x=-142.10, y=-47.97, z=65.14] does not have attribute null
[22:46:42] [Render thread/WARN]: Ignoring player info update for unknown player 56019dc1-092d-495f-932a-cc9b681b62e3
[22:46:43] [Render thread/INFO]: [System] [CHAT] kshitiz123 has reached the goal [Postmortal]
[22:46:43] [Render thread/WARN]: Entity class_746['khanhnotbruh'/2395064, l='ClientLevel', x=-141.12, y=-47.14, z=65.05] does not have attribute null
[22:46:43] [Render thread/INFO]: [System] [CHAT] kemdauxinhgai: chs kit cry th nhe
[22:46:43] [Render thread/INFO]: [System] [CHAT] CHINULOL has made the advancement [Monster Hunter]
[22:46:44] [Render thread/WARN]: Entity class_746['khanhnotbruh'/2395064, l='ClientLevel', x=-140.48, y=-49.24, z=65.25] does not have attribute null
[22:46:44] [Render thread/INFO]: [System] [CHAT] (⚔) SkyElder killed CHINULOL.
[22:46:44] [Render thread/WARN]: Entity class_746['khanhnotbruh'/2395064, l='ClientLevel', x=-140.42, y=-50.89, z=65.73] does not have attribute null
[22:46:44] [Render thread/WARN]: Entity class_745['vinhminebk'/2394303, l='ClientLevel', x=-140.87, y=-50.83, z=61.66] does not have attribute null
[22:46:45] [Render thread/WARN]: Entity class_746['khanhnotbruh'/2395064, l='ClientLevel', x=-140.40, y=-51.98, z=66.66] does not have attribute null
[22:46:45] [Render thread/INFO]: [System] [CHAT] Quangdepzai3222 has made the advancement [The End?]
[22:46:46] [Render thread/INFO]: [System] [CHAT] SkyElder: ez
[22:46:47] [Render thread/WARN]: Entity class_745['vinhminebk'/2394303, l='ClientLevel', x=-139.05, y=-52.99, z=63.95] does not have attribute null
[22:46:48] [Render thread/WARN]: Entity class_746['khanhnotbruh'/2395064, l='ClientLevel', x=-142.37, y=-51.58, z=66.22] does not have attribute null
[22:46:49] [Render thread/INFO]: [System] [CHAT] (⚔) Exclusv killed YunNoVa_chan.
[22:46:49] [Render thread/WARN]: Entity class_746['khanhnotbruh'/2395064, l='ClientLevel', x=-144.08, y=-52.91, z=66.70] does not have attribute null
[22:46:49] [Render thread/INFO]: [System] [CHAT] xautraihijhij: ok
[22:46:51] [Render thread/WARN]: Entity class_745['vinhminebk'/2394303, l='ClientLevel', x=-141.85, y=-54.92, z=63.68] does not have attribute null
[22:46:52] [Render thread/INFO]: [System] [CHAT] Villan_yt123: tptp
[22:46:53] [Render thread/INFO]: [System] [CHAT] Realitz_Zyntrax has made the advancement [Take Aim]
[22:46:53] [Render thread/INFO]: [System] [CHAT] kemdauxinhgai: chs anchor so m chet nhanh
[22:46:53] [Render thread/WARN]: Entity class_745['vinhminebk'/2394303, l='ClientLevel', x=-144.12, y=-55.00, z=65.63] does not have attribute null
[22:46:54] [Render thread/INFO]: [System] [CHAT] khana123pvp has made the advancement [Ol' Betsy]
[22:46:54] [Render thread/INFO]: [System] [CHAT] khana123pvp has made the advancement [Take Aim]
[22:46:54] [Render thread/WARN]: Entity class_746['khanhnotbruh'/2395064, l='ClientLevel', x=-146.70, y=-63.00, z=69.76] does not have attribute null
[22:46:55] [Render thread/WARN]: Ignoring player info update for unknown player 980e25fa-36f5-480d-b577-9de0829f913a
[22:46:55] [Render thread/WARN]: Entity class_746['khanhnotbruh'/2395064, l='ClientLevel', x=-146.70, y=-63.00, z=69.81] does not have attribute null
[22:46:56] [Render thread/INFO]: [System] [CHAT] Seafox_X_Ocean has made the advancement [The End?]
[22:46:56] [Render thread/INFO]: [System] [CHAT] ngcanh: lt4 tp me
[22:46:56] [Render thread/INFO]: [System] [CHAT] xautraihijhij: t cug co bt chs acho dau :)
[22:46:57] [Render thread/WARN]: Ignoring player info update for unknown player eb0e3517-411c-3ee6-910d-5e5cd09cb716
[22:46:57] [Render thread/INFO]: [System] [CHAT] CAKOIMinecraft has made the advancement [Ol' Betsy]
[22:46:57] [Render thread/WARN]: Entity class_746['khanhnotbruh'/2395064, l='ClientLevel', x=-146.68, y=-63.00, z=70.31] does not have attribute null
[22:46:58] [Render thread/WARN]: Entity class_745['vinhminebk'/2394303, l='ClientLevel', x=-151.86, y=-61.21, z=70.63] does not have attribute null
[22:46:58] [Render thread/INFO]: [System] [CHAT] kemdauxinhgai: 1
[22:46:59] [Render thread/WARN]: Ignoring player info update for unknown player fa44e080-05bf-37b5-99f2-b337940c9115
[22:46:59] [Render thread/WARN]: Entity class_746['khanhnotbruh'/2395064, l='ClientLevel', x=-146.68, y=-63.00, z=70.31] does not have attribute null
[22:47:00] [Render thread/INFO]: [System] [CHAT] Seafox_X_Ocean has reached the goal [Postmortal]
[22:47:00] [Render thread/WARN]: Entity class_746['khanhnotbruh'/2395064, l='ClientLevel', x=-146.06, y=-63.00, z=70.16] does not have attribute null
[22:47:01] [Render thread/INFO]: [System] [CHAT] (☠) baodzz fell from a high spot.
[22:47:02] [Render thread/INFO]: [System] [CHAT] kemdauxinhgai: 2
[22:47:02] [Render thread/INFO]: [System] [CHAT] KlajKdorAhNaHa_ has reached the goal [Postmortal]
[22:47:03] [Render thread/INFO]: [System] [CHAT] .Viisxal6897: auto tt
[22:47:05] [Render thread/INFO]: [System] [CHAT] KlajKdorAhNaHa_ has made the advancement [Stone Age]
[22:47:05] [Render thread/INFO]: [System] [CHAT] kemdauxinhgai: 3
[22:47:05] [Render thread/WARN]: Entity class_745['vinhminebk'/2394303, l='ClientLevel', x=-150.72, y=-63.00, z=74.57] does not have attribute null
[22:47:07] [Render thread/WARN]: Ignoring player info update for unknown player c9c178a8-85e1-373e-aa8e-cb9d5b811f96
[22:47:08] [Render thread/WARN]: Entity class_745['vinhminebk'/2394303, l='ClientLevel', x=-147.84, y=-63.00, z=77.69] does not have attribute null
[22:47:09] [Render thread/INFO]: [System] [CHAT] .RaBenZzooooo: (:
[22:47:10] [Render thread/WARN]: Ignoring player info update for unknown player aacf72e5-2357-369f-b2fe-9bd174059cbc
[22:47:10] [Render thread/WARN]: Ignoring player info update for unknown player 7d1d0c44-8c38-3343-9f6c-9ebcaadfe0dd
[22:47:12] [Render thread/INFO]: [System] [CHAT] .Onion6678 has made the advancement [Stone Age]
[22:47:13] [Render thread/INFO]: [System] [CHAT] SkyElder: ez
[22:47:13] [Render thread/INFO]: [System] [CHAT] 
[22:47:13] [Render thread/INFO]: [System] [CHAT]  Nonamegamervn ᴡᴀs ᴋɪᴄᴋᴇᴅ ʙʏ  
[22:47:13] [Render thread/WARN]: Entity class_745['vinhminebk'/2394303, l='ClientLevel', x=-149.58, y=-63.00, z=76.85] does not have attribute null
[22:47:13] [Render thread/INFO]: [System] [CHAT] 
[22:47:13] [Render thread/INFO]: [System] [CHAT]  TongTongsahurr ᴡᴀs ᴋɪᴄᴋᴇᴅ ʙʏ  
[22:47:13] [Render thread/INFO]: [System] [CHAT] Bisherfr has made the advancement [Take Aim]
[22:47:13] [Render thread/INFO]: [System] [CHAT] NoMercyX: me rean lg
[22:47:14] [Render thread/INFO]: [System] [CHAT] Linzx911 has made the advancement [Stone Age]
[22:47:15] [Render thread/WARN]: Entity class_745['vinhminebk'/2394303, l='ClientLevel', x=-151.63, y=-61.96, z=71.24] does not have attribute null
[22:47:15] [Render thread/WARN]: Ignoring player info update for unknown player 056ae152-35b3-3cb1-8585-305f3a48fc50
[22:47:16] [Render thread/WARN]: Entity class_745['vinhminebk'/2394303, l='ClientLevel', x=-152.20, y=-62.20, z=68.54] does not have attribute null
[22:47:17] [Render thread/WARN]: Ignoring player info update for unknown player 4be687a0-d7dd-3169-ac9b-f49b7678a224
[22:47:18] [Render thread/WARN]: Entity class_745['vinhminebk'/2394303, l='ClientLevel', x=-150.41, y=-62.87, z=69.52] does not have attribute null
[22:47:18] [Render thread/INFO]: [System] [CHAT] +1 Points
[22:47:18] [Render thread/WARN]: Entity class_745['vinhminebk'/2394303, l='ClientLevel', x=-150.32, y=-62.29, z=68.87] does not have attribute null
[22:47:19] [Render thread/INFO]: [System] [CHAT] lilpotato4 has made the advancement [Not Quite "Nine" Lives]
[22:47:20] [Render thread/INFO]: [System] [CHAT] Kit 1 loaded!
[22:47:23] [Render thread/INFO]: [System] [CHAT] Realitz_Zyntrax has made the advancement [Not Quite "Nine" Lives]
[22:47:24] [Render thread/WARN]: Ignoring player info update for unknown player f1ca52b9-7e01-3b5e-bcce-ab2e504f2d77
[22:47:24] [Render thread/INFO]: [System] [CHAT] lilpotato4 has reached the goal [Postmortal]
[22:47:24] [Render thread/INFO]: [System] [CHAT] .RaBenZzooooo: vai mace ot
[22:47:25] [Render thread/WARN]: Ignoring player info update for unknown player e81c725d-d3f5-3db7-8b7f-848b39301377
[22:47:25] [Render thread/INFO]: [System] [CHAT] Quangdepzai3222 has reached the goal [Postmortal]
[22:47:26] [Render thread/INFO]: [System] [CHAT] 
[22:47:26] [Render thread/INFO]: [System] [CHAT]  MiaOrNotLOL ᴡᴀs ᴋɪᴄᴋᴇᴅ ʙʏ  
[22:47:26] [Render thread/INFO]: [System] [CHAT] .Mr_In8182 has reached the goal [Postmortal]
[22:47:26] [Render thread/INFO]: [System] [CHAT] Sent teleport request to vinhminebk.
[22:47:28] [Render thread/INFO]: [System] [CHAT] CPVP » vinhminebk accepted your teleport request!
[22:47:28] [Render thread/WARN]: Entity class_745['vinhminebk'/2394303, l='ClientLevel', x=-77.50, y=34.00, z=89.50] does not have attribute null
[22:47:28] [Render thread/INFO]: [System] [CHAT] NoMercyX: tos
[22:47:29] [Render thread/INFO]: [System] [CHAT] kziroal: ezzzzzzzzzzzzzzzzzz
[22:47:30] [Render thread/INFO]: [System] [CHAT] ngcanh: ?/
[22:47:31] [Render thread/WARN]: Entity class_746['khanhnotbruh'/2395064, l='ClientLevel', x=-77.50, y=34.00, z=89.50] does not have attribute null
[22:47:32] [Render thread/INFO]: [System] [CHAT] .RaBenZzooooo has reached the goal [Sky's the Limit]
[22:47:32] [Render thread/WARN]: Entity class_746['khanhnotbruh'/2395064, l='ClientLevel', x=-77.75, y=34.00, z=89.44] does not have attribute null
[22:47:36] [Render thread/INFO]: [System] [CHAT] NoMercyX has made the advancement [Who Needs Rockets?]
[22:47:36] [Render thread/WARN]: Ignoring player info update for unknown player 980e25fa-36f5-480d-b577-9de0829f913a
[22:47:37] [Render thread/INFO]: [System] [CHAT] 
[22:47:37] [Render thread/INFO]: [System] [CHAT]  Justicol ᴡᴀs ᴋɪᴄᴋᴇᴅ ʙʏ  
[22:47:37] [Render thread/INFO]: [System] [CHAT] SkyElder: esz
[22:47:37] [Render thread/INFO]: [System] [CHAT] lilpotato4 has made the advancement [The End?]
[22:47:38] [Render thread/INFO]: [System] [CHAT] xautraihijhij: lo nkem vip z
[22:47:38] [Render thread/INFO]: [System] [CHAT] .RaBenZzooooo has made the advancement [Who Needs Rockets?]
[22:47:38] [Render thread/WARN]: Entity class_746['khanhnotbruh'/2395064, l='ClientLevel', x=-76.70, y=29.54, z=90.30] does not have attribute null
[22:47:39] [Render thread/INFO]: [System] [CHAT] Bisherfr has made the advancement [Stone Age]
[22:47:40] [Render thread/WARN]: Entity class_746['khanhnotbruh'/2395064, l='ClientLevel', x=-76.70, y=29.00, z=90.30] does not have attribute null
[22:47:40] [Render thread/INFO]: [System] [CHAT] 
[22:47:40] [Render thread/INFO]: [System] [CHAT]  Namkhangdayyy ᴡᴀs ᴋɪᴄᴋᴇᴅ ʙʏ  
[22:47:41] [Render thread/INFO]: [System] [CHAT] Seyhafu has made the advancement [Stone Age]
[22:47:42] [Render thread/INFO]: [System] [CHAT] SkyElder: ez CHINULOL
[22:47:42] [Render thread/WARN]: Entity class_745['vinhminebk'/2394303, l='ClientLevel', x=-75.30, y=29.00, z=92.70] does not have attribute null
[22:47:43] [Render thread/WARN]: Ignoring player info update for unknown player ad5cbb5c-fe0a-4176-b22d-28489490e0ca
[22:47:43] [Render thread/INFO]: [System] [CHAT] Kartel_Joy has reached the goal [Sky's the Limit]
[22:47:44] [Render thread/INFO]: [System] [CHAT] BaekJuhoon has made the advancement [The End?]
[22:47:45] [Render thread/WARN]: Entity class_746['khanhnotbruh'/2395064, l='ClientLevel', x=-75.30, y=26.00, z=90.56] does not have attribute null
[22:47:45] [Render thread/WARN]: Entity class_745['vinhminebk'/2394303, l='ClientLevel', x=-76.74, y=27.48, z=92.45] does not have attribute null
[22:47:45] [Render thread/INFO]: [System] [CHAT] +1 Points
[22:47:45] [Render thread/WARN]: Entity class_745['vinhminebk'/2394303, l='ClientLevel', x=-76.83, y=28.00, z=92.91] does not have attribute null
[22:47:45] [Render thread/INFO]: [System] [CHAT] Nonamegamervn has reached the goal [Postmortal]
[22:47:46] [Render thread/INFO]: [System] [CHAT] User123name has made the advancement [Monster Hunter]
[22:47:47] [Render thread/INFO]: [System] [CHAT] 1tzf4key0u has made the advancement [Monster Hunter]
[22:47:50] [Render thread/WARN]: Entity class_746['khanhnotbruh'/2395064, l='ClientLevel', x=-75.45, y=26.00, z=90.75] does not have attribute null
[22:47:50] [Render thread/INFO]: [System] [CHAT] kziroal: ezzzzzzzzzzzzzzzzzz
[22:47:50] [Render thread/WARN]: Entity class_746['khanhnotbruh'/2395064, l='ClientLevel', x=-75.34, y=26.00, z=91.03] does not have attribute null
[22:47:51] [Render thread/INFO]: [System] [CHAT] nischc has reached the goal [Sky's the Limit]
[22:47:51] [Render thread/INFO]: [System] [CHAT] ngcanh: tpa me
[22:47:51] [Render thread/WARN]: Entity class_745['vinhminebk'/2394303, l='ClientLevel', x=-76.85, y=28.17, z=93.01] does not have attribute null
[22:47:53] [Render thread/WARN]: Entity class_746['khanhnotbruh'/2395064, l='ClientLevel', x=-75.30, y=26.00, z=91.36] does not have attribute null
[22:47:53] [Render thread/INFO]: [System] [CHAT] Zedlyyy has made the advancement [The End?]
[22:47:54] [Render thread/INFO]: [System] [CHAT] nhiklopi has made the advancement [Stone Age]
[22:47:54] [Render thread/WARN]: Ignoring player info update for unknown player 00000000-0000-0000-0009-01ffab748e94
[22:47:54] [Render thread/WARN]: Entity class_746['khanhnotbruh'/2395064, l='ClientLevel', x=-75.30, y=26.00, z=91.36] does not have attribute null
[22:47:55] [Render thread/INFO]: [System] [CHAT] kemdauxinhgai: ngcanh
[22:47:56] [Render thread/WARN]: Entity class_746['khanhnotbruh'/2395064, l='ClientLevel', x=-75.72, y=25.00, z=90.47] does not have attribute null
[22:47:57] [Render thread/INFO]: [System] [CHAT] SkyElder: ez
[22:47:57] [Render thread/INFO]: [System] [CHAT] .RaBenZzooooo has completed the challenge [Over-Overkill]
[22:47:58] [Render thread/INFO]: [System] [CHAT] kemdauxinhgai: sang day
[22:48:00] [Render thread/WARN]: Entity class_746['khanhnotbruh'/2395064, l='ClientLevel', x=-75.30, y=23.00, z=89.40] does not have attribute null
[22:48:00] [Render thread/INFO]: [System] [CHAT] ngcanh: lt4 tp
[22:48:01] [Render thread/WARN]: Entity class_746['khanhnotbruh'/2395064, l='ClientLevel', x=-75.26, y=21.94, z=89.07] does not have attribute null
[22:48:01] [Render thread/WARN]: Entity class_745['vinhminebk'/2394303, l='ClientLevel', x=-77.02, y=23.03, z=93.04] does not have attribute null
[22:48:03] [Render thread/WARN]: Entity class_745['vinhminebk'/2394303, l='ClientLevel', x=-75.84, y=22.00, z=92.30] does not have attribute null
[22:48:04] [Render thread/INFO]: [System] [CHAT] 
[22:48:04] [Render thread/INFO]: [System] [CHAT]  Nonamegamervn ᴡᴀs ᴋɪᴄᴋᴇᴅ ʙʏ  
[22:48:04] [Render thread/WARN]: Entity class_745['vinhminebk'/2394303, l='ClientLevel', x=-75.55, y=20.00, z=92.30] does not have attribute null
[22:48:05] [Render thread/INFO]: [System] [CHAT] 
[22:48:05] [Render thread/INFO]: [System] [CHAT]  khana123pvp ᴡᴀs ᴋɪᴄᴋᴇᴅ ʙʏ  
[22:48:06] [Render thread/WARN]: Entity class_746['khanhnotbruh'/2395064, l='ClientLevel', x=-74.96, y=18.05, z=89.87] does not have attribute null
[22:48:09] [Render thread/WARN]: Ignoring player info update for unknown player fde4a808-73c7-312f-b1b5-e406ffbd392f
[22:48:09] [Render thread/WARN]: Entity class_745['vinhminebk'/2394303, l='ClientLevel', x=-75.82, y=16.00, z=93.30] does not have attribute null
[22:48:09] [Render thread/WARN]: Entity class_746['khanhnotbruh'/2395064, l='ClientLevel', x=-75.20, y=17.40, z=89.14] does not have attribute null
[22:48:09] [Render thread/INFO]: [System] [CHAT] _x4everh3rs has reached the goal [Postmortal]
[22:48:11] [Render thread/WARN]: Entity class_746['khanhnotbruh'/2395064, l='ClientLevel', x=-75.35, y=14.00, z=88.30] does not have attribute null
[22:48:11] [Render thread/WARN]: Entity class_745['vinhminebk'/2394303, l='ClientLevel', x=-74.42, y=15.00, z=92.97] does not have attribute null
[22:48:11] [Render thread/WARN]: Ignoring player info update for unknown player 57c4a63c-86f1-4db0-8b70-ad411aec2025
[22:48:13] [Render thread/WARN]: Ignoring player info update for unknown player f1ca52b9-7e01-3b5e-bcce-ab2e504f2d77
[22:48:13] [Render thread/WARN]: Entity class_745['vinhminebk'/2394303, l='ClientLevel', x=-75.33, y=12.27, z=92.27] does not have attribute null
[22:48:14] [Render thread/WARN]: Ignoring player info update for unknown player 9824540d-dd47-32dd-8356-ddf4e3c3ab66
[22:48:15] [Render thread/WARN]: Entity class_745['vinhminebk'/2394303, l='ClientLevel', x=-74.23, y=11.07, z=90.85] does not have attribute null
[22:48:16] [Render thread/WARN]: Entity class_746['khanhnotbruh'/2395064, l='ClientLevel', x=-75.93, y=10.00, z=86.44] does not have attribute null
[22:48:17] [Render thread/WARN]: Entity class_745['vinhminebk'/2394303, l='ClientLevel', x=-73.28, y=10.00, z=89.96] does not have attribute null
[22:48:21] [Render thread/WARN]: Entity class_746['khanhnotbruh'/2395064, l='ClientLevel', x=-76.62, y=7.00, z=86.70] does not have attribute null
[22:48:22] [Render thread/INFO]: [System] [CHAT] 
[22:48:22] [Render thread/INFO]: [System] [CHAT]  BaekJuhoon ᴡᴀs ᴋɪᴄᴋᴇᴅ ʙʏ  
[22:48:22] [Render thread/WARN]: Entity class_746['khanhnotbruh'/2395064, l='ClientLevel', x=-76.69, y=6.63, z=86.77] does not have attribute null
[22:48:22] [Render thread/INFO]: [System] [CHAT] _x4everh3rs has made the advancement [Stone Age]
[22:48:24] [Render thread/WARN]: Entity class_745['vinhminebk'/2394303, l='ClientLevel', x=-74.65, y=7.05, z=89.65] does not have attribute null
[22:48:25] [Render thread/WARN]: Entity class_745['vinhminebk'/2394303, l='ClientLevel', x=-75.70, y=6.00, z=87.88] does not have attribute null
[22:48:25] [Render thread/WARN]: Entity class_746['khanhnotbruh'/2395064, l='ClientLevel', x=-77.87, y=7.31, z=85.00] does not have attribute null
[22:48:26] [Render thread/INFO]: [System] [CHAT] ngcanh: tp me
[22:48:26] [Render thread/INFO]: [System] [CHAT] ALLAY_PVP: S
[22:48:27] [Render thread/INFO]: [System] [CHAT] lackoten has made the advancement [Not Quite "Nine" Lives]
[22:48:28] [Render thread/INFO]: [System] [CHAT] PEAKYY has reached the goal [Postmortal]
[22:48:28] [Render thread/WARN]: Entity class_746['khanhnotbruh'/2395064, l='ClientLevel', x=-77.70, y=4.00, z=84.83] does not have attribute null
[22:48:29] [Render thread/INFO]: [System] [CHAT] 1tzf4key0u has made the advancement [Stone Age]
[22:48:30] [Render thread/INFO]: [System] [CHAT] CrystalMight has made the advancement [Stone Age]
[22:48:30] [Render thread/WARN]: Entity class_746['khanhnotbruh'/2395064, l='ClientLevel', x=-77.70, y=5.14, z=84.30] does not have attribute null
[22:48:30] [Render thread/WARN]: Entity class_745['vinhminebk'/2394303, l='ClientLevel', x=-77.70, y=4.00, z=86.87] does not have attribute null
[22:48:31] [Render thread/INFO]: [System] [CHAT] 
[22:48:31] [Render thread/INFO]: [System] [CHAT]  Seafox_X_Ocean ᴡᴀs ᴋɪᴄᴋᴇᴅ ʙʏ  
[22:48:31] [Render thread/INFO]: [System] [CHAT] Bisherfr has completed the challenge [Over-Overkill]
[22:48:32] [Render thread/INFO]: [System] [CHAT] (⚔) weweDVD was shot by a ngchssieuga.
[22:48:32] [Render thread/WARN]: Entity class_745['vinhminebk'/2394303, l='ClientLevel', x=-77.91, y=4.00, z=83.91] does not have attribute null
[22:48:32] [Render thread/WARN]: Ignoring player info update for unknown player f886fe7d-c745-372b-ac95-61c13dbb900c
[22:48:33] [Render thread/WARN]: Ignoring player info update for unknown player 56019dc1-092d-495f-932a-cc9b681b62e3
[22:48:35] [Render thread/WARN]: Entity class_746['khanhnotbruh'/2395064, l='ClientLevel', x=-80.23, y=3.00, z=79.36] does not have attribute null
[22:48:35] [Render thread/WARN]: Entity class_745['vinhminebk'/2394303, l='ClientLevel', x=-81.60, y=4.14, z=81.87] does not have attribute null
[22:48:35] [Render thread/INFO]: [System] [CHAT] bincute56327 has made the advancement [Not Quite "Nine" Lives]
[22:48:35] [Render thread/INFO]: [System] [CHAT] 
[22:48:35] [Render thread/INFO]: [System] [CHAT]  NakkYourBoii_ ᴡᴀs ᴋɪᴄᴋᴇᴅ ʙʏ  
[22:48:36] [Render thread/INFO]: [System] [CHAT] khana123pvp has made the advancement [Ol' Betsy]
[22:48:36] [Render thread/WARN]: Entity class_745['vinhminebk'/2394303, l='ClientLevel', x=-81.70, y=3.00, z=83.59] does not have attribute null
[22:48:36] [Render thread/WARN]: Entity class_746['khanhnotbruh'/2395064, l='ClientLevel', x=-80.80, y=3.06, z=78.30] does not have attribute null
[22:48:36] [Render thread/INFO]: [System] [CHAT] khana123pvp has made the advancement [Take Aim]
[22:48:36] [Render thread/INFO]: [System] [CHAT] lackoten has reached the goal [Postmortal]
[22:48:38] [Render thread/WARN]: Entity class_746['khanhnotbruh'/2395064, l='ClientLevel', x=-78.40, y=1.88, z=79.25] does not have attribute null
[22:48:38] [Render thread/WARN]: Entity class_746['khanhnotbruh'/2395064, l='ClientLevel', x=-78.30, y=1.35, z=79.32] does not have attribute null
[22:48:39] [Render thread/INFO]: [System] [CHAT] PEAKYY has made the advancement [The End?]
[22:48:39] [Render thread/WARN]: Ignoring player info update for unknown player 0b65a526-aec5-3702-a1e4-dec1370a6960
[22:48:39] [Render thread/INFO]: [System] [CHAT] MrTomato21 has reached the goal [Postmortal]
[22:48:40] [Render thread/INFO]: [System] [CHAT] ngcanh: lt 3 tp
[22:48:41] [Render thread/WARN]: Ignoring player info update for unknown player eb0e3517-411c-3ee6-910d-5e5cd09cb716
[22:48:41] [Render thread/WARN]: Entity class_745['vinhminebk'/2394303, l='ClientLevel', x=-79.31, y=1.00, z=78.75] does not have attribute null
[22:48:42] [Render thread/WARN]: Entity class_746['khanhnotbruh'/2395064, l='ClientLevel', x=-79.68, y=1.01, z=80.41] does not have attribute null
[22:48:43] [Render thread/WARN]: Entity class_745['vinhminebk'/2394303, l='ClientLevel', x=-79.45, y=1.00, z=78.99] does not have attribute null
[22:48:43] [Render thread/INFO]: [System] [CHAT] MrTomato21 has made the advancement [Stone Age]
[22:48:43] [Render thread/INFO]: [System] [CHAT] SkyElder: ez
[22:48:43] [Render thread/INFO]: [System] [CHAT] Seafox_X_Ocean has made the advancement [The End?]
[22:48:44] [Render thread/INFO]: [System] [CHAT] -1 Points
[22:48:44] [Render thread/INFO]: [System] [CHAT] +1 Death
[22:48:44] [Render thread/WARN]: Entity class_746['khanhnotbruh'/2395064, l='ClientLevel', x=-82.34, y=2.05, z=84.23] does not have attribute null
[22:48:46] [Render thread/INFO]: Stopping worker threads
[22:48:46] [Render thread/INFO]: Started 1 worker threads
[22:48:46] [Render thread/INFO]: Stopping worker threads
[22:48:46] [Render thread/INFO]: Started 1 worker threads
[22:48:46] [Render thread/WARN]: Entity class_746['khanhnotbruh'/2395064, l='ClientLevel', x=0.55, y=65.00, z=-6.49] does not have attribute null
[22:48:46] [Render thread/WARN]: Entity class_745['yeunjim'/2302141, l='ClientLevel', x=0.82, y=65.00, z=-7.56] does not have attribute null
[22:48:46] [Render thread/WARN]: Entity class_745['.Viisxal6897'/2002481, l='ClientLevel', x=0.55, y=65.00, z=-6.49] does not have attribute null
[22:48:46] [Render thread/WARN]: Entity class_745['Bisherfr'/2433930, l='ClientLevel', x=0.67, y=65.50, z=-8.70] does not have attribute null
[22:48:46] [Render thread/WARN]: Entity class_745['XxmenHunterxX'/2303841, l='ClientLevel', x=0.55, y=65.00, z=-6.49] does not have attribute null
[22:48:46] [Render thread/WARN]: Entity class_745['slimeyhaqaan67'/2393509, l='ClientLevel', x=0.55, y=65.00, z=-6.49] does not have attribute null
[22:48:46] [Render thread/WARN]: Entity class_745['SAKINA_Neverking'/2273695, l='ClientLevel', x=5.21, y=65.00, z=-5.12] does not have attribute null
[22:48:46] [Render thread/WARN]: Entity class_745['khang2kkk'/2034321, l='ClientLevel', x=0.55, y=65.00, z=-6.49] does not have attribute null
[22:48:46] [Render thread/WARN]: Entity class_745['baodzz'/2397482, l='ClientLevel', x=1.61, y=65.00, z=-15.20] does not have attribute null
[22:48:46] [Render thread/WARN]: Entity class_745['Sw0rd_Critz'/2457973, l='ClientLevel', x=0.55, y=65.00, z=-6.49] does not have attribute null
[22:48:46] [Render thread/WARN]: Entity class_745['User123name'/2377487, l='ClientLevel', x=0.55, y=65.00, z=-6.49] does not have attribute null
[22:48:46] [Render thread/WARN]: Entity class_745['lilpotato4'/2458224, l='ClientLevel', x=4.96, y=65.80, z=-10.15] does not have attribute null
[22:48:46] [Render thread/WARN]: Entity class_745['CHINULOL'/2137152, l='ClientLevel', x=0.55, y=65.00, z=-6.49] does not have attribute null
[22:48:46] [Render thread/WARN]: Entity class_745['kziroal'/2177011, l='ClientLevel', x=0.55, y=65.00, z=-6.49] does not have attribute null
[22:48:46] [Render thread/WARN]: Entity class_745['kotmkings'/2370633, l='ClientLevel', x=-2.04, y=65.00, z=-11.04] does not have attribute null
[22:48:46] [Render thread/WARN]: Entity class_745['KNTxFLEEXIS'/2411727, l='ClientLevel', x=-0.08, y=65.00, z=-4.93] does not have attribute null
[22:48:46] [Render thread/WARN]: Entity class_745['.ImAboutTocu1897'/2308869, l='ClientLevel', x=-3.19, y=65.00, z=-6.92] does not have attribute null
[22:48:46] [Render thread/WARN]: Entity class_745['.Mr_In8182'/2390217, l='ClientLevel', x=-5.54, y=65.06, z=-15.72] does not have attribute null
[22:48:46] [Render thread/WARN]: Entity class_745['billubadmoshh'/2346563, l='ClientLevel', x=1.15, y=65.00, z=-17.20] does not have attribute null
[22:48:46] [Render thread/WARN]: Entity class_745['Sunset_Lov3r'/2413984, l='ClientLevel', x=-29.70, y=67.00, z=-6.30] does not have attribute null
[22:48:46] [Render thread/WARN]: Entity class_745['XzermarketMC'/2082027, l='ClientLevel', x=28.32, y=65.00, z=-23.27] does not have attribute null
[22:48:46] [Render thread/WARN]: Entity class_745['sang1209'/2419211, l='ClientLevel', x=31.57, y=65.80, z=-19.47] does not have attribute null
[22:48:47] [Render thread/WARN]: Ignoring player info update for unknown player 1a38b14e-0e25-48f9-ba90-da0ada078309
[22:48:47] [Render thread/WARN]: Entity class_745['Darkstar_911'/2458784, l='ClientLevel', x=0.55, y=65.00, z=-6.49] does not have attribute null
[22:48:47] [Render thread/WARN]: Entity class_745['Darkstar_911'/2458784, l='ClientLevel', x=0.55, y=65.00, z=-6.49] does not have attribute null
[22:48:47] [Render thread/INFO]: [System] [CHAT] Kit 1 loaded!
[22:48:48] [Render thread/WARN]: Ignoring player info update for unknown player 5b2c9e7f-68b5-32b5-96cb-f2a2a3e71415
[22:48:48] [Render thread/WARN]: Entity class_745['alliwantisyounow'/2458903, l='ClientLevel', x=0.55, y=65.00, z=-6.49] does not have attribute null
[22:48:48] [Render thread/WARN]: Entity class_745['alliwantisyounow'/2458903, l='ClientLevel', x=0.55, y=65.00, z=-6.49] does not have attribute null
[22:48:48] [Render thread/INFO]: [System] [CHAT] Seafox_X_Ocean has reached the goal [Postmortal]
[22:48:48] [Render thread/INFO]: [System] [CHAT] .Yuta3614 has reached the goal [Postmortal]
[22:48:49] [Render thread/WARN]: Ignoring player info update for unknown player 3d56218f-2eb4-30f8-af2c-b0060e01c3a3
[22:48:49] [Render thread/WARN]: Entity class_745['tuananh23'/2459002, l='ClientLevel', x=0.55, y=65.00, z=-6.49] does not have attribute null
[22:48:49] [Render thread/WARN]: Entity class_745['tuananh23'/2459002, l='ClientLevel', x=0.55, y=65.00, z=-6.49] does not have attribute null
[22:48:50] [Render thread/INFO]: [System] [CHAT] Kit 2 loaded!
[22:48:50] [Render thread/INFO]: [System] [CHAT] Villan_yt123: tptpt
[22:48:50] [Render thread/WARN]: Entity class_745['Bisherfr'/2433930, l='ClientLevel', x=-2.93, y=65.00, z=-8.46] does not have attribute null
[22:48:51] [Render thread/WARN]: Entity class_745['_x4everh3rs'/2452530, l='ClientLevel', x=0.55, y=65.00, z=-6.49] does not have attribute null
[22:48:51] [Render thread/INFO]: [System] [CHAT] lilpotato4 has made the advancement [The End?]
[22:48:51] [Render thread/INFO]: [System] [CHAT] JTM_MIKILA has reached the goal [Postmortal]
[22:48:52] [Render thread/INFO]: [System] [CHAT] kemdauxinhgai: khác j đâu
[22:48:52] [Render thread/WARN]: Entity class_745['bincute563'/2411393, l='ClientLevel', x=0.55, y=65.00, z=-6.49] does not have attribute null
[22:48:53] [Render thread/INFO]: [System] [CHAT] xautraihijhij: kem luyen tay )
[22:48:53] [Render thread/WARN]: Entity class_745['NotHerAgain_'/2329698, l='ClientLevel', x=0.55, y=65.00, z=-6.49] does not have attribute null
[22:48:55] [Render thread/INFO]: [System] [CHAT] CHINULOL: tpa for 1v1
[22:48:56] [Render thread/WARN]: Entity class_745['ItzzNhaa__'/2433022, l='ClientLevel', x=0.55, y=65.00, z=-6.49] does not have attribute null
[22:48:56] [Render thread/INFO]: [System] [CHAT] ChangKhoYeuEm has made the advancement [Stone Age]
[22:48:57] [Render thread/WARN]: Entity class_745['PEAKYY'/2454869, l='ClientLevel', x=0.55, y=65.00, z=-6.49] does not have attribute null
[22:48:57] [Render thread/INFO]: [System] [CHAT] lilpotato4 has reached the goal [Postmortal]
[22:48:58] [Render thread/INFO]: [System] [CHAT] xautraihijhij: khac ma
[22:48:58] [Render thread/WARN]: Entity class_745['nhiklopi'/2435683, l='ClientLevel', x=0.55, y=65.00, z=-6.49] does not have attribute null
[22:48:58] [Render thread/WARN]: Entity class_745['SieuNhanGao3669'/2378758, l='ClientLevel', x=0.55, y=65.00, z=-6.49] does not have attribute null
[22:48:59] [Render thread/INFO]: Stopping worker threads
[22:48:59] [Render thread/INFO]: Started 1 worker threads
[22:48:59] [Render thread/INFO]: Stopping worker threads
[22:48:59] [Render thread/INFO]: Started 1 worker threads
[22:48:59] [Render thread/WARN]: Entity class_746['khanhnotbruh'/2395064, l='ClientLevel', x=-82.02, y=2.14, z=83.68] does not have attribute null
[22:48:59] [Render thread/WARN]: Entity class_745['vinhminebk'/2394303, l='ClientLevel', x=-79.55, y=1.00, z=80.54] does not have attribute null
[22:49:01] [Render thread/INFO]: [System] [CHAT] JTM_MIKILA has made the advancement [Stone Age]
[22:49:01] [Render thread/INFO]: [System] [CHAT] kemdauxinhgai: tại lâu t k chơi
[22:49:02] [Render thread/WARN]: Ignoring player info update for unknown player 1a38b14e-0e25-48f9-ba90-da0ada078309
[22:49:03] [Render thread/WARN]: Entity class_745['vinhminebk'/2394303, l='ClientLevel', x=-79.40, y=1.42, z=81.03] does not have attribute null
[22:49:04] [Render thread/WARN]: Entity class_746['khanhnotbruh'/2395064, l='ClientLevel', x=-85.83, y=3.74, z=83.05] does not have attribute null
[22:49:04] [Render thread/INFO]: [System] [CHAT] alliwantisyounow has reached the goal [Postmortal]
[22:49:04] [Render thread/INFO]: [System] [CHAT] khana123pvp has reached the goal [Postmortal]
[22:49:05] [Render thread/INFO]: [System] [CHAT] ngcanh: ?
[22:49:05] [Render thread/WARN]: Entity class_746['khanhnotbruh'/2395064, l='ClientLevel', x=-87.70, y=3.02, z=83.98] does not have attribute null
[22:49:05] [Render thread/INFO]: [System] [CHAT] xautraihijhij: gio danh cug mat may cai totem cua kem roi
[22:49:06] [Render thread/WARN]: Entity class_746['khanhnotbruh'/2395064, l='ClientLevel', x=-83.53, y=1.02, z=85.51] does not have attribute null
[22:49:06] [Render thread/WARN]: Entity class_745['vinhminebk'/2394303, l='ClientLevel', x=-86.42, y=1.00, z=82.33] does not have attribute null
[22:49:07] [Render thread/INFO]: [System] [CHAT] kemdauxinhgai: nên thế thôi
[22:49:08] [Render thread/WARN]: Entity class_746['khanhnotbruh'/2395064, l='ClientLevel', x=-84.56, y=-0.86, z=83.32] does not have attribute null
[22:49:08] [Render thread/WARN]: Entity class_745['vinhminebk'/2394303, l='ClientLevel', x=-85.01, y=-0.83, z=81.52] does not have attribute null
[22:49:10] [Render thread/WARN]: Entity class_746['khanhnotbruh'/2395064, l='ClientLevel', x=-83.79, y=-0.96, z=84.11] does not have attribute null
[22:49:10] [Render thread/INFO]: [System] [CHAT] -1 Points
[22:49:10] [Render thread/INFO]: [System] [CHAT] +1 Death
[22:49:10] [Render thread/WARN]: Entity class_746['khanhnotbruh'/2395064, l='ClientLevel', x=-83.85, y=-0.64, z=85.94] does not have attribute null
[22:49:11] [Render thread/INFO]: [System] [CHAT] sang1209 has reached the goal [Postmortal]
[22:49:11] [Render thread/INFO]: Stopping worker threads
[22:49:11] [Render thread/INFO]: Started 1 worker threads
[22:49:11] [Render thread/INFO]: Stopping worker threads
[22:49:11] [Render thread/INFO]: Started 1 worker threads
[22:49:11] [Render thread/WARN]: Entity class_746['khanhnotbruh'/2395064, l='ClientLevel', x=0.55, y=65.00, z=-6.49] does not have attribute null
[22:49:11] [Render thread/WARN]: Entity class_745['yeunjim'/2302141, l='ClientLevel', x=0.82, y=65.00, z=-7.56] does not have attribute null
[22:49:11] [Render thread/WARN]: Entity class_745['Darkstar_911'/2460240, l='ClientLevel', x=4.21, y=65.00, z=-6.29] does not have attribute null
[22:49:11] [Render thread/WARN]: Entity class_745['4KenJi_'/2295285, l='ClientLevel', x=8.62, y=65.00, z=-12.75] does not have attribute null
[22:49:11] [Render thread/WARN]: Entity class_745['DangerMarlow_Jr'/2247315, l='ClientLevel', x=1.63, y=65.00, z=-10.38] does not have attribute null
[22:49:11] [Render thread/WARN]: Entity class_745['NotHerAgain_'/2329698, l='ClientLevel', x=0.55, y=65.00, z=-6.49] does not have attribute null
[22:49:11] [Render thread/WARN]: Entity class_745['SAKINA_Neverking'/2273695, l='ClientLevel', x=5.21, y=65.00, z=-5.12] does not have attribute null
[22:49:11] [Render thread/WARN]: Entity class_745['khang2kkk'/2034321, l='ClientLevel', x=0.55, y=65.00, z=-6.49] does not have attribute null
[22:49:11] [Render thread/WARN]: Entity class_745['.Onion6678'/2413904, l='ClientLevel', x=0.55, y=65.00, z=-6.49] does not have attribute null
[22:49:11] [Render thread/WARN]: Entity class_745['Seafox_X_Ocean'/2457536, l='ClientLevel', x=0.69, y=65.00, z=-8.92] does not have attribute null
[22:49:11] [Render thread/WARN]: Entity class_745['SkyElder'/2417123, l='ClientLevel', x=0.55, y=65.00, z=-6.49] does not have attribute null
[22:49:11] [Render thread/WARN]: Entity class_745['Realitz_Zyntrax'/2415685, l='ClientLevel', x=0.55, y=65.00, z=-6.49] does not have attribute null
[22:49:11] [Render thread/INFO]: [System] [CHAT] khana123pvp has made the advancement [Stone Age]
[22:49:12] [Render thread/WARN]: Entity class_745['slimeyhaqaan67'/2393509, l='ClientLevel', x=0.55, y=65.00, z=-6.49] does not have attribute null
[22:49:12] [Render thread/WARN]: Entity class_745['User123name'/2377487, l='ClientLevel', x=-0.00, y=65.00, z=-7.83] does not have attribute null
[22:49:12] [Render thread/WARN]: Entity class_745['nhiklopi'/2435683, l='ClientLevel', x=-4.48, y=65.00, z=-12.90] does not have attribute null
[22:49:12] [Render thread/WARN]: Entity class_745['KNTxFLEEXIS'/2411727, l='ClientLevel', x=-0.08, y=65.00, z=-4.93] does not have attribute null
[22:49:12] [Render thread/WARN]: Entity class_745['.ImAboutTocu1897'/2308869, l='ClientLevel', x=-3.19, y=65.00, z=-6.92] does not have attribute null
[22:49:12] [Render thread/WARN]: Entity class_745['TurtleMaster101'/2353465, l='ClientLevel', x=-1.91, y=66.17, z=-15.58] does not have attribute null
[22:49:12] [Render thread/WARN]: Entity class_745['lackoten'/2450533, l='ClientLevel', x=-2.02, y=65.00, z=-17.62] does not have attribute null
[22:49:12] [Render thread/WARN]: Entity class_745['kotmkings'/2370633, l='ClientLevel', x=-21.70, y=65.06, z=-5.30] does not have attribute null
[22:49:12] [Render thread/WARN]: Entity class_745['Sunset_Lov3r'/2413984, l='ClientLevel', x=-29.70, y=67.00, z=-6.30] does not have attribute null
[22:49:12] [Render thread/WARN]: Entity class_745['XzermarketMC'/2082027, l='ClientLevel', x=28.32, y=65.00, z=-23.27] does not have attribute null
[22:49:12] [Worker-Main-5/ERROR]: Textures payload has been tampered with (signature invalid)
[22:49:12] [Render thread/WARN]: Entity class_745['4KenJi_'/2295285, l='ClientLevel', x=8.98, y=65.00, z=-13.50] does not have attribute null
[22:49:13] [Render thread/WARN]: Entity class_745['NoMercyX'/2334312, l='ClientLevel', x=0.55, y=65.00, z=-6.49] does not have attribute null
[22:49:13] [Render thread/INFO]: [System] [CHAT] Kit 1 loaded!
[22:49:13] [Render thread/WARN]: Entity class_745['Zen_Jiro'/2440079, l='ClientLevel', x=0.55, y=65.00, z=-6.49] does not have attribute null
[22:49:15] [Render thread/WARN]: Entity class_745['Agaoa'/2402492, l='ClientLevel', x=0.55, y=65.00, z=-6.49] does not have attribute null
[22:49:15] [Render thread/WARN]: Entity class_745['PlentyWistle'/2416129, l='ClientLevel', x=0.55, y=65.00, z=-6.49] does not have attribute null
[22:49:16] [Render thread/INFO]: [System] [CHAT] BaekJuhoon has made the advancement [The End?]
[22:49:16] [Render thread/INFO]: [System] [CHAT] NoMercyX: (:
[22:49:16] [Render thread/WARN]: Entity class_745['sang1209'/2419211, l='ClientLevel', x=0.55, y=65.00, z=-6.49] does not have attribute null
[22:49:16] [Render thread/INFO]: [System] [CHAT] PEAKYY has made the advancement [Stone Age]
[22:49:16] [Render thread/INFO]: [System] [CHAT] (⚔) Exclusv killed ITZ_prototype.
[22:49:16] [Render thread/WARN]: Entity class_745['ITZ_prototype'/2274671, l='ClientLevel', x=0.55, y=65.00, z=-6.49] does not have attribute null
[22:49:16] [Render thread/WARN]: Entity class_745['ITZ_prototype'/2274671, l='ClientLevel', x=0.55, y=65.00, z=-6.49] does not have attribute null
[22:49:16] [Render thread/INFO]: [System] [CHAT] kemdauxinhgai: lâu r k chơi
[22:49:17] [Render thread/WARN]: Entity class_745['huyquanhoaaa'/2092743, l='ClientLevel', x=0.55, y=65.00, z=-6.49] does not have attribute null
[22:49:17] [Render thread/WARN]: Entity class_745['onlycheata899'/2261733, l='ClientLevel', x=0.55, y=65.00, z=-6.49] does not have attribute null
[22:49:18] [Render thread/INFO]: Stopping worker threads
[22:49:18] [Render thread/INFO]: Started 1 worker threads
[22:49:18] [Render thread/INFO]: Stopping worker threads
[22:49:18] [Render thread/INFO]: Started 1 worker threads
[22:49:18] [Render thread/WARN]: Entity class_746['khanhnotbruh'/2395064, l='ClientLevel', x=-83.77, y=-0.85, z=84.74] does not have attribute null
[22:49:18] [Render thread/WARN]: Entity class_745['vinhminebk'/2394303, l='ClientLevel', x=-85.30, y=-2.00, z=82.48] does not have attribute null
[22:49:18] [Render thread/INFO]: [System] [CHAT] Villan_yt123 has made the advancement [The End?]
[22:49:19] [Render thread/WARN]: Entity class_745['vinhminebk'/2394303, l='ClientLevel', x=-85.30, y=-2.00, z=82.48] does not have attribute null
[22:49:19] [Render thread/WARN]: Ignoring player info update for unknown player bb4297ed-6cf1-4a58-962f-920268d9c05d
[22:49:21] [Render thread/INFO]: [System] [CHAT] xautraihijhij: tap trc thu 3 tuan sau la kem mo band roi
[22:49:21] [Render thread/INFO]: [System] [CHAT] alliwantisyounow has made the advancement [Stone Age]
[22:49:22] [Render thread/WARN]: Entity class_745['vinhminebk'/2394303, l='ClientLevel', x=-85.30, y=-2.79, z=82.58] does not have attribute null
[22:49:22] [Render thread/WARN]: Entity class_746['khanhnotbruh'/2395064, l='ClientLevel', x=-81.30, y=-2.99, z=84.13] does not have attribute null
[22:49:23] [Render thread/WARN]: Entity class_746['khanhnotbruh'/2395064, l='ClientLevel', x=-81.30, y=-4.00, z=84.28] does not have attribute null
[22:49:23] [Render thread/INFO]: [System] [CHAT] 
[22:49:23] [Render thread/INFO]: [System] [CHAT]  Seafox_X_Ocean ᴡᴀs ᴋɪᴄᴋᴇᴅ ʙʏ  
[22:49:24] [Render thread/INFO]: [System] [CHAT] .RaBenZzooooo: nh bc hy
[22:49:24] [Render thread/WARN]: Entity class_746['khanhnotbruh'/2395064, l='ClientLevel', x=-79.35, y=-5.11, z=85.02] does not have attribute null
[22:49:25] [Render thread/WARN]: Entity class_746['khanhnotbruh'/2395064, l='ClientLevel', x=-83.86, y=-6.74, z=82.75] does not have attribute null
[22:49:25] [Render thread/WARN]: Entity class_745['vinhminebk'/2394303, l='ClientLevel', x=-86.67, y=-6.92, z=82.62] does not have attribute null
[22:49:25] [Render thread/WARN]: Entity class_746['khanhnotbruh'/2395064, l='ClientLevel', x=-83.27, y=-8.00, z=81.30] does not have attribute null
[22:49:25] [Render thread/WARN]: Entity class_745['vinhminebk'/2394303, l='ClientLevel', x=-85.94, y=-7.30, z=82.77] does not have attribute null
[22:49:26] [Render thread/WARN]: Ignoring player info update for unknown player 56019dc1-092d-495f-932a-cc9b681b62e3
[22:49:26] [Render thread/INFO]: [System] [CHAT] kemdauxinhgai: bị band còn 2 ngày nx nhé
[22:49:27] [Render thread/WARN]: Ignoring player info update for unknown player f427164b-7c9f-43e9-bdf8-4e9369f91205
[22:49:28] [Render thread/INFO]: [System] [CHAT] nhiklopi: lt3 tpa me
[22:49:28] [Render thread/WARN]: Entity class_745['vinhminebk'/2394303, l='ClientLevel', x=-85.67, y=-8.95, z=82.35] does not have attribute null
[22:49:30] [Render thread/WARN]: Entity class_746['khanhnotbruh'/2395064, l='ClientLevel', x=-82.30, y=-13.00, z=80.95] does not have attribute null
[22:49:31] [Render thread/WARN]: Entity class_746['khanhnotbruh'/2395064, l='ClientLevel', x=-82.27, y=-12.88, z=80.68] does not have attribute null
[22:49:33] [Render thread/WARN]: Entity class_745['vinhminebk'/2394303, l='ClientLevel', x=-81.46, y=-14.00, z=81.89] does not have attribute null
[22:49:33] [Render thread/WARN]: Entity class_746['khanhnotbruh'/2395064, l='ClientLevel', x=-82.10, y=-13.99, z=79.38] does not have attribute null
[22:49:33] [Render thread/INFO]: [System] [CHAT] Seafox_X_Ocean has made the advancement [The End?]
[22:49:33] [Render thread/INFO]: [System] [CHAT] lackoten has made the advancement [The End?]
[22:49:33] [Render thread/INFO]: [System] [CHAT] xautraihijhij: the thu may mo band
[22:49:33] [Render thread/INFO]: [System] [CHAT] +1 Points
[22:49:33] [Render thread/WARN]: Entity class_745['vinhminebk'/2394303, l='ClientLevel', x=-81.51, y=-13.16, z=81.73] does not have attribute null
[22:49:34] [Render thread/INFO]: [System] [CHAT] nhiklopi: V
[22:49:34] [Render thread/INFO]: [System] [CHAT] BaekJuhoon has reached the goal [Postmortal]
[22:49:35] [Render thread/INFO]: [System] [CHAT] Kit 1 loaded!
[22:49:36] [Render thread/INFO]: [System] [CHAT] lilpotato4 has made the advancement [Not Quite "Nine" Lives]
[22:49:36] [Render thread/INFO]: [System] [CHAT] Quangdepzai3222 has made the advancement [Stone Age]
[22:49:37] [Render thread/INFO]: [System] [CHAT] Nicikaw4_V2 has reached the goal [Postmortal]
[22:49:38] [Render thread/INFO]: [System] [CHAT] NoMercyX: ok ton ban vai phg
[22:49:38] [Render thread/INFO]: [System] [CHAT] nhiklopi: lt3 tpa me
[22:49:39] [Render thread/WARN]: Ignoring player info update for unknown player 9461ccc9-60a7-347b-9d1b-402b5e65af8a
[22:49:40] [Render thread/INFO]: [System] [CHAT] _x4everh3rs has made the advancement [The End?]
[22:49:40] [Render thread/WARN]: Entity class_745['vinhminebk'/2394303, l='ClientLevel', x=-81.45, y=-12.91, z=81.97] does not have attribute null
[22:49:40] [Render thread/INFO]: [System] [CHAT] Zen_Jiro has made the advancement [Stone Age]
[22:49:41] [Render thread/WARN]: Entity class_746['khanhnotbruh'/2395064, l='ClientLevel', x=-81.32, y=-13.50, z=81.60] does not have attribute null
[22:49:42] [Render thread/WARN]: Entity class_746['khanhnotbruh'/2395064, l='ClientLevel', x=-81.48, y=-12.75, z=78.85] does not have attribute null
[22:49:42] [Render thread/WARN]: Entity class_746['khanhnotbruh'/2395064, l='ClientLevel', x=-81.21, y=-12.74, z=77.96] does not have attribute null
[22:49:43] [Render thread/WARN]: Entity class_746['khanhnotbruh'/2395064, l='ClientLevel', x=-80.99, y=-12.98, z=77.35] does not have attribute null
[22:49:43] [Render thread/INFO]: [System] [CHAT] khana123pvp has made the advancement [The End?]
[22:49:45] [Render thread/INFO]: [System] [CHAT] Nonamegamervn has reached the goal [Postmortal]
[22:49:45] [Render thread/INFO]: [System] [CHAT] Seafox_X_Ocean has reached the goal [Postmortal]
[22:49:45] [Render thread/WARN]: Entity class_746['khanhnotbruh'/2395064, l='ClientLevel', x=-77.98, y=-14.06, z=74.22] does not have attribute null
[22:49:46] [Render thread/INFO]: [System] [CHAT] Coldzeyy__: do /back
[22:49:46] [Render thread/WARN]: Entity class_745['vinhminebk'/2394303, l='ClientLevel', x=-80.85, y=-13.98, z=76.21] does not have attribute null
[22:49:47] [Render thread/WARN]: Entity class_746['khanhnotbruh'/2395064, l='ClientLevel', x=-77.55, y=-15.00, z=73.58] does not have attribute null
[22:49:49] [Render thread/WARN]: Entity class_746['khanhnotbruh'/2395064, l='ClientLevel', x=-78.68, y=-16.00, z=72.41] does not have attribute null
[22:49:49] [Render thread/WARN]: Entity class_745['vinhminebk'/2394303, l='ClientLevel', x=-79.30, y=-16.00, z=74.12] does not have attribute null
[22:49:50] [Render thread/WARN]: Ignoring player info update for unknown player 1a38b14e-0e25-48f9-ba90-da0ada078309
[22:49:50] [Render thread/INFO]: [System] [CHAT] -1 Points
[22:49:50] [Render thread/INFO]: [System] [CHAT] +1 Death
[22:49:50] [Render thread/WARN]: Entity class_745['vinhminebk'/2394303, l='ClientLevel', x=-79.94, y=-16.70, z=73.31] does not have attribute null
[22:49:50] [Render thread/WARN]: Entity class_746['khanhnotbruh'/2395064, l='ClientLevel', x=-77.76, y=-16.92, z=71.13] does not have attribute null
[22:49:51] [Render thread/INFO]: Stopping worker threads
[22:49:51] [Render thread/INFO]: Started 1 worker threads
[22:49:51] [Render thread/INFO]: Stopping worker threads
[22:49:51] [Render thread/INFO]: Started 1 worker threads
[22:49:51] [Render thread/WARN]: Entity class_746['khanhnotbruh'/2395064, l='ClientLevel', x=0.55, y=65.00, z=-6.49] does not have attribute null
[22:49:52] [Render thread/WARN]: Entity class_745['PTADetagon'/2464741, l='ClientLevel', x=6.17, y=65.06, z=-14.89] does not have attribute null
[22:49:52] [Render thread/WARN]: Entity class_745['Nicikaw4_V2'/2462381, l='ClientLevel', x=0.20, y=65.00, z=-13.23] does not have attribute null
[22:49:52] [Render thread/WARN]: Entity class_745['PlentyWistle'/2416129, l='ClientLevel', x=0.99, y=65.00, z=-9.04] does not have attribute null
[22:49:52] [Render thread/WARN]: Entity class_745['Gxrio'/2021195, l='ClientLevel', x=0.55, y=65.00, z=-6.49] does not have attribute null
[22:49:52] [Render thread/WARN]: Entity class_745['TurtleMaster101'/2353465, l='ClientLevel', x=12.65, y=66.17, z=-13.84] does not have attribute null
[22:49:52] [Render thread/WARN]: Entity class_745['Realitz_Zyntrax'/2415685, l='ClientLevel', x=0.55, y=65.00, z=-6.49] does not have attribute null
[22:49:52] [Render thread/WARN]: Entity class_745['kshitiz123'/2449754, l='ClientLevel', x=0.55, y=65.00, z=-6.49] does not have attribute null
[22:49:52] [Render thread/WARN]: Entity class_745['khang2kkk'/2034321, l='ClientLevel', x=0.55, y=65.00, z=-6.49] does not have attribute null
[22:49:52] [Render thread/WARN]: Entity class_745['Linzx911'/2433132, l='ClientLevel', x=1.19, y=65.00, z=-6.47] does not have attribute null
[22:49:52] [Render thread/WARN]: Entity class_745['ItzzNhaa__'/2433022, l='ClientLevel', x=3.40, y=65.12, z=-10.45] does not have attribute null
[22:49:52] [Render thread/WARN]: Entity class_745['Darkstar_911'/2465854, l='ClientLevel', x=0.55, y=65.00, z=-6.49] does not have attribute null
[22:49:52] [Render thread/WARN]: Entity class_745['minhxinacpuy'/2357684, l='ClientLevel', x=0.91, y=65.00, z=-14.17] does not have attribute null
[22:49:52] [Render thread/WARN]: Entity class_745['kziroal'/2177011, l='ClientLevel', x=0.55, y=65.00, z=-6.49] does not have attribute null
[22:49:52] [Render thread/WARN]: Entity class_745['.ImAboutTocu1897'/2308869, l='ClientLevel', x=-3.19, y=65.00, z=-6.92] does not have attribute null
[22:49:52] [Render thread/WARN]: Entity class_745['FinalMugetsu'/2326910, l='ClientLevel', x=0.55, y=65.00, z=-6.49] does not have attribute null
[22:49:52] [Render thread/WARN]: Entity class_745['yeunjim'/2302141, l='ClientLevel', x=-1.87, y=65.50, z=-21.83] does not have attribute null
[22:49:52] [Render thread/WARN]: Entity class_745['XzermarketMC'/2082027, l='ClientLevel', x=28.32, y=65.00, z=-23.27] does not have attribute null
[22:49:52] [Render thread/WARN]: Entity class_745['kotmkings'/2370633, l='ClientLevel', x=-21.70, y=65.06, z=-5.30] does not have attribute null
[22:49:52] [Render thread/WARN]: Entity class_745['sang1209'/2419211, l='ClientLevel', x=-20.86, y=65.00, z=-15.81] does not have attribute null
[22:49:52] [Render thread/WARN]: Entity class_745['Sunset_Lov3r'/2413984, l='ClientLevel', x=-29.70, y=67.00, z=-6.30] does not have attribute null
[22:49:53] [Render thread/WARN]: Entity class_745['Zen_Jiro'/2440079, l='ClientLevel', x=0.55, y=65.00, z=-6.49] does not have attribute null
[22:49:53] [Render thread/WARN]: Entity class_745['TurtleMaster101'/2353465, l='ClientLevel', x=14.17, y=65.00, z=-14.41] does not have attribute null
[22:49:53] [Render thread/WARN]: Entity class_745['KNTxFLEEXIS'/2411727, l='ClientLevel', x=-32.16, y=65.00, z=-23.72] does not have attribute null
[22:49:53] [Render thread/INFO]: [System] [CHAT] Kit 1 loaded!
[22:49:53] [Render thread/WARN]: Entity class_745['lethoso124'/2328781, l='ClientLevel', x=0.55, y=65.00, z=-6.49] does not have attribute null
[22:49:54] [Render thread/INFO]: [System] [CHAT] TheyCallMeLyee has made the advancement [Monster Hunter]
[22:49:54] [Render thread/INFO]: Stopping worker threads
[22:49:54] [Render thread/INFO]: Started 1 worker threads
[22:49:54] [Render thread/INFO]: Stopping worker threads
[22:49:54] [Render thread/INFO]: Started 1 worker threads
[22:49:54] [Render thread/WARN]: Entity class_746['khanhnotbruh'/2395064, l='ClientLevel', x=-77.98, y=-17.00, z=71.30] does not have attribute null
[22:49:55] [Render thread/WARN]: Entity class_745['vinhminebk'/2394303, l='ClientLevel', x=-79.19, y=-18.00, z=70.86] does not have attribute null
[22:49:55] [Render thread/INFO]: [System] [CHAT] Nonamegamervn has made the advancement [Stone Age]
[22:49:56] [Render thread/INFO]: [System] [CHAT] Gxrio: bros so good-_-
[22:49:57] [Render thread/WARN]: Entity class_746['khanhnotbruh'/2395064, l='ClientLevel', x=-77.98, y=-18.00, z=71.30] does not have attribute null
[22:49:58] [Render thread/INFO]: [System] [CHAT] SkyElder: ggs
[22:49:59] [Render thread/WARN]: Ignoring player info update for unknown player 1a38b14e-0e25-48f9-ba90-da0ada078309
[22:49:59] [Render thread/WARN]: Entity class_745['vinhminebk'/2394303, l='ClientLevel', x=-80.65, y=-18.00, z=71.84] does not have attribute null
[22:49:59] [Render thread/WARN]: Entity class_746['khanhnotbruh'/2395064, l='ClientLevel', x=-78.69, y=-19.36, z=70.24] does not have attribute null
[22:50:00] [Render thread/INFO]: [System] [CHAT] lilpotato4: gg
[22:50:02] [Render thread/WARN]: Entity class_745['vinhminebk'/2394303, l='ClientLevel', x=-80.50, y=-21.00, z=70.39] does not have attribute null
[22:50:03] [Render thread/INFO]: [System] [CHAT] Rewxt has made the advancement [Stone Age]
[22:50:03] [Render thread/INFO]: [System] [CHAT] .MetBreak7414 has made the advancement [Stone Age]
[22:50:03] [Render thread/WARN]: Entity class_746['khanhnotbruh'/2395064, l='ClientLevel', x=-76.47, y=-22.00, z=68.23] does not have attribute null
[22:50:05] [Render thread/WARN]: Entity class_745['vinhminebk'/2394303, l='ClientLevel', x=-81.77, y=-23.93, z=70.03] does not have attribute null
[22:50:06] [Render thread/WARN]: Ignoring player info update for unknown player 7105d20b-7ae1-44cc-acf5-ba66e7d8af15
[22:50:06] [Render thread/WARN]: Ignoring player info update for unknown player 41f41a5e-94ce-31c2-ac9e-25f3bc82c6c6
[22:50:07] [Render thread/WARN]: Entity class_745['vinhminebk'/2394303, l='ClientLevel', x=-79.30, y=-25.00, z=68.26] does not have attribute null
[22:50:08] [Render thread/WARN]: Entity class_746['khanhnotbruh'/2395064, l='ClientLevel', x=-81.05, y=-26.00, z=70.70] does not have attribute null
[22:50:10] [Render thread/INFO]: [System] [CHAT] Coldzeyy__: ggs bro was cooking me in sword-_-
[22:50:10] [Render thread/WARN]: Entity class_745['vinhminebk'/2394303, l='ClientLevel', x=-77.48, y=-26.00, z=68.32] does not have attribute null
[22:50:12] [Render thread/INFO]: [System] [CHAT] alliwantisyounow: im ht5
[22:50:13] [Render thread/INFO]: [System] [CHAT] (☠) CypherMcOfficial exceeded the speed limit with elytras.
[22:50:13] [Render thread/WARN]: Entity class_746['khanhnotbruh'/2395064, l='ClientLevel', x=-81.57, y=-27.00, z=71.16] does not have attribute null
[22:50:15] [Render thread/WARN]: Ignoring player info update for unknown player 98732045-096b-3065-863c-be8d6c092e2c
[22:50:15] [Render thread/WARN]: Entity class_745['vinhminebk'/2394303, l='ClientLevel', x=-78.30, y=-29.00, z=67.85] does not have attribute null
[22:50:16] [Render thread/WARN]: Entity class_746['khanhnotbruh'/2395064, l='ClientLevel', x=-81.91, y=-30.05, z=71.74] does not have attribute null
[22:50:17] [Render thread/INFO]: [System] [CHAT] CHINULOL: tpa for 1v1
[22:50:17] [Render thread/WARN]: Entity class_745['vinhminebk'/2394303, l='ClientLevel', x=-78.63, y=-29.72, z=69.05] does not have attribute null
[22:50:19] [Render thread/WARN]: Entity class_745['vinhminebk'/2394303, l='ClientLevel', x=-80.29, y=-31.00, z=70.70] does not have attribute null
[22:50:20] [Render thread/INFO]: [System] [CHAT] PTADetagon has reached the goal [Postmortal]
[22:50:20] [Render thread/INFO]: [System] [CHAT] simi21323 has made the advancement [Stone Age]
[22:50:20] [Render thread/WARN]: Entity class_746['khanhnotbruh'/2395064, l='ClientLevel', x=-83.70, y=-32.00, z=73.15] does not have attribute null
[22:50:20] [Render thread/WARN]: Entity class_745['vinhminebk'/2394303, l='ClientLevel', x=-80.58, y=-32.00, z=69.97] does not have attribute null
[22:50:21] [Render thread/WARN]: Entity class_745['vinhminebk'/2394303, l='ClientLevel', x=-80.70, y=-32.95, z=69.87] does not have attribute null
[22:50:21] [Render thread/INFO]: [System] [CHAT] BaekJuhoon has made the advancement [Stone Age]
[22:50:22] [Render thread/INFO]: [System] [CHAT] CHINULOL: tpa for 1v1
[22:50:23] [Render thread/WARN]: Entity class_746['khanhnotbruh'/2395064, l='ClientLevel', x=-81.70, y=-34.00, z=72.63] does not have attribute null
[22:50:26] [Render thread/WARN]: Entity class_745['vinhminebk'/2394303, l='ClientLevel', x=-83.70, y=-34.00, z=72.89] does not have attribute null
[22:50:27] [Render thread/WARN]: Entity class_745['vinhminebk'/2394303, l='ClientLevel', x=-83.24, y=-33.06, z=68.33] does not have attribute null
[22:50:27] [Render thread/INFO]: [System] [CHAT] .Jamewick3414 has made the advancement [Stone Age]
[22:50:28] [Render thread/INFO]: [System] [CHAT] SkyElder: ggs
[22:50:28] [Render thread/INFO]: [System] [CHAT] +1 Points
[22:50:28] [Render thread/WARN]: Entity class_745['vinhminebk'/2394303, l='ClientLevel', x=-81.47, y=-34.00, z=70.69] does not have attribute null
[22:50:30] [Render thread/WARN]: Entity class_746['khanhnotbruh'/2395064, l='ClientLevel', x=-79.30, y=-36.00, z=71.70] does not have attribute null
[22:50:30] [Render thread/WARN]: Ignoring player info update for unknown player 070af850-45fb-304d-9c13-fd09e000057b
[22:50:31] [Render thread/INFO]: [System] [CHAT] lum1se1nce has made the advancement [Stone Age]
[22:50:31] [Render thread/INFO]: [System] [CHAT] PTADetagon has made the advancement [Stone Age]
[22:50:32] [Render thread/INFO]: [System] [CHAT] Kit 1 loaded!
[22:50:32] [Render thread/WARN]: Entity class_746['khanhnotbruh'/2395064, l='ClientLevel', x=-79.16, y=-37.00, z=72.56] does not have attribute null
[22:50:33] [Render thread/WARN]: Entity class_745['vinhminebk'/2394303, l='ClientLevel', x=-81.39, y=-34.00, z=70.73] does not have attribute null
[22:50:35] [Render thread/WARN]: Ignoring player info update for unknown player 0b2f91be-56b3-48af-b426-acdb32a399b4
[22:50:35] [Render thread/WARN]: Entity class_746['khanhnotbruh'/2395064, l='ClientLevel', x=-81.46, y=-36.00, z=71.59] does not have attribute null
[22:50:36] [Render thread/WARN]: Ignoring player info update for unknown player 2b10ec62-3679-3c3a-aa3d-a2bfe5ed820f
[22:50:36] [Render thread/WARN]: Entity class_745['vinhminebk'/2394303, l='ClientLevel', x=-80.64, y=-36.00, z=71.25] does not have attribute null
[22:50:36] [Render thread/WARN]: Ignoring player info update for unknown player 00000000-0000-0000-0009-01fb0b42ba1e
[22:50:36] [Render thread/INFO]: [System] [CHAT] 
[22:50:36] [Render thread/INFO]: [System] [CHAT]  lum1se1nce ᴡᴀs ᴋɪᴄᴋᴇᴅ ʙʏ  
[22:50:37] [Render thread/WARN]: Entity class_746['khanhnotbruh'/2395064, l='ClientLevel', x=-80.17, y=-37.00, z=71.57] does not have attribute null
[22:50:39] [Render thread/WARN]: Entity class_746['khanhnotbruh'/2395064, l='ClientLevel', x=-80.17, y=-37.00, z=71.45] does not have attribute null
[22:50:39] [Render thread/WARN]: Ignoring player info update for unknown player 067848cd-015b-3536-b05d-b2277cb87d6c
[22:50:40] [Render thread/WARN]: Ignoring player info update for unknown player 642fb1ad-f74e-4667-9237-8953c7a57315
[22:50:40] [Render thread/WARN]: Entity class_745['vinhminebk'/2394303, l='ClientLevel', x=-78.30, y=-37.00, z=73.51] does not have attribute null
[22:50:40] [Render thread/WARN]: Ignoring player info update for unknown player 207097c0-09ae-387e-986e-8351cc8d6cb0
[22:50:40] [Render thread/WARN]: Entity class_746['khanhnotbruh'/2395064, l='ClientLevel', x=-81.06, y=-38.19, z=71.56] does not have attribute null
[22:50:41] [Render thread/INFO]: [System] [CHAT] 4KenJi_: gg
[22:50:42] [Render thread/WARN]: Ignoring player info update for unknown player 355063f5-fe71-4226-9f24-7f958b9a1d63
[22:50:45] [Render thread/WARN]: Entity class_746['khanhnotbruh'/2395064, l='ClientLevel', x=-82.70, y=-40.00, z=70.40] does not have attribute null
[22:50:45] [Render thread/WARN]: Entity class_745['vinhminebk'/2394303, l='ClientLevel', x=-82.10, y=-40.00, z=73.37] does not have attribute null
[22:50:45] [Render thread/WARN]: Entity class_746['khanhnotbruh'/2395064, l='ClientLevel', x=-82.70, y=-40.00, z=70.03] does not have attribute null
[22:50:45] [Render thread/INFO]: [System] [CHAT] 
[22:50:45] [Render thread/INFO]: [System] [CHAT]  Seafox_X_Ocean ᴡᴀs ᴋɪᴄᴋᴇᴅ ʙʏ  
[22:50:46] [Render thread/INFO]: [System] [CHAT] +1 Points
[22:50:47] [Render thread/WARN]: Entity class_745['vinhminebk'/2394303, l='ClientLevel', x=-83.23, y=-41.00, z=73.38] does not have attribute null
[22:50:47] [Render thread/INFO]: [System] [CHAT] Quangdepzai3222 has made the advancement [Ol' Betsy]
[22:50:48] [Render thread/INFO]: [System] [CHAT] PEAKYY has made the advancement [Monster Hunter]
[22:50:48] [Render thread/WARN]: Ignoring player info update for unknown player 56019dc1-092d-495f-932a-cc9b681b62e3
[22:50:49] [Render thread/INFO]: [System] [CHAT] Kit 1 loaded!
[22:50:49] [Render thread/WARN]: Entity class_746['khanhnotbruh'/2395064, l='ClientLevel', x=-83.09, y=-40.00, z=68.42] does not have attribute null
[22:50:49] [Render thread/WARN]: Ignoring player info update for unknown player 6a68e18b-3d04-4caf-8077-5156a2f7c24a
[22:50:50] [Render thread/INFO]: [System] [CHAT] SkyElder: ggs
[22:50:51] [Render thread/WARN]: Ignoring player info update for unknown player 4ae4eda8-d93d-3548-a586-93db9d5c4181
[22:50:52] [Render thread/WARN]: Ignoring player info update for unknown player 8efa5e1c-e8e2-3c31-a714-783cdf8d3ead
[22:50:52] [Render thread/INFO]: [System] [CHAT] Lxiszzzz_ has made the advancement [The End?]
[22:50:53] [Render thread/INFO]: [System] [CHAT] CHINULOL: tpa for 1v1
[22:50:53] [Render thread/WARN]: Entity class_745['vinhminebk'/2394303, l='ClientLevel', x=-83.23, y=-41.00, z=73.30] does not have attribute null
[22:50:55] [Render thread/WARN]: Ignoring player info update for unknown player c24b79d7-4ee8-3eab-92c1-7eb1e8151ba9
[22:50:55] [Render thread/INFO]: [System] [CHAT] 4KenJi_: sot hack
[22:50:56] [Render thread/INFO]: [System] [CHAT] Seafox_X_Ocean has made the advancement [The End?]
[22:50:56] [Render thread/WARN]: Ignoring player info update for unknown player 45bfa6f3-0588-3f74-a530-1f85ce1f4fed
[22:50:56] [Render thread/WARN]: Entity class_745['vinhminebk'/2394303, l='ClientLevel', x=-83.72, y=-42.00, z=72.59] does not have attribute null
[22:50:56] [Render thread/WARN]: Ignoring player info update for unknown player b9bfbfa9-d5c7-3ab0-a8f0-11c47fd24e36
[22:50:57] [Render thread/INFO]: [System] [CHAT] Lxiszzzz_ has reached the goal [Postmortal]
[22:50:58] [Render thread/WARN]: Entity class_746['khanhnotbruh'/2395064, l='ClientLevel', x=-81.50, y=-42.00, z=72.70] does not have attribute null
[22:50:59] [Render thread/WARN]: Entity class_746['khanhnotbruh'/2395064, l='ClientLevel', x=-81.50, y=-41.84, z=72.95] does not have attribute null
[22:50:59] [Render thread/WARN]: Entity class_745['vinhminebk'/2394303, l='ClientLevel', x=-83.24, y=-42.00, z=71.70] does not have attribute null
[22:50:59] [Render thread/INFO]: [System] [CHAT] lum1se1nce has made the advancement [Ol' Betsy]
[22:50:59] [Render thread/INFO]: [System] [CHAT] lum1se1nce has made the advancement [Take Aim]
[22:50:59] [Render thread/INFO]: [System] [CHAT] MrTomato21 has made the advancement [Not Quite "Nine" Lives]
[22:51:01] [Render thread/INFO]: [System] [CHAT] Seafox_X_Ocean has reached the goal [Postmortal]
[22:51:01] [Render thread/WARN]: Entity class_746['khanhnotbruh'/2395064, l='ClientLevel', x=-81.54, y=-44.87, z=72.30] does not have attribute null
[22:51:01] [Render thread/WARN]: Entity class_745['vinhminebk'/2394303, l='ClientLevel', x=-82.75, y=-44.00, z=73.06] does not have attribute null
[22:51:03] [Render thread/WARN]: Entity class_745['vinhminebk'/2394303, l='ClientLevel', x=-83.69, y=-44.98, z=72.87] does not have attribute null
[22:51:03] [Render thread/INFO]: [System] [CHAT] lethoso124 has made the advancement [Monster Hunter]
[22:51:03] [Render thread/INFO]: [System] [CHAT] Coldzeyy__: wtf
[22:51:03] [Render thread/INFO]: [System] [CHAT] uchihaagatsuki has made the advancement [Stone Age]
[22:51:04] [Render thread/WARN]: Entity class_746['khanhnotbruh'/2395064, l='ClientLevel', x=-80.87, y=-47.00, z=70.30] does not have attribute null
[22:51:04] [Render thread/WARN]: Entity class_745['vinhminebk'/2394303, l='ClientLevel', x=-84.70, y=-47.00, z=72.33] does not have attribute null
[22:51:04] [Render thread/INFO]: [System] [CHAT] khana123pvp has made the advancement [Monster Hunter]
[22:51:04] [Render thread/INFO]: [System] [CHAT] ItzTAlonton has reached the goal [Postmortal]
[22:51:05] [Render thread/WARN]: Entity class_745['vinhminebk'/2394303, l='ClientLevel', x=-85.66, y=-47.70, z=72.12] does not have attribute null
[22:51:08] [Render thread/WARN]: Entity class_746['khanhnotbruh'/2395064, l='ClientLevel', x=-86.28, y=-48.96, z=70.42] does not have attribute null
[22:51:08] [Render thread/WARN]: Ignoring player info update for unknown player 1a38b14e-0e25-48f9-ba90-da0ada078309
[22:51:08] [Render thread/INFO]: [System] [CHAT] Snowy_FIGHT has reached the goal [Postmortal]
[22:51:08] [Render thread/WARN]: Entity class_746['khanhnotbruh'/2395064, l='ClientLevel', x=-86.70, y=-49.94, z=70.30] does not have attribute null
[22:51:09] [Render thread/WARN]: Entity class_745['vinhminebk'/2394303, l='ClientLevel', x=-86.46, y=-50.00, z=73.04] does not have attribute null
[22:51:11] [Render thread/WARN]: Entity class_745['vinhminebk'/2394303, l='ClientLevel', x=-86.67, y=-52.00, z=71.34] does not have attribute null
[22:51:11] [Render thread/WARN]: Entity class_746['khanhnotbruh'/2395064, l='ClientLevel', x=-87.48, y=-52.08, z=68.30] does not have attribute null
[22:51:12] [Render thread/INFO]: [System] [CHAT] NoMercyX: k3
[22:51:13] [Render thread/INFO]: [System] [CHAT] nhiklopi: lt3 tpa me
[22:51:13] [Render thread/INFO]: [System] [CHAT] kemdauxinhgai: nhanh the
[22:51:14] [Render thread/WARN]: Entity class_746['khanhnotbruh'/2395064, l='ClientLevel', x=-89.15, y=-54.00, z=66.61] does not have attribute null
[22:51:14] [Render thread/INFO]: [System] [CHAT] nischc has made the advancement [Stone Age]
[22:51:14] [Render thread/WARN]: Entity class_745['vinhminebk'/2394303, l='ClientLevel', x=-87.52, y=-55.00, z=70.14] does not have attribute null
[22:51:14] [Render thread/WARN]: Ignoring player info update for unknown player 113933e5-192e-3775-bbf3-7b65069eba99
[22:51:17] [Render thread/INFO]: [System] [CHAT] xautraihijhij: tap roi ma
[22:51:17] [Render thread/WARN]: Entity class_745['vinhminebk'/2394303, l='ClientLevel', x=-89.04, y=-56.27, z=67.68] does not have attribute null
[22:51:18] [Render thread/INFO]: [System] [CHAT] lum1se1nce has reached the goal [Postmortal]
[22:51:18] [Render thread/WARN]: Entity class_746['khanhnotbruh'/2395064, l='ClientLevel', x=-89.25, y=-56.99, z=65.62] does not have attribute null
[22:51:18] [Render thread/INFO]: [System] [CHAT] NoMercyX: kjuiii aut
[22:51:19] [Render thread/INFO]: [System] [CHAT] CHINULOL: ttpa for 1v1
[22:51:19] [Render thread/WARN]: Ignoring player info update for unknown player 7a0cebc1-4777-466e-b6ef-97d6e6bb4ead
[22:51:19] [Render thread/INFO]: [System] [CHAT] +1 Points
[22:51:19] [Render thread/WARN]: Entity class_745['vinhminebk'/2394303, l='ClientLevel', x=-88.65, y=-57.00, z=68.51] does not have attribute null
[22:51:20] [Render thread/INFO]: [System] [CHAT] 
[22:51:20] [Render thread/INFO]: [System] [CHAT]  Seafox_X_Ocean ᴡᴀs ᴋɪᴄᴋᴇᴅ ʙʏ  
[22:51:20] [Render thread/WARN]: Entity class_746['khanhnotbruh'/2395064, l='ClientLevel', x=-87.09, y=-58.00, z=65.30] does not have attribute null
[22:51:21] [Render thread/INFO]: [System] [CHAT] Aparoop has reached the goal [Postmortal]
[22:51:22] [Render thread/INFO]: [System] [CHAT] Kit 2 loaded!
[22:51:22] [Render thread/WARN]: Entity class_746['khanhnotbruh'/2395064, l='ClientLevel', x=-86.47, y=-59.00, z=64.33] does not have attribute null
[22:51:22] [Render thread/INFO]: [System] [CHAT] CHINULOL: tpa for 1v1
[22:51:22] [Render thread/WARN]: Ignoring player info update for unknown player 56019dc1-092d-495f-932a-cc9b681b62e3
[22:51:22] [Render thread/INFO]: [System] [CHAT] kemdauxinhgai: spam kinh đấy =)
[22:51:22] [Render thread/INFO]: [System] [CHAT] xautraihijhij: t bao roi :)
[22:51:23] [Render thread/WARN]: Ignoring player info update for unknown player 79d6c025-3f62-438f-920b-ceb2d4e25a2d
[22:51:23] [Render thread/WARN]: Entity class_745['vinhminebk'/2394303, l='ClientLevel', x=-88.65, y=-57.00, z=68.45] does not have attribute null
[22:51:23] [Render thread/INFO]: [System] [CHAT] kziroal: ezzzzz
[22:51:23] [Render thread/INFO]: [System] [CHAT] nhiklopi: lt3 tpa me
[22:51:24] [Render thread/INFO]: [System] [CHAT] lum1se1nce has made the advancement [Stone Age]
[22:51:24] [Render thread/INFO]: [System] [CHAT] sang1209 has made the advancement [Stone Age]
[22:51:24] [Render thread/INFO]: [System] [CHAT] MrTomato21 has made the advancement [The End?]
[22:51:24] [Render thread/INFO]: [System] [CHAT] Snowy_FIGHT has made the advancement [The End?]
[22:51:24] [Render thread/WARN]: Ignoring player info update for unknown player 2e541312-ce82-30eb-9b92-628c312424a9
[22:51:24] [Render thread/WARN]: Entity class_746['khanhnotbruh'/2395064, l='ClientLevel', x=-87.21, y=-59.00, z=67.59] does not have attribute null
[22:51:25] [Render thread/WARN]: Ignoring player info update for unknown player c35e6938-3167-318f-a0d6-f23128c165f3
[22:51:25] [Render thread/INFO]: [System] [CHAT] litdz has reached the goal [Postmortal]
[22:51:25] [Render thread/INFO]: [System] [CHAT] .KingFoxSTA: JT accept
[22:51:26] [Render thread/INFO]: [System] [CHAT] +1 Points
[22:51:26] [Render thread/INFO]: [System] [CHAT] (⚔) khanhnotbruh killed vinhminebk.
[22:51:28] [Render thread/INFO]: [System] [CHAT] 4KenJi_ has made the advancement [Not Quite "Nine" Lives]
[22:51:29] [Render thread/WARN]: Entity class_746['khanhnotbruh'/2395064, l='ClientLevel', x=-88.05, y=-59.00, z=68.91] does not have attribute null
[22:51:30] [Render thread/INFO]: [System] [CHAT] lackoten has made the advancement [Stone Age]
[22:51:30] [Render thread/WARN]: Ignoring player info update for unknown player 5b0c779f-a678-499b-a2d2-0349955282a0
[22:51:31] [Render thread/INFO]: [System] [CHAT] Aparoop has made the advancement [The End?]
[22:51:31] [Render thread/INFO]: [System] [CHAT] CHINULOL: tpa for 1v1
[22:51:32] [Render thread/WARN]: Ignoring player info update for unknown player b7eb3e98-ed8c-3b06-936b-846217ea1d4c
[22:51:32] [Render thread/INFO]: [System] [CHAT] Seafox_X_Ocean has made the advancement [The End?]
[22:51:32] [Render thread/WARN]: Ignoring player info update for unknown player 2d0fdb21-9f08-4de3-8879-8c6251f2852b
[22:51:33] [Render thread/INFO]: [System] [CHAT] SkyElder: ggs
[22:51:33] [Render thread/INFO]: [System] [CHAT] (⚔) .Jamewick3414 killed .MetBreak7414.
[22:51:35] [Render thread/WARN]: Entity class_746['khanhnotbruh'/2395064, l='ClientLevel', x=-88.73, y=-59.00, z=67.85] does not have attribute null
[22:51:35] [Render thread/INFO]: [System] [CHAT] DrDivinic has made the advancement [Not Quite "Nine" Lives]
[22:51:35] [Render thread/INFO]: [System] [CHAT] PRIME_HARSH has reached the goal [Postmortal]
[22:51:36] [Render thread/INFO]: [System] [CHAT] xautraihijhij: t kha croi bnhieu lan phai tu lap ben lucky
[22:51:36] [Render thread/INFO]: [System] [CHAT] ItzTAlonton has made the advancement [Stone Age]
[22:51:37] [Render thread/WARN]: Entity class_745['vinhminebk'/2394303, l='ClientLevel', x=-89.14, y=-59.00, z=70.55] does not have attribute null
[22:51:37] [Render thread/WARN]: Entity class_746['khanhnotbruh'/2395064, l='ClientLevel', x=-87.88, y=-59.00, z=67.61] does not have attribute null
[22:51:38] [Render thread/INFO]: [System] [CHAT] Seafox_X_Ocean has reached the goal [Postmortal]
[22:51:40] [Render thread/WARN]: Entity class_746['khanhnotbruh'/2395064, l='ClientLevel', x=-87.98, y=-59.00, z=67.54] does not have attribute null
[22:51:40] [Render thread/INFO]: [System] [CHAT] lethoso124 has made the advancement [Not Quite "Nine" Lives]
[22:51:40] [Render thread/INFO]: [System] [CHAT] salverynigga has made the advancement [The End?]
[22:51:41] [Render thread/INFO]: [System] [CHAT] Ghostly6742 has reached the goal [Postmortal]
[22:51:42] [Render thread/INFO]: [System] [CHAT] kziroal: ezzzzzzzz
[22:51:44] [Render thread/INFO]: [System] [CHAT] salverynigga has made the advancement [Monster Hunter]
[22:51:44] [Render thread/INFO]: [System] [CHAT] Lxiszzzz_ has made the advancement [Stone Age]
[22:51:45] [Render thread/INFO]: [System] [CHAT] lilpotato4 has made the advancement [Ol' Betsy]
[22:51:46] [Render thread/INFO]: [System] [CHAT] lilpotato4 has made the advancement [Take Aim]
[22:51:46] [Render thread/INFO]: [System] [CHAT] CHINULOL: tpa for 1v1
[22:51:47] [Render thread/WARN]: Entity class_745['vinhminebk'/2394303, l='ClientLevel', x=-90.31, y=-63.00, z=67.96] does not have attribute null
[22:51:47] [Render thread/WARN]: Entity class_745['vinhminebk'/2394303, l='ClientLevel', x=-91.04, y=-62.89, z=67.44] does not have attribute null
[22:51:48] [Render thread/WARN]: Entity class_745['vinhminebk'/2394303, l='ClientLevel', x=-92.77, y=-62.92, z=67.22] does not have attribute null
[22:51:51] [Render thread/WARN]: Entity class_746['khanhnotbruh'/2395064, l='ClientLevel', x=-92.58, y=-61.39, z=65.06] does not have attribute null
[22:51:51] [Render thread/INFO]: [System] [CHAT] CHINULOL: tpa for 1v1
[22:51:52] [Render thread/INFO]: [System] [CHAT] salverynigga has reached the goal [Postmortal]
[22:51:52] [Render thread/INFO]: [System] [CHAT] xautraihijhij: ma t van chx bt chs ac
[22:51:53] [Render thread/INFO]: [System] [CHAT] .KH_smo8028 has made the advancement [Not Quite "Nine" Lives]
[22:51:54] [Render thread/INFO]: [System] [CHAT] kziroal: every1 is thetheobladbirsd in this server
[22:51:54] [Render thread/INFO]: [System] [CHAT] 
[22:51:54] [Render thread/INFO]: [System] [CHAT]  Seafox_X_Ocean ᴡᴀs ᴋɪᴄᴋᴇᴅ ʙʏ  
[22:51:55] [Render thread/INFO]: [System] [CHAT] .KingFoxSTA has reached the goal [Postmortal]
[22:51:56] [Render thread/WARN]: Entity class_746['khanhnotbruh'/2395064, l='ClientLevel', x=-88.70, y=-63.00, z=65.64] does not have attribute null
[22:51:56] [Render thread/WARN]: Entity class_745['vinhminebk'/2394303, l='ClientLevel', x=-87.69, y=-63.00, z=68.70] does not have attribute null
[22:51:57] [Render thread/WARN]: Ignoring player info update for unknown player 56019dc1-092d-495f-932a-cc9b681b62e3
[22:51:58] [Render thread/INFO]: [System] [CHAT] xautraihijhij: accho
[22:51:59] [Render thread/INFO]: [System] [CHAT] Hungdz06112012 has made the advancement [Not Quite "Nine" Lives]
[22:52:00] [Render thread/INFO]: [System] [CHAT] kemdauxinhgai has made the advancement [Stone Age]
[22:52:00] [Render thread/WARN]: Ignoring player info update for unknown player e448c4b2-60ee-3711-a7ad-0d6fa116e5ed
[22:52:01] [Render thread/WARN]: Entity class_746['khanhnotbruh'/2395064, l='ClientLevel', x=-87.78, y=-63.00, z=62.49] does not have attribute null
[22:52:02] [Render thread/INFO]: [System] [CHAT] kziroal: every1 is thetheobladbirsd in this server
[22:52:02] [Render thread/WARN]: Entity class_745['vinhminebk'/2394303, l='ClientLevel', x=-89.44, y=-63.00, z=70.98] does not have attribute null
[22:52:03] [Render thread/INFO]: [System] [CHAT] Hungdz06112012 has reached the goal [Postmortal]
[22:52:04] [Render thread/WARN]: Entity class_745['vinhminebk'/2394303, l='ClientLevel', x=-89.68, y=-63.00, z=69.82] does not have attribute null
[22:52:04] [Render thread/WARN]: Entity class_746['khanhnotbruh'/2395064, l='ClientLevel', x=-87.95, y=-62.88, z=62.81] does not have attribute null
[22:52:05] [Render thread/INFO]: [System] [CHAT] anhbabunbo has made the advancement [Ol' Betsy]
[22:52:05] [Render thread/INFO]: [System] [CHAT] KlajKdorAhNaHa_: fr?
[22:52:05] [Render thread/INFO]: [System] [CHAT] anhbabunbo has made the advancement [Take Aim]
[22:52:06] [Render thread/WARN]: Entity class_745['vinhminebk'/2394303, l='ClientLevel', x=-90.53, y=-63.00, z=68.49] does not have attribute null
[22:52:06] [Render thread/WARN]: Entity class_746['khanhnotbruh'/2395064, l='ClientLevel', x=-87.95, y=-63.00, z=62.83] does not have attribute null
[22:52:07] [Render thread/INFO]: [System] [CHAT] Seafox_X_Ocean has made the advancement [The End?]
[22:52:08] [Render thread/WARN]: Entity class_746['khanhnotbruh'/2395064, l='ClientLevel', x=-87.98, y=-63.00, z=62.84] does not have attribute null
[22:52:08] [Render thread/WARN]: Ignoring player info update for unknown player 334dba71-8968-41a3-99fd-71fa29de2ce7
[22:52:09] [Render thread/INFO]: [System] [CHAT] .Onion6678: hery
[22:52:09] [Render thread/WARN]: Ignoring player info update for unknown player 1a38b14e-0e25-48f9-ba90-da0ada078309
[22:52:11] [Render thread/WARN]: Ignoring player info update for unknown player 7d1d0c44-8c38-3343-9f6c-9ebcaadfe0dd
[22:52:11] [Render thread/INFO]: [System] [CHAT] SkyElder: ggs
[22:52:11] [Render thread/WARN]: Entity class_745['vinhminebk'/2394303, l='ClientLevel', x=-87.49, y=-62.84, z=66.63] does not have attribute null
[22:52:11] [Render thread/WARN]: Entity class_746['khanhnotbruh'/2395064, l='ClientLevel', x=-86.01, y=-63.00, z=69.88] does not have attribute null
[22:52:12] [Render thread/INFO]: [System] [CHAT] CHINULOL: tpa for 1v1
[22:52:13] [Render thread/INFO]: [System] [CHAT] notimunda has reached the goal [Postmortal]
[22:52:16] [Render thread/INFO]: [System] [CHAT] CypherMcOfficial: j***u\
[22:52:17] [Render thread/INFO]: [System] [CHAT] Agaoa has made the advancement [Monster Hunter]
[22:52:17] [Render thread/INFO]: [System] [CHAT] Seafox_X_Ocean has reached the goal [Postmortal]
[22:52:17] [Render thread/INFO]: [System] [CHAT] .JT_Sabito_7: tp onion
[22:52:18] [Render thread/INFO]: [System] [CHAT] onlycheata899 has made the advancement [Not Quite "Nine" Lives]
[22:52:19] [Render thread/WARN]: Entity class_746['khanhnotbruh'/2395064, l='ClientLevel', x=-85.39, y=-63.00, z=69.55] does not have attribute null
[22:52:19] [Render thread/INFO]: [System] [CHAT] ItzzNhaa__ has made the advancement [The End?]
[22:52:20] [Render thread/INFO]: [System] [CHAT] CypherMcOfficial: Realitz_Zyntrax
[22:52:21] [Render thread/INFO]: [System] [CHAT] SkyElder: ggs
[22:52:21] [Render thread/WARN]: Ignoring player info update for unknown player 1a38b14e-0e25-48f9-ba90-da0ada078309
[22:52:23] [Render thread/INFO]: [System] [CHAT] ngcanh: what
[22:52:24] [Render thread/INFO]: [System] [CHAT] .Onion6678: Ot jes
[22:52:27] [Render thread/INFO]: [System] [CHAT] PRIME_HARSH has made the advancement [Stone Age]
[22:52:27] [Render thread/INFO]: [System] [CHAT] kemdauxinhgai: tutu
[22:52:28] [Render thread/INFO]: [System] [CHAT] Snowy_FIGHT has made the advancement [Who Needs Rockets?]
[22:52:28] [Render thread/WARN]: Ignoring player info update for unknown player df8a6c69-d07e-3794-8ea8-47ea2efcfbfc
[22:52:29] [Render thread/INFO]: [System] [CHAT] Linzx911 has made the advancement [The End?]
[22:52:29] [Render thread/INFO]: [System] [CHAT] CHINULOL: tpa for 1v1
[22:52:29] [Render thread/WARN]: Entity class_746['khanhnotbruh'/2395064, l='ClientLevel', x=-89.56, y=-63.00, z=69.63] does not have attribute null
[22:52:30] [Render thread/INFO]: [System] [CHAT] xautraihijhij: sao z
[22:52:30] [Render thread/WARN]: Ignoring player info update for unknown player 1b27f2f0-3881-4988-bf48-f24c668da02d
[22:52:31] [Render thread/WARN]: Entity class_746['khanhnotbruh'/2395064, l='ClientLevel', x=-89.30, y=-61.65, z=69.65] does not have attribute null
[22:52:31] [Render thread/INFO]: [System] [CHAT] monking has made the advancement [Not Quite "Nine" Lives]
[22:52:33] [Render thread/INFO]: [System] [CHAT] nhiklopi: lt3 tpa me
[22:52:34] [Render thread/INFO]: [System] [CHAT] .Yuta3614 has made the advancement [Not Quite "Nine" Lives]
[22:52:35] [Render thread/INFO]: [System] [CHAT] PRIME_HARSH has made the advancement [Not Quite "Nine" Lives]
[22:52:35] [Render thread/INFO]: [System] [CHAT] lilpotato4 has made the advancement [Stone Age]
[22:52:36] [Render thread/WARN]: Entity class_746['khanhnotbruh'/2395064, l='ClientLevel', x=-89.60, y=-63.00, z=69.30] does not have attribute null
[22:52:36] [Render thread/WARN]: Entity class_746['khanhnotbruh'/2395064, l='ClientLevel', x=-89.60, y=-63.00, z=69.30] does not have attribute null
[22:52:36] [Render thread/INFO]: [System] [CHAT] xautraihijhij: chu nhat kem mo band a
[22:52:36] [Render thread/WARN]: Ignoring player info update for unknown player 1a38b14e-0e25-48f9-ba90-da0ada078309
[22:52:37] [Render thread/WARN]: Entity class_746['khanhnotbruh'/2395064, l='ClientLevel', x=-89.30, y=-62.25, z=69.30] does not have attribute null
[22:52:38] [Render thread/WARN]: Ignoring player info update for unknown player 00000000-0000-0000-0009-01fcdfd2f357
[22:52:38] [Render thread/WARN]: Ignoring player info update for unknown player 5db6f8b6-7309-4688-936a-3a437e6b53e8
[22:52:38] [Render thread/WARN]: Ignoring player info update for unknown player 00000000-0000-0000-0009-01f127f269ce
[22:52:39] [Render thread/INFO]: [System] [CHAT] (⚔) .Jamewick3414 killed .MetBreak7414.
[22:52:40] [Render thread/WARN]: Entity class_745['vinhminebk'/2394303, l='ClientLevel', x=-89.19, y=-60.98, z=69.04] does not have attribute null
[22:52:40] [Render thread/INFO]: [System] [CHAT] 221133gt has made the advancement [Stone Age]
[22:52:40] [Render thread/INFO]: [System] [CHAT] kziroal: every1 is thetheobladbirsd in this serverez
[22:52:40] [Render thread/INFO]: [System] [CHAT] nhiklopi: lt3 tpa me
[22:52:41] [Render thread/WARN]: Entity class_745['vinhminebk'/2394303, l='ClientLevel', x=-85.22, y=-63.00, z=61.72] does not have attribute null
[22:52:42] [Render thread/INFO]: [System] [CHAT] ShinyLebron has reached the goal [Postmortal]
[22:52:43] [Render thread/WARN]: Entity class_745['vinhminebk'/2394303, l='ClientLevel', x=-83.70, y=-63.00, z=63.17] does not have attribute null
[22:52:43] [Render thread/WARN]: Entity class_746['khanhnotbruh'/2395064, l='ClientLevel', x=-85.57, y=-62.52, z=66.43] does not have attribute null
[22:52:44] [Render thread/INFO]: [System] [CHAT] pagal_da_putar has made the advancement [The End?]
[22:52:45] [Render thread/INFO]: [System] [CHAT] NoMercyX: ezz
[22:52:47] [Render thread/WARN]: Entity class_746['khanhnotbruh'/2395064, l='ClientLevel', x=-85.98, y=-61.86, z=66.49] does not have attribute null
[22:52:47] [Render thread/INFO]: [System] [CHAT] salverynigga has made the advancement [Stone Age]
[22:52:47] [Render thread/INFO]: [System] [CHAT] -1 Points
[22:52:47] [Render thread/INFO]: [System] [CHAT] +1 Death
[22:52:47] [Render thread/WARN]: Entity class_746['khanhnotbruh'/2395064, l='ClientLevel', x=-86.97, y=-60.98, z=68.77] does not have attribute null
[22:52:48] [Render thread/WARN]: Entity class_745['vinhminebk'/2394303, l='ClientLevel', x=-86.42, y=-63.00, z=63.74] does not have attribute null
[22:52:48] [Render thread/INFO]: [System] [CHAT] (☠) ITZ_FARHAN fell from a high spot.
[22:52:48] [Render thread/INFO]: Stopping worker threads
[22:52:48] [Render thread/INFO]: Started 1 worker threads
[22:52:48] [Render thread/INFO]: Stopping worker threads
[22:52:48] [Render thread/INFO]: Started 1 worker threads
[22:52:48] [Render thread/WARN]: Entity class_746['khanhnotbruh'/2395064, l='ClientLevel', x=0.55, y=65.00, z=-6.49] does not have attribute null
[22:52:48] [Render thread/WARN]: Entity class_745['EnvyHocux'/2470370, l='ClientLevel', x=0.27, y=65.00, z=-9.85] does not have attribute null
[22:52:48] [Render thread/WARN]: Entity class_745['tuananh23'/2459002, l='ClientLevel', x=0.76, y=65.00, z=-10.19] does not have attribute null
[22:52:48] [Render thread/WARN]: Entity class_745['PlentyWistle'/2416129, l='ClientLevel', x=0.55, y=65.00, z=-6.49] does not have attribute null
[22:52:48] [Render thread/WARN]: Entity class_745['Aparoop'/2471866, l='ClientLevel', x=6.73, y=65.06, z=-15.06] does not have attribute null
[22:52:48] [Render thread/WARN]: Entity class_745['huyquanhoaaa'/2092743, l='ClientLevel', x=4.30, y=65.00, z=-9.54] does not have attribute null
[22:52:48] [Render thread/WARN]: Entity class_745['.Yuta3614'/2454216, l='ClientLevel', x=0.54, y=66.25, z=-8.03] does not have attribute null
[22:52:48] [Render thread/WARN]: Entity class_745['15qe_'/2404977, l='ClientLevel', x=0.55, y=65.00, z=-6.49] does not have attribute null
[22:52:48] [Render thread/WARN]: Entity class_745['khang2kkk'/2034321, l='ClientLevel', x=0.55, y=65.00, z=-6.49] does not have attribute null
[22:52:48] [Render thread/WARN]: Entity class_745['slimeyhaqaan67'/2393509, l='ClientLevel', x=0.62, y=65.00, z=-7.99] does not have attribute null
[22:52:48] [Render thread/WARN]: Entity class_745['.MetBreak7414'/2263669, l='ClientLevel', x=0.55, y=65.00, z=-6.49] does not have attribute null
[22:52:48] [Render thread/WARN]: Entity class_745['XxmenHunterxX'/2303841, l='ClientLevel', x=9.23, y=65.00, z=-13.34] does not have attribute null
[22:52:48] [Render thread/WARN]: Entity class_745['.ImAboutTocu1897'/2308869, l='ClientLevel', x=7.68, y=66.00, z=-8.94] does not have attribute null
[22:52:48] [Render thread/WARN]: Entity class_745['Okhuchbsdb'/2480297, l='ClientLevel', x=13.13, y=65.00, z=-4.95] does not have attribute null
[22:52:48] [Render thread/WARN]: Entity class_745['lum1se1nce'/2470556, l='ClientLevel', x=7.34, y=65.00, z=-14.55] does not have attribute null
[22:52:48] [Render thread/WARN]: Entity class_745['DangerMarlow_Jr'/2247315, l='ClientLevel', x=0.55, y=65.00, z=-6.49] does not have attribute null
[22:52:48] [Render thread/WARN]: Entity class_745['lethoso124'/2328781, l='ClientLevel', x=0.55, y=65.00, z=-6.49] does not have attribute null
[22:52:48] [Render thread/WARN]: Entity class_745['ShinyLebron'/2482262, l='ClientLevel', x=0.55, y=65.00, z=-6.49] does not have attribute null
[22:52:48] [Render thread/WARN]: Entity class_745['ReySixSevenXD_'/2483522, l='ClientLevel', x=-10.15, y=65.00, z=-8.57] does not have attribute null
[22:52:48] [Render thread/WARN]: Entity class_745['.GauzyChain3911'/2483597, l='ClientLevel', x=-6.24, y=65.06, z=-14.99] does not have attribute null
[22:52:48] [Render thread/WARN]: Entity class_745['SAKINA_Neverking'/2273695, l='ClientLevel', x=-3.40, y=65.00, z=-10.87] does not have attribute null
[22:52:49] [Render thread/WARN]: Entity class_745['Seyhafu'/2374083, l='ClientLevel', x=-3.04, y=65.00, z=-17.89] does not have attribute null
[22:52:49] [Render thread/WARN]: Entity class_745['XzermarketMC'/2082027, l='ClientLevel', x=28.32, y=65.00, z=-23.27] does not have attribute null
[22:52:49] [Render thread/WARN]: Entity class_745['kotmkings'/2370633, l='ClientLevel', x=-19.70, y=65.06, z=-2.30] does not have attribute null
[22:52:49] [Render thread/WARN]: Entity class_745['Sunset_Lov3r'/2413984, l='ClientLevel', x=-29.70, y=67.00, z=-6.30] does not have attribute null
[22:52:49] [Worker-Main-8/ERROR]: Textures payload has been tampered with (signature invalid)
[22:52:50] [Render thread/INFO]: [System] [CHAT] Kit 1 loaded!
[22:52:50] [Render thread/WARN]: Entity class_745['YunNoVa_chan'/2430650, l='ClientLevel', x=0.55, y=65.00, z=-6.49] does not have attribute null
[22:52:50] [Render thread/WARN]: Entity class_745['Snowy_FIGHT'/2470195, l='ClientLevel', x=0.55, y=65.00, z=-6.49] does not have attribute null
[22:52:50] [Render thread/WARN]: Entity class_745['Nonamegamervn'/2455751, l='ClientLevel', x=0.55, y=65.00, z=-6.49] does not have attribute null
[22:52:51] [Render thread/WARN]: Entity class_745['pagal_da_putar'/2480474, l='ClientLevel', x=0.55, y=65.00, z=-6.49] does not have attribute null
[22:52:51] [Render thread/WARN]: Entity class_745['ITZ_FARHAN'/2471932, l='ClientLevel', x=0.55, y=65.00, z=-6.49] does not have attribute null
[22:52:52] [Render thread/INFO]: [System] [CHAT] .Onion6678: Yuta tp mk me mk
[22:52:52] [Render thread/INFO]: Stopping worker threads
[22:52:52] [Render thread/INFO]: Started 1 worker threads
[22:52:52] [Render thread/INFO]: Stopping worker threads
[22:52:52] [Render thread/INFO]: Started 1 worker threads
[22:52:52] [Render thread/WARN]: Entity class_746['khanhnotbruh'/2395064, l='ClientLevel', x=-86.54, y=-61.41, z=67.70] does not have attribute null
[22:52:52] [Render thread/WARN]: Ignoring player info update for unknown player cbb0d313-74ff-3123-b346-9adb02c6db42
[22:52:52] [Render thread/INFO]: [System] [CHAT] NoMercyX: ez auto
[22:52:52] [Render thread/INFO]: [System] [CHAT] anhbabunbo has made the advancement [Stone Age]
[22:52:52] [Render thread/WARN]: Entity class_745['vinhminebk'/2394303, l='ClientLevel', x=-86.32, y=-63.00, z=62.84] does not have attribute null
[22:52:54] [Render thread/INFO]: [System] [CHAT] ngcanh: gg
[22:52:54] [Render thread/INFO]: [System] [CHAT] Sent teleport request to vinhminebk.
[22:52:56] [Render thread/INFO]: [System] [CHAT] 
[22:52:56] [Render thread/INFO]: [System] [CHAT]  Seafox_X_Ocean ᴡᴀs ᴋɪᴄᴋᴇᴅ ʙʏ  
[22:52:56] [Render thread/INFO]: [System] [CHAT] litdz has made the advancement [Stone Age]
[22:52:56] [Render thread/INFO]: [System] [CHAT] You have to wait 0sec. before you can use another command.
[22:52:56] [Render thread/INFO]: [System] [CHAT] YunNoVa_chan has made the advancement [The End?]
[22:52:56] [Render thread/INFO]: [System] [CHAT] kemdauxinhgai has made the advancement [Not Quite "Nine" Lives]
[22:52:57] [Render thread/INFO]: [System] [CHAT] CPVP » vinhminebk accepted your teleport request!
[22:52:57] [Render thread/WARN]: Entity class_745['vinhminebk'/2394303, l='ClientLevel', x=-819.50, y=63.00, z=-51.50] does not have attribute null
[22:52:58] [Render thread/WARN]: Ignoring player info update for unknown player 56019dc1-092d-495f-932a-cc9b681b62e3
[22:52:58] [Render thread/INFO]: [System] [CHAT] 
[22:52:58] [Render thread/INFO]: [System] [CHAT]  lum1se1nce ᴡᴀs ᴋɪᴄᴋᴇᴅ ʙʏ  
[22:52:58] [Render thread/WARN]: Entity class_746['khanhnotbruh'/2395064, l='ClientLevel', x=-819.56, y=63.00, z=-51.55] does not have attribute null
[22:52:58] [Render thread/INFO]: [System] [CHAT] 
[22:52:58] [Render thread/INFO]: [System] [CHAT]  khana123pvp ᴡᴀs ᴋɪᴄᴋᴇᴅ ʙʏ  
[22:52:59] [Render thread/INFO]: [System] [CHAT] ngcanh: rtp
[22:53:00] [Render thread/INFO]: [System] [CHAT] 4KenJi_: gg
[22:53:00] [Render thread/INFO]: [System] [CHAT] .Onion6678: yuta tp mk me mm
[22:53:00] [Render thread/WARN]: Entity class_746['khanhnotbruh'/2395064, l='ClientLevel', x=-820.39, y=63.00, z=-52.30] does not have attribute null
[22:53:00] [Render thread/INFO]: [System] [CHAT] monking has reached the goal [Postmortal]
[22:53:01] [Render thread/INFO]: [System] [CHAT] Kit 2 loaded!
[22:53:01] [Render thread/WARN]: Entity class_746['khanhnotbruh'/2395064, l='ClientLevel', x=-821.04, y=63.00, z=-52.92] does not have attribute null
[22:53:01] [Render thread/INFO]: [System] [CHAT] BaekJuhoon has made the advancement [Ol' Betsy]
[22:53:03] [Render thread/WARN]: Entity class_746['khanhnotbruh'/2395064, l='ClientLevel', x=-820.06, y=63.00, z=-52.03] does not have attribute null
[22:53:04] [Render thread/WARN]: Ignoring player info update for unknown player 642fb1ad-f74e-4667-9237-8953c7a57315
[22:53:05] [Render thread/WARN]: Entity class_746['khanhnotbruh'/2395064, l='ClientLevel', x=-818.66, y=63.00, z=-50.96] does not have attribute null
[22:53:05] [Render thread/INFO]: [System] [CHAT] .GauzyChain3911: @kingFoxSTA nv na
[22:53:06] [Render thread/INFO]: [System] [CHAT] kziroal: ezzzzzzzzzzzzz
[22:53:07] [Render thread/WARN]: Entity class_746['khanhnotbruh'/2395064, l='ClientLevel', x=-817.38, y=62.00, z=-49.43] does not have attribute null
[22:53:07] [Render thread/INFO]: [System] [CHAT] Seafox_X_Ocean has made the advancement [The End?]
[22:53:07] [Render thread/INFO]: [System] [CHAT] PRIME_HARSH has made the advancement [The End?]
[22:53:08] [Render thread/INFO]: [System] [CHAT] Zarmloww: my block glitching
[22:53:12] [Render thread/WARN]: Ignoring player info update for unknown player 1a38b14e-0e25-48f9-ba90-da0ada078309
[22:53:12] [Render thread/INFO]: [System] [CHAT] (☠) .WaryClient5784 fell from a high spot.
[22:53:13] [Render thread/INFO]: [System] [CHAT] lum1se1nce has made the advancement [Ol' Betsy]
[22:53:13] [Render thread/WARN]: Ignoring player info update for unknown player 5b927739-be33-3513-ac26-2435f67de62f
[22:53:13] [Render thread/INFO]: [System] [CHAT] lum1se1nce has made the advancement [Take Aim]
[22:53:14] [Render thread/INFO]: [System] [CHAT] BaekJuhoon has made the advancement [Take Aim]
[22:53:14] [Render thread/INFO]: [System] [CHAT] ZIPREN has reached the goal [Postmortal]
[22:53:16] [Render thread/INFO]: [System] [CHAT] 
[22:53:16] [Render thread/INFO]: [System] [CHAT]  kemdauxinhgai ᴡᴀs ᴋɪᴄᴋᴇᴅ ʙʏ  
[22:53:16] [Render thread/INFO]: [System] [CHAT] .GauzyChain3911:  nv na
[22:53:18] [Render thread/WARN]: Ignoring player info update for unknown player 1a38b14e-0e25-48f9-ba90-da0ada078309
[22:53:19] [Render thread/INFO]: [System] [CHAT] xautraihijhij: :)
[22:53:20] [Render thread/INFO]: [System] [CHAT] 
[22:53:20] [Render thread/INFO]: [System] [CHAT]  sang1209 ᴡᴀs ᴋɪᴄᴋᴇᴅ ʙʏ  
[22:53:20] [Render thread/INFO]: [System] [CHAT] litdz has made the advancement [The End?]
[22:53:21] [Render thread/WARN]: Entity class_746['khanhnotbruh'/2395064, l='ClientLevel', x=-804.54, y=63.00, z=-49.42] does not have attribute null
[22:53:22] [Render thread/WARN]: Ignoring player info update for unknown player 617e1391-621f-3561-86cc-26f15d5fb4a1
[22:53:22] [Render thread/INFO]: [System] [CHAT] .GauzyChain3911: @kingFoxSTA nv na
[22:53:23] [Render thread/WARN]: Entity class_745['vinhminebk'/2394303, l='ClientLevel', x=-820.31, y=63.00, z=-27.44] does not have attribute null
[22:53:26] [Render thread/INFO]: [System] [CHAT] lum1se1nce has reached the goal [Postmortal]
[22:53:26] [Render thread/INFO]: [System] [CHAT] .Jamewick3414: back
[22:53:27] [Render thread/INFO]: [System] [CHAT] kemdauxinhgai: me
[22:53:28] [Render thread/INFO]: [System] [CHAT] .Onion6678: Gauzy tp mk me mk
[22:53:28] [Render thread/WARN]: Entity class_745['vinhminebk'/2394303, l='ClientLevel', x=-808.30, y=62.00, z=-46.30] does not have attribute null
[22:53:28] [Render thread/WARN]: Entity class_746['khanhnotbruh'/2395064, l='ClientLevel', x=-807.07, y=63.00, z=-44.21] does not have attribute null
[22:53:28] [Render thread/INFO]: [System] [CHAT] .Viisxal6897: vai janu bedrock dak auto totem
[22:53:30] [Render thread/INFO]: [System] [CHAT] kziroal: k4
[22:53:31] [Render thread/WARN]: Entity class_746['khanhnotbruh'/2395064, l='ClientLevel', x=-802.36, y=62.00, z=-32.64] does not have attribute null
[22:53:31] [Render thread/INFO]: [System] [CHAT] 
[22:53:31] [Render thread/INFO]: [System] [CHAT]  Nonamegamervn ᴡᴀs ᴋɪᴄᴋᴇᴅ ʙʏ  
[22:53:32] [Render thread/INFO]: [System] [CHAT] kemdauxinhgai: spam nhanh qua bi kick
[22:53:33] [Render thread/WARN]: Entity class_746['khanhnotbruh'/2395064, l='ClientLevel', x=-800.88, y=61.00, z=-33.23] does not have attribute null
[22:53:33] [Render thread/INFO]: [System] [CHAT] ngcanh: setkit
[22:53:34] [Render thread/WARN]: Ignoring player info update for unknown player d337e28a-73a9-3b1d-90b9-1e914fa270ae
[22:53:35] [Render thread/WARN]: Ignoring player info update for unknown player 5bb83566-01f9-35f1-bdfc-9299ad3eff42
[22:53:35] [Render thread/INFO]: [System] [CHAT] .Jamewick3414: back
[22:53:35] [Render thread/WARN]: Ignoring player info update for unknown player 40395d84-23df-3018-babd-4d4e5f0c23d0
[22:53:36] [Render thread/WARN]: Entity class_746['khanhnotbruh'/2395064, l='ClientLevel', x=-805.89, y=60.00, z=-34.29] does not have attribute null
[22:53:36] [Render thread/INFO]: [System] [CHAT] jordanbastiti: tiki tiki tiki tiki tiki matete kita ka
[22:53:36] [Render thread/INFO]: [System] [CHAT] kziroal: ezzzzzzzzzzzzzzzzzzzzzzzzzzzzzzzzzzzzzzzzzzzzz
[22:53:38] [Render thread/INFO]: [System] [CHAT] Seafox_X_Ocean has reached the goal [Postmortal]
[22:53:39] [Render thread/WARN]: Entity class_745['vinhminebk'/2394303, l='ClientLevel', x=-804.01, y=57.00, z=-35.25] does not have attribute null
[22:53:40] [Render thread/INFO]: [System] [CHAT] .GauzyChain3911: @kingFoxSTA nv na
[22:53:42] [Render thread/INFO]: [System] [CHAT] .WaryClient5784 has made the advancement [The End?]
[22:53:43] [Render thread/WARN]: Ignoring player info update for unknown player 1a38b14e-0e25-48f9-ba90-da0ada078309
[22:53:43] [Render thread/INFO]: [System] [CHAT] xautraihijhij: t bt ma
[22:53:44] [Render thread/WARN]: Entity class_746['khanhnotbruh'/2395064, l='ClientLevel', x=-811.55, y=54.00, z=-39.36] does not have attribute null
[22:53:44] [Render thread/WARN]: Entity class_745['vinhminebk'/2394303, l='ClientLevel', x=-807.93, y=57.16, z=-36.68] does not have attribute null
[22:53:44] [Render thread/WARN]: Ignoring player info update for unknown player 00cf4aac-2f7f-3d1d-b511-3537badf897d
[22:53:45] [Render thread/WARN]: Ignoring player info update for unknown player 0440a263-0b1b-3d70-a443-5595b4c99141
[22:53:45] [Render thread/INFO]: [System] [CHAT] Coldzeyy__: u ***er
[22:53:45] [Render thread/INFO]: [System] [CHAT] 4KenJi_: mh
[22:53:45] [Render thread/WARN]: Ignoring player info update for unknown player 63cc78f7-93d7-35ed-9d98-141d5d4fd352
[22:53:45] [Render thread/WARN]: Entity class_746['khanhnotbruh'/2395064, l='ClientLevel', x=-811.65, y=54.00, z=-39.70] does not have attribute null
[22:53:47] [Render thread/INFO]: [System] [CHAT] Fongxian has made the advancement [The End?]
[22:53:47] [Render thread/WARN]: Ignoring player info update for unknown player a15b77ce-8997-37b4-938d-dd2de19abdcb
[22:53:47] [Render thread/WARN]: Entity class_746['khanhnotbruh'/2395064, l='ClientLevel', x=-811.30, y=54.00, z=-40.77] does not have attribute null
[22:53:47] [Render thread/INFO]: [System] [CHAT] notimunda has made the advancement [Stone Age]
[22:53:49] [Render thread/WARN]: Ignoring player info update for unknown player 1a38b14e-0e25-48f9-ba90-da0ada078309
[22:53:50] [Render thread/INFO]: [System] [CHAT] Aparoop has made the advancement [Stone Age]
[22:53:51] [Render thread/WARN]: Entity class_745['vinhminebk'/2394303, l='ClientLevel', x=-807.30, y=54.05, z=-34.42] does not have attribute null
[22:53:51] [Render thread/WARN]: Entity class_746['khanhnotbruh'/2395064, l='ClientLevel', x=-809.70, y=53.00, z=-38.07] does not have attribute null
[22:53:51] [Render thread/INFO]: [System] [CHAT] SAKINA_Neverking: yo
[22:53:51] [Render thread/WARN]: Entity class_745['vinhminebk'/2394303, l='ClientLevel', x=-807.94, y=53.00, z=-35.26] does not have attribute null
[22:53:52] [Render thread/INFO]: [System] [CHAT] xautraihijhij: vo day
[22:53:52] [Render thread/WARN]: Entity class_745['vinhminebk'/2394303, l='ClientLevel', x=-807.41, y=53.00, z=-33.63] does not have attribute null
[22:53:53] [Render thread/WARN]: Entity class_746['khanhnotbruh'/2395064, l='ClientLevel', x=-810.86, y=52.04, z=-38.20] does not have attribute null
[22:53:54] [Render thread/WARN]: Entity class_745['vinhminebk'/2394303, l='ClientLevel', x=-807.68, y=51.05, z=-38.00] does not have attribute null
[22:53:55] [Render thread/INFO]: [System] [CHAT] .GauzyChain3911:  nv na
[22:53:55] [Render thread/INFO]: Loaded 133 advancements
[22:53:58] [Render thread/WARN]: Entity class_746['khanhnotbruh'/2395064, l='ClientLevel', x=-812.70, y=48.97, z=-39.61] does not have attribute null
[22:53:58] [Render thread/WARN]: Entity class_745['vinhminebk'/2394303, l='ClientLevel', x=-809.27, y=48.12, z=-35.28] does not have attribute null
[22:53:58] [Render thread/INFO]: [System] [CHAT] Fongxian has reached the goal [Postmortal]
[22:53:58] [Render thread/INFO]: [System] [CHAT] .GauzyChain3911: @kingFoxSTA nv na
[22:53:58] [Render thread/WARN]: Entity class_746['khanhnotbruh'/2395064, l='ClientLevel', x=-812.70, y=49.14, z=-39.70] does not have attribute null
[22:53:59] [Render thread/WARN]: Entity class_746['khanhnotbruh'/2395064, l='ClientLevel', x=-813.75, y=49.00, z=-40.75] does not have attribute null
[22:53:59] [Render thread/WARN]: Entity class_746['khanhnotbruh'/2395064, l='ClientLevel', x=-814.25, y=49.00, z=-41.25] does not have attribute null
[22:54:00] [Render thread/INFO]: [System] [CHAT] DrDivinic has reached the goal [Postmortal]
[22:54:00] [Render thread/WARN]: Ignoring player info update for unknown player 909f4fa7-fdb1-4f35-a58f-7d3aee07c643
[22:54:00] [Render thread/WARN]: Entity class_745['vinhminebk'/2394303, l='ClientLevel', x=-812.37, y=48.00, z=-38.38] does not have attribute null
[22:54:01] [Render thread/WARN]: Entity class_746['khanhnotbruh'/2395064, l='ClientLevel', x=-816.40, y=48.83, z=-42.37] does not have attribute null
[22:54:02] [Render thread/WARN]: Entity class_746['khanhnotbruh'/2395064, l='ClientLevel', x=-817.13, y=48.00, z=-42.70] does not have attribute null
[22:54:02] [Render thread/WARN]: Entity class_745['vinhminebk'/2394303, l='ClientLevel', x=-813.95, y=48.16, z=-39.50] does not have attribute null
[22:54:03] [Render thread/INFO]: [System] [CHAT] MrTomato21 has reached the goal [Sky's the Limit]
[22:54:04] [Render thread/WARN]: Entity class_746['khanhnotbruh'/2395064, l='ClientLevel', x=-817.52, y=44.94, z=-44.25] does not have attribute null
[22:54:04] [Render thread/WARN]: Entity class_745['vinhminebk'/2394303, l='ClientLevel', x=-814.53, y=46.06, z=-40.30] does not have attribute null
[22:54:05] [Render thread/INFO]: [System] [CHAT] ZIPREN has made the advancement [Ol' Betsy]
[22:54:05] [Render thread/INFO]: [System] [CHAT] ZIPREN has made the advancement [Take Aim]
[22:54:05] [Render thread/WARN]: Entity class_745['vinhminebk'/2394303, l='ClientLevel', x=-814.69, y=45.00, z=-40.44] does not have attribute null
[22:54:06] [Render thread/WARN]: Entity class_746['khanhnotbruh'/2395064, l='ClientLevel', x=-818.07, y=44.00, z=-44.66] does not have attribute null
[22:54:06] [Render thread/WARN]: Entity class_745['vinhminebk'/2394303, l='ClientLevel', x=-814.15, y=44.13, z=-39.50] does not have attribute null
[22:54:08] [Render thread/WARN]: Entity class_745['vinhminebk'/2394303, l='ClientLevel', x=-814.10, y=43.98, z=-38.59] does not have attribute null
[22:54:08] [Render thread/WARN]: Entity class_745['vinhminebk'/2394303, l='ClientLevel', x=-813.93, y=44.04, z=-38.21] does not have attribute null
[22:54:10] [Render thread/INFO]: [System] [CHAT] .Onion6678: Gauzychain tpa mk me mk
[22:54:10] [Render thread/INFO]: [System] [CHAT] Zeus_VN has made the advancement [Ol' Betsy]
[22:54:11] [Render thread/INFO]: [System] [CHAT] Gxrio: idk
[22:54:11] [Render thread/INFO]: [System] [CHAT] Zeus_VN has made the advancement [Take Aim]
[22:54:11] [Render thread/WARN]: Entity class_746['khanhnotbruh'/2395064, l='ClientLevel', x=-814.52, y=43.00, z=-40.62] does not have attribute null
[22:54:11] [Render thread/WARN]: Entity class_746['khanhnotbruh'/2395064, l='ClientLevel', x=-814.69, y=43.88, z=-39.55] does not have attribute null
[22:54:12] [Render thread/WARN]: Entity class_745['vinhminebk'/2394303, l='ClientLevel', x=-812.70, y=43.00, z=-41.88] does not have attribute null
[22:54:12] [Render thread/WARN]: Entity class_746['khanhnotbruh'/2395064, l='ClientLevel', x=-815.48, y=43.39, z=-38.30] does not have attribute null
[22:54:12] [Render thread/WARN]: Ignoring player info update for unknown player cbfcc767-71d0-3660-9fc3-9906ba6ccc82
[22:54:12] [Render thread/WARN]: Entity class_746['khanhnotbruh'/2395064, l='ClientLevel', x=-815.70, y=43.00, z=-38.30] does not have attribute null
[22:54:12] [Render thread/WARN]: Entity class_745['vinhminebk'/2394303, l='ClientLevel', x=-811.36, y=43.00, z=-40.56] does not have attribute null
[22:54:12] [Render thread/INFO]: [System] [CHAT] (☠) anhbabunbo fell from a high spot.
[22:54:13] [Render thread/INFO]: [System] [CHAT] EnvyHocux has reached the goal [Postmortal]
[22:54:13] [Render thread/WARN]: Entity class_746['khanhnotbruh'/2395064, l='ClientLevel', x=-815.70, y=43.00, z=-38.30] does not have attribute null
[22:54:14] [Render thread/WARN]: Entity class_746['khanhnotbruh'/2395064, l='ClientLevel', x=-813.74, y=43.00, z=-38.33] does not have attribute null
[22:54:14] [Render thread/WARN]: Entity class_745['vinhminebk'/2394303, l='ClientLevel', x=-812.37, y=43.64, z=-38.33] does not have attribute null
[22:54:15] [Render thread/INFO]: [System] [CHAT] +1 Points
[22:54:15] [Render thread/WARN]: Entity class_745['vinhminebk'/2394303, l='ClientLevel', x=-812.48, y=44.34, z=-38.08] does not have attribute null
[22:54:16] [Render thread/INFO]: [System] [CHAT] Kit 1 loaded!
[22:54:16] [Render thread/WARN]: Entity class_746['khanhnotbruh'/2395064, l='ClientLevel', x=-817.25, y=44.00, z=-38.22] does not have attribute null
[22:54:17] [Render thread/INFO]: [System] [CHAT] 
[22:54:17] [Render thread/INFO]: [System] [CHAT]  ngcanh ᴡᴀs ᴋɪᴄᴋᴇᴅ ʙʏ  
[22:54:18] [Render thread/INFO]: [System] [CHAT] uchihaagatsuki has made the advancement [Monster Hunter]
[22:54:18] [Render thread/WARN]: Entity class_746['khanhnotbruh'/2395064, l='ClientLevel', x=-812.05, y=45.17, z=-38.20] does not have attribute null
[22:54:19] [Render thread/INFO]: [System] [CHAT] Gxrio: wait
[22:54:20] [Render thread/WARN]: Entity class_746['khanhnotbruh'/2395064, l='ClientLevel', x=-810.95, y=44.00, z=-40.65] does not have attribute null
[22:54:21] [Render thread/WARN]: Ignoring player info update for unknown player 1a38b14e-0e25-48f9-ba90-da0ada078309
[22:54:21] [Render thread/INFO]: [System] [CHAT] nhiklopi: lt3 tpa me
[22:54:22] [Render thread/WARN]: Entity class_746['khanhnotbruh'/2395064, l='ClientLevel', x=-811.85, y=44.00, z=-36.60] does not have attribute null
[22:54:23] [Render thread/INFO]: [System] [CHAT] (☠) _TAKINO_ fell from a high spot.
[22:54:24] [Render thread/INFO]: [System] [CHAT] NoMercyX: os cs
[22:54:26] [Render thread/INFO]: [System] [CHAT] Kit 2 loaded!
[22:54:26] [Render thread/WARN]: Entity class_746['khanhnotbruh'/2395064, l='ClientLevel', x=-819.72, y=44.00, z=-37.62] does not have attribute null
[22:54:26] [Render thread/INFO]: [System] [CHAT] ReySixSevenXD_ has reached the goal [Postmortal]
[22:54:27] [Render thread/INFO]: [System] [CHAT] nhiklopi: lt3 tpa me
[22:54:28] [Render thread/INFO]: [System] [CHAT] ZIPREN has made the advancement [Stone Age]
[22:54:28] [Render thread/WARN]: Entity class_746['khanhnotbruh'/2395064, l='ClientLevel', x=-818.28, y=45.25, z=-44.83] does not have attribute null
[22:54:30] [Render thread/INFO]: [System] [CHAT] BadXGood has reached the goal [Postmortal]
[22:54:31] [Render thread/INFO]: [System] [CHAT] Zeus_VN has reached the goal [Postmortal]
[22:54:33] [Render thread/INFO]: [System] [CHAT] Snowy_FIGHT has made the advancement [Stone Age]
[22:54:33] [Render thread/INFO]: [System] [CHAT] .KingFoxSTA has made the advancement [Stone Age]
[22:54:35] [Render thread/INFO]: [System] [CHAT] Coldzeyy__: ngga died
[22:54:36] [Render thread/INFO]: [System] [CHAT] Ghostly6742 has made the advancement [Stone Age]
[22:54:37] [Render thread/WARN]: Entity class_745['vinhminebk'/2394303, l='ClientLevel', x=-812.46, y=44.40, z=-37.93] does not have attribute null
[22:54:37] [Render thread/WARN]: Ignoring player info update for unknown player eb0e3517-411c-3ee6-910d-5e5cd09cb716
[22:54:38] [Render thread/WARN]: Ignoring player info update for unknown player cbbddd67-8f8a-3c75-afe4-7df92df0e498
[22:54:39] [Render thread/INFO]: [System] [CHAT] uchihaagatsuki: kid hack
[22:54:40] [Render thread/WARN]: Entity class_746['khanhnotbruh'/2395064, l='ClientLevel', x=-809.27, y=44.75, z=-38.16] does not have attribute null
[22:54:40] [Render thread/WARN]: Entity class_745['vinhminebk'/2394303, l='ClientLevel', x=-812.56, y=43.00, z=-39.61] does not have attribute null
[22:54:40] [Render thread/INFO]: [System] [CHAT] Fongxian has made the advancement [Stone Age]
[22:54:41] [Render thread/INFO]: [System] [CHAT] 
[22:54:41] [Render thread/INFO]: [System] [CHAT]  kemdauxinhgai ᴡᴀs ᴋɪᴄᴋᴇᴅ ʙʏ  
[22:54:42] [Render thread/WARN]: Entity class_746['khanhnotbruh'/2395064, l='ClientLevel', x=-808.30, y=43.00, z=-33.67] does not have attribute null
[22:54:44] [Render thread/INFO]: [System] [CHAT] Coldzeyy__: he was tooweak---
[22:54:44] [Render thread/INFO]: [System] [CHAT] xautraihijhij: :)
[22:54:45] [Render thread/WARN]: Entity class_745['vinhminebk'/2394303, l='ClientLevel', x=-807.74, y=40.00, z=-35.08] does not have attribute null
[22:54:46] [Render thread/INFO]: [System] [CHAT] +1 Points
[22:54:46] [Render thread/WARN]: Entity class_745['vinhminebk'/2394303, l='ClientLevel', x=-807.58, y=40.27, z=-34.92] does not have attribute null
[22:54:46] [Render thread/WARN]: Entity class_746['khanhnotbruh'/2395064, l='ClientLevel', x=-810.70, y=39.00, z=-33.05] does not have attribute null
[22:54:47] [Render thread/WARN]: Ignoring player info update for unknown player 617e1391-621f-3561-86cc-26f15d5fb4a1
[22:54:48] [Render thread/WARN]: Entity class_746['khanhnotbruh'/2395064, l='ClientLevel', x=-810.70, y=39.00, z=-33.55] does not have attribute null
[22:54:49] [Render thread/INFO]: [System] [CHAT] YunNoVa_chan has made the advancement [Stone Age]
[22:54:49] [Render thread/INFO]: [System] [CHAT] xautraihijhij: toan bi kick
[22:54:50] [Render thread/WARN]: Ignoring player info update for unknown player 1c750cc8-e468-32d0-872b-831a07303c45
[22:54:52] [Render thread/WARN]: Entity class_745['vinhminebk'/2394303, l='ClientLevel', x=-807.34, y=40.27, z=-34.98] does not have attribute null
[22:54:52] [Render thread/INFO]: [System] [CHAT] kemdauxinhgai: that
[22:54:53] [Render thread/INFO]: [System] [CHAT] Kit 2 loaded!
[22:54:53] [Render thread/WARN]: Entity class_746['khanhnotbruh'/2395064, l='ClientLevel', x=-810.70, y=39.00, z=-33.01] does not have attribute null
[22:54:54] [Render thread/INFO]: [System] [CHAT] Zeus_VN has made the advancement [Stone Age]
[22:54:55] [Render thread/INFO]: [System] [CHAT] man3p3ar has made the advancement [Ol' Betsy]
[22:54:56] [Render thread/WARN]: Entity class_746['khanhnotbruh'/2395064, l='ClientLevel', x=-810.70, y=39.00, z=-32.80] does not have attribute null
[22:54:56] [Render thread/INFO]: [System] [CHAT] man3p3ar has made the advancement [Take Aim]
[22:54:57] [Render thread/WARN]: Entity class_746['khanhnotbruh'/2395064, l='ClientLevel', x=-811.08, y=39.23, z=-32.86] does not have attribute null
[22:54:58] [Render thread/INFO]: [System] [CHAT] lilpotato4 has reached the goal [Postmortal]
[22:54:58] [Render thread/WARN]: Ignoring player info update for unknown player b9bfbfa9-d5c7-3ab0-a8f0-11c47fd24e36
[22:55:00] [Render thread/WARN]: Entity class_746['khanhnotbruh'/2395064, l='ClientLevel', x=-811.58, y=37.00, z=-32.48] does not have attribute null
[22:55:01] [Render thread/INFO]: [System] [CHAT] .GauzyChain3911: @kingFoxSTA tp mk
[22:55:02] [Render thread/INFO]: [System] [CHAT] kemdauxinhgai has completed the challenge [Cover Me in Debris]
[22:55:02] [Render thread/INFO]: [System] [CHAT] kemdauxinhgai has made the advancement [Ice Bucket Challenge]
[22:55:02] [Render thread/INFO]: [System] [CHAT] kemdauxinhgai has reached the goal [Sky's the Limit]
[22:55:02] [Render thread/INFO]: [System] [CHAT] PlentyWistle has made the advancement [The End?]
[22:55:04] [Render thread/INFO]: [System] [CHAT] xautraihijhij: "_
[22:55:05] [Render thread/WARN]: Entity class_746['khanhnotbruh'/2395064, l='ClientLevel', x=-812.03, y=33.95, z=-32.25] does not have attribute null
[22:55:05] [Render thread/INFO]: [System] [CHAT] SkyElder: PRIME_HARSH
[22:55:07] [Render thread/WARN]: Entity class_745['vinhminebk'/2394303, l='ClientLevel', x=-807.73, y=34.00, z=-32.68] does not have attribute null
[22:55:07] [Render thread/INFO]: [System] [CHAT] man3p3ar has reached the goal [Postmortal]
[22:55:07] [Render thread/WARN]: Entity class_746['khanhnotbruh'/2395064, l='ClientLevel', x=-811.57, y=33.00, z=-31.43] does not have attribute null
[22:55:09] [Render thread/WARN]: Entity class_746['khanhnotbruh'/2395064, l='ClientLevel', x=-809.89, y=32.00, z=-32.00] does not have attribute null
[22:55:09] [Render thread/WARN]: Ignoring player info update for unknown player a96b24fe-074c-3a1c-98ed-a70e865a20d3
[22:55:09] [Render thread/INFO]: [System] [CHAT] SkyElder: ur tier?
[22:55:10] [Render thread/WARN]: Entity class_746['khanhnotbruh'/2395064, l='ClientLevel', x=-812.06, y=31.00, z=-31.36] does not have attribute null
[22:55:10] [Render thread/WARN]: Entity class_745['vinhminebk'/2394303, l='ClientLevel', x=-806.30, y=30.35, z=-33.67] does not have attribute null
[22:55:10] [Render thread/WARN]: Entity class_746['khanhnotbruh'/2395064, l='ClientLevel', x=-813.11, y=31.00, z=-30.92] does not have attribute null
[22:55:11] [Render thread/WARN]: Entity class_746['khanhnotbruh'/2395064, l='ClientLevel', x=-811.37, y=30.92, z=-31.44] does not have attribute null
[22:55:11] [Render thread/WARN]: Ignoring player info update for unknown player 1a38b14e-0e25-48f9-ba90-da0ada078309
[22:55:11] [Render thread/INFO]: [System] [CHAT] Snowy_FIGHT has made the advancement [Monster Hunter]
[22:55:12] [Render thread/WARN]: Entity class_746['khanhnotbruh'/2395064, l='ClientLevel', x=-809.83, y=30.37, z=-29.82] does not have attribute null
[22:55:12] [Render thread/INFO]: [System] [CHAT] -1 Points
[22:55:12] [Render thread/INFO]: [System] [CHAT] +1 Death
[22:55:12] [Render thread/WARN]: Entity class_745['vinhminebk'/2394303, l='ClientLevel', x=-808.40, y=29.00, z=-33.17] does not have attribute null
[22:55:13] [Render thread/INFO]: Stopping worker threads
[22:55:13] [Render thread/INFO]: Started 1 worker threads
[22:55:13] [Render thread/INFO]: Stopping worker threads
[22:55:13] [Render thread/INFO]: Started 1 worker threads
[22:55:13] [Render thread/WARN]: Entity class_746['khanhnotbruh'/2395064, l='ClientLevel', x=0.55, y=65.00, z=-6.49] does not have attribute null
[22:55:13] [Render thread/WARN]: Entity class_745['Ghostly6742'/2474887, l='ClientLevel', x=3.15, y=65.00, z=-15.40] does not have attribute null
[22:55:13] [Render thread/WARN]: Entity class_745['SAVORNMAZER'/2490212, l='ClientLevel', x=4.35, y=65.00, z=-4.75] does not have attribute null
[22:55:13] [Render thread/WARN]: Entity class_745['lilpotato4'/2496352, l='ClientLevel', x=12.09, y=65.00, z=-13.57] does not have attribute null
[22:55:13] [Render thread/WARN]: Entity class_745['phongre'/1991675, l='ClientLevel', x=0.55, y=65.00, z=-6.49] does not have attribute null
[22:55:13] [Render thread/WARN]: Entity class_745['ChangKhoYeuEm'/2421545, l='ClientLevel', x=0.55, y=65.00, z=-6.49] does not have attribute null
[22:55:13] [Render thread/WARN]: Entity class_745['DeathFalls'/2497776, l='ClientLevel', x=1.26, y=65.00, z=-11.78] does not have attribute null
[22:55:13] [Render thread/WARN]: Entity class_745['User123name'/2493174, l='ClientLevel', x=0.55, y=65.00, z=-6.49] does not have attribute null
[22:55:13] [Render thread/WARN]: Entity class_745['khang2kkk'/2034321, l='ClientLevel', x=0.55, y=65.00, z=-6.49] does not have attribute null
[22:55:14] [Render thread/WARN]: Entity class_745['CHINULOL'/2137152, l='ClientLevel', x=0.55, y=65.00, z=-6.49] does not have attribute null
[22:55:14] [Render thread/WARN]: Entity class_745['man3p3ar'/2496426, l='ClientLevel', x=0.57, y=65.00, z=-8.91] does not have attribute null
[22:55:14] [Render thread/WARN]: Entity class_745['MOD_CPVP'/2282868, l='ClientLevel', x=6.89, y=65.06, z=-7.94] does not have attribute null
[22:55:14] [Render thread/WARN]: Entity class_745['shinki877'/2475359, l='ClientLevel', x=0.75, y=65.00, z=-10.79] does not have attribute null
[22:55:14] [Render thread/WARN]: Entity class_745['nhiklopi'/2435683, l='ClientLevel', x=0.55, y=65.00, z=-6.49] does not have attribute null
[22:55:14] [Render thread/WARN]: Entity class_745['Darkstar_911'/2500109, l='ClientLevel', x=0.55, y=65.00, z=-6.49] does not have attribute null
[22:55:14] [Render thread/WARN]: Entity class_745['huyquanhoaaa'/2092743, l='ClientLevel', x=-6.36, y=65.00, z=-14.30] does not have attribute null
[22:55:14] [Render thread/WARN]: Entity class_745['pagal_da_putar'/2480474, l='ClientLevel', x=4.80, y=65.00, z=1.73] does not have attribute null
[22:55:14] [Render thread/WARN]: Entity class_745['Seyhafu'/2374083, l='ClientLevel', x=-1.99, y=65.42, z=-11.38] does not have attribute null
[22:55:14] [Render thread/WARN]: Entity class_745['ITZ_FARHAN'/2498611, l='ClientLevel', x=-2.61, y=65.00, z=-18.91] does not have attribute null
[22:55:14] [Render thread/WARN]: Entity class_745['huyyyyyyyyy'/2499820, l='ClientLevel', x=-3.27, y=65.00, z=-17.03] does not have attribute null
[22:55:14] [Render thread/WARN]: Entity class_745['MeTooNoob'/2352353, l='ClientLevel', x=-19.76, y=65.00, z=-14.78] does not have attribute null
[22:55:14] [Render thread/WARN]: Entity class_745['Sunset_Lov3r'/2413984, l='ClientLevel', x=-29.70, y=67.00, z=-6.30] does not have attribute null
[22:55:14] [Render thread/WARN]: Entity class_745['XzermarketMC'/2082027, l='ClientLevel', x=28.32, y=65.00, z=-23.27] does not have attribute null
[22:55:14] [Render thread/WARN]: Entity class_745['DangerMarlow_Jr'/2247315, l='ClientLevel', x=0.55, y=65.00, z=-6.49] does not have attribute null
[22:55:15] [Render thread/INFO]: [System] [CHAT] Kit 1 loaded!
[22:55:16] [Render thread/WARN]: Entity class_745['SAVORNMAZER'/2490212, l='ClientLevel', x=5.27, y=65.00, z=-4.73] does not have attribute null
[22:55:16] [Render thread/INFO]: [System] [CHAT] notimunda: u are not a lt3
[22:55:16] [Render thread/INFO]: [System] [CHAT] .GauzyChain3911 has reached the goal [Postmortal]
[22:55:16] [Render thread/INFO]: Stopping worker threads
[22:55:16] [Render thread/INFO]: Started 1 worker threads
[22:55:16] [Render thread/INFO]: Stopping worker threads
[22:55:16] [Render thread/INFO]: Started 1 worker threads
[22:55:16] [Render thread/WARN]: Entity class_746['khanhnotbruh'/2395064, l='ClientLevel', x=-809.83, y=30.08, z=-28.36] does not have attribute null
[22:55:16] [Render thread/INFO]: [System] [CHAT] lilpotato4 has made the advancement [Not Quite "Nine" Lives]
[22:55:17] [Render thread/WARN]: Entity class_745['vinhminebk'/2394303, l='ClientLevel', x=-808.05, y=29.00, z=-30.79] does not have attribute null
[22:55:17] [Render thread/INFO]: [System] [CHAT] .Onion6678 has made the advancement [Not Quite "Nine" Lives]
[22:55:18] [Render thread/INFO]: [System] [CHAT] 
[22:55:18] [Render thread/INFO]: [System] [CHAT]  Seafox_X_Ocean ᴡᴀs ᴋɪᴄᴋᴇᴅ ʙʏ  
[22:55:19] [Render thread/WARN]: Entity class_745['vinhminebk'/2394303, l='ClientLevel', x=-807.09, y=29.00, z=-29.65] does not have attribute null
[22:55:19] [Render thread/WARN]: Ignoring player info update for unknown player 00000000-0000-0000-0009-01f80b73eea8
[22:55:20] [Render thread/WARN]: Entity class_745['vinhminebk'/2394303, l='ClientLevel', x=-806.24, y=30.15, z=-29.71] does not have attribute null
[22:55:20] [Render thread/INFO]: [System] [CHAT] kemdauxinhgai has reached the goal [Postmortal]
[22:55:20] [Render thread/WARN]: Ignoring player info update for unknown player bd7a052d-e2d3-4b3b-a76a-5107b9414fe9
[22:55:21] [Render thread/WARN]: Ignoring player info update for unknown player 7154117d-f5c0-33d1-adff-79868e8568e6
[22:55:21] [Render thread/WARN]: Ignoring player info update for unknown player 56019dc1-092d-495f-932a-cc9b681b62e3
[22:55:21] [Render thread/WARN]: Ignoring player info update for unknown player 540b2ffe-5af8-317d-b9bd-d1dce6bc2ae2
[22:55:22] [Render thread/INFO]: [System] [CHAT] SkyElder: ur tier?
[22:55:23] [Render thread/WARN]: Ignoring player info update for unknown player a322b9fa-dc99-3f8e-877d-26568af2d616
[22:55:24] [Render thread/INFO]: [System] [CHAT] xautraihijhij: t dang co 40 long ske 64 cai long cow
[22:55:25] [Render thread/WARN]: Entity class_745['vinhminebk'/2394303, l='ClientLevel', x=-809.37, y=29.97, z=-28.13] does not have attribute null
[22:55:25] [Render thread/INFO]: [System] [CHAT] PRIME_HARSH: yes
[22:55:26] [Render thread/WARN]: Entity class_746['khanhnotbruh'/2395064, l='ClientLevel', x=-808.40, y=27.00, z=-30.91] does not have attribute null
[22:55:26] [Render thread/WARN]: Entity class_746['khanhnotbruh'/2395064, l='ClientLevel', x=-808.70, y=27.00, z=-31.10] does not have attribute null
[22:55:28] [Render thread/WARN]: Entity class_745['vinhminebk'/2394303, l='ClientLevel', x=-809.44, y=29.02, z=-28.81] does not have attribute null
[22:55:29] [Render thread/INFO]: [System] [CHAT] SkyElder: what is ur tier?
[22:55:30] [Render thread/WARN]: Entity class_746['khanhnotbruh'/2395064, l='ClientLevel', x=-808.33, y=26.00, z=-32.32] does not have attribute null
[22:55:30] [Render thread/WARN]: Entity class_745['vinhminebk'/2394303, l='ClientLevel', x=-809.42, y=26.35, z=-31.58] does not have attribute null
[22:55:30] [Render thread/WARN]: Ignoring player info update for unknown player fd66e4a5-6073-36c8-b509-e691146528f7
[22:55:30] [Render thread/INFO]: [System] [CHAT] Seafox_X_Ocean has made the advancement [The End?]
[22:55:30] [Render thread/INFO]: [System] [CHAT] DeathFalls has made the advancement [The End?]
[22:55:30] [Render thread/INFO]: [System] [CHAT] -1 Points
[22:55:30] [Render thread/INFO]: [System] [CHAT] +1 Death
[22:55:31] [Render thread/WARN]: Entity class_746['khanhnotbruh'/2395064, l='ClientLevel', x=-807.21, y=25.00, z=-32.30] does not have attribute null
[22:55:31] [Render thread/INFO]: [System] [CHAT] kemdauxinhgai has made the advancement [Not Quite "Nine" Lives]
[22:55:32] [Render thread/INFO]: Stopping worker threads
[22:55:32] [Render thread/INFO]: Started 1 worker threads
[22:55:32] [Render thread/INFO]: Stopping worker threads
[22:55:32] [Render thread/INFO]: Started 1 worker threads
[22:55:32] [Render thread/WARN]: Entity class_746['khanhnotbruh'/2395064, l='ClientLevel', x=0.55, y=65.00, z=-6.49] does not have attribute null
[22:55:32] [Render thread/WARN]: Entity class_745['Darkstar_911'/2500109, l='ClientLevel', x=0.55, y=65.00, z=-6.49] does not have attribute null
[22:55:32] [Render thread/WARN]: Entity class_745['lethoso124'/2328781, l='ClientLevel', x=1.37, y=66.25, z=-11.70] does not have attribute null
[22:55:32] [Render thread/WARN]: Entity class_745['User123name'/2493174, l='ClientLevel', x=0.55, y=65.00, z=-6.49] does not have attribute null
[22:55:32] [Render thread/WARN]: Entity class_745['khang2kkk'/2034321, l='ClientLevel', x=0.55, y=65.00, z=-6.49] does not have attribute null
[22:55:32] [Render thread/WARN]: Entity class_745['man3p3ar'/2496426, l='ClientLevel', x=3.68, y=65.00, z=-12.64] does not have attribute null
[22:55:32] [Render thread/WARN]: Entity class_745['amdaihdahdada'/2486956, l='ClientLevel', x=0.55, y=65.00, z=-6.49] does not have attribute null
[22:55:32] [Render thread/WARN]: Entity class_745['name_071'/2500726, l='ClientLevel', x=8.95, y=65.00, z=-7.24] does not have attribute null
[22:55:32] [Render thread/WARN]: Entity class_745['Ghostly6742'/2474887, l='ClientLevel', x=0.56, y=65.00, z=-6.63] does not have attribute null
[22:55:32] [Render thread/WARN]: Entity class_745['Quangdepzai3222'/2501073, l='ClientLevel', x=0.50, y=65.00, z=-5.64] does not have attribute null
[22:55:32] [Render thread/WARN]: Entity class_745['.Livay2132'/2500924, l='ClientLevel', x=0.54, y=65.00, z=-6.51] does not have attribute null
[22:55:32] [Render thread/WARN]: Entity class_745['lilpotato4'/2496352, l='ClientLevel', x=0.55, y=65.00, z=-6.49] does not have attribute null
[22:55:32] [Render thread/WARN]: Entity class_745['R7yuk'/2501839, l='ClientLevel', x=-1.27, y=65.00, z=-8.30] does not have attribute null
[22:55:32] [Render thread/WARN]: Entity class_745['SAVORNMAZER'/2490212, l='ClientLevel', x=-6.45, y=65.00, z=-9.98] does not have attribute null
[22:55:32] [Render thread/WARN]: Entity class_745['salverynigga'/2475321, l='ClientLevel', x=-0.11, y=65.00, z=-10.54] does not have attribute null
[22:55:32] [Render thread/WARN]: Entity class_745['ITZ_FARHAN'/2498611, l='ClientLevel', x=-2.74, y=65.00, z=-10.07] does not have attribute null
[22:55:32] [Render thread/WARN]: Entity class_745['Okhuchbsdb'/2480297, l='ClientLevel', x=-4.83, y=65.06, z=-12.79] does not have attribute null
[22:55:32] [Render thread/WARN]: Entity class_745['nischc'/2405181, l='ClientLevel', x=-2.22, y=65.00, z=-8.89] does not have attribute null
[22:55:32] [Render thread/WARN]: Entity class_745['huyyyyyyyyy'/2499820, l='ClientLevel', x=1.79, y=65.00, z=-16.58] does not have attribute null
[22:55:32] [Render thread/WARN]: Entity class_745['Cow_cute'/2197040, l='ClientLevel', x=5.30, y=64.35, z=-23.15] does not have attribute null
[22:55:32] [Render thread/WARN]: Entity class_745['pagal_da_putar'/2480474, l='ClientLevel', x=4.80, y=65.00, z=1.73] does not have attribute null
[22:55:32] [Render thread/WARN]: Entity class_745['Linzx911'/2433132, l='ClientLevel', x=1.79, y=65.00, z=-17.59] does not have attribute null
[22:55:32] [Render thread/WARN]: Entity class_745['.Yuta3614'/2454216, l='ClientLevel', x=-3.53, y=65.00, z=-18.42] does not have attribute null
[22:55:32] [Render thread/WARN]: Entity class_745['XzermarketMC'/2082027, l='ClientLevel', x=28.32, y=65.00, z=-23.27] does not have attribute null
[22:55:32] [Render thread/WARN]: Entity class_745['MeTooNoob'/2352353, l='ClientLevel', x=-19.76, y=65.00, z=-14.78] does not have attribute null
[22:55:32] [Render thread/WARN]: Entity class_745['Sunset_Lov3r'/2413984, l='ClientLevel', x=-29.70, y=67.00, z=-6.30] does not have attribute null
[22:55:33] [Worker-Main-10/ERROR]: Textures payload has been tampered with (signature invalid)
[22:55:33] [Render thread/INFO]: [System] [CHAT] Kit 1 loaded!
[22:55:33] [Render thread/WARN]: Entity class_745['DangerMarlow_Jr'/2247315, l='ClientLevel', x=0.55, y=65.00, z=-6.49] does not have attribute null
[22:55:34] [Render thread/WARN]: Entity class_745['parban'/2475211, l='ClientLevel', x=0.55, y=65.00, z=-6.49] does not have attribute null
[22:55:34] [Render thread/WARN]: Entity class_745['salverynigga'/2475321, l='ClientLevel', x=-0.81, y=65.00, z=-10.31] does not have attribute null
[22:55:34] [Render thread/INFO]: [System] [CHAT] PRIME_HARSH: i dont know
[22:55:35] [Render thread/WARN]: Entity class_745['DangerMarlow_Jr'/2247315, l='ClientLevel', x=1.04, y=65.00, z=-8.54] does not have attribute null
[22:55:36] [Render thread/WARN]: Entity class_745['BaByRexPvP'/2364359, l='ClientLevel', x=0.55, y=65.00, z=-6.49] does not have attribute null
[22:55:36] [Render thread/WARN]: Entity class_745['ALLAY_PVP'/2420085, l='ClientLevel', x=0.55, y=65.00, z=-6.49] does not have attribute null
[22:55:37] [Render thread/INFO]: [System] [CHAT] SkyElder: ohk
[22:55:37] [Render thread/WARN]: Entity class_745['TurtleMaster101'/2353465, l='ClientLevel', x=0.55, y=65.00, z=-6.49] does not have attribute null
[22:55:38] [Render thread/INFO]: [System] [CHAT] EnvyHocux has made the advancement [Cover Me with Diamonds]
[22:55:38] [Render thread/INFO]: Stopping worker threads
[22:55:38] [Render thread/INFO]: Started 1 worker threads
[22:55:38] [Render thread/INFO]: Stopping worker threads
[22:55:38] [Render thread/INFO]: Started 1 worker threads
[22:55:38] [Render thread/WARN]: Entity class_746['khanhnotbruh'/2395064, l='ClientLevel', x=-807.42, y=25.47, z=-32.30] does not have attribute null
[22:55:39] [Render thread/WARN]: Entity class_745['vinhminebk'/2394303, l='ClientLevel', x=-808.87, y=24.00, z=-30.42] does not have attribute null
[22:55:40] [Render thread/WARN]: Entity class_746['khanhnotbruh'/2395064, l='ClientLevel', x=-804.43, y=25.38, z=-35.70] does not have attribute null
[22:55:41] [Render thread/INFO]: [System] [CHAT] JTM_MIKILA: kla kla
[22:55:41] [Render thread/INFO]: [System] [CHAT] ItzzNhaa__ has made the advancement [The End?]
[22:55:41] [Render thread/INFO]: [System] [CHAT] (☠) Zarmloww burned to the ground.
[22:55:42] [Render thread/INFO]: [System] [CHAT] SkyElder: ggs
[22:55:43] [Render thread/WARN]: Ignoring player info update for unknown player b19bca87-4715-35e2-9637-c9b7671ab8ef
[22:55:43] [Render thread/INFO]: [System] [CHAT] EnvyHocux has made the advancement [The End?]
[22:55:43] [Render thread/WARN]: Entity class_745['vinhminebk'/2394303, l='ClientLevel', x=-807.90, y=24.00, z=-30.25] does not have attribute null
[22:55:43] [Render thread/WARN]: Entity class_746['khanhnotbruh'/2395064, l='ClientLevel', x=-807.65, y=24.06, z=-34.07] does not have attribute null
[22:55:45] [Render thread/WARN]: Entity class_746['khanhnotbruh'/2395064, l='ClientLevel', x=-808.03, y=22.01, z=-35.70] does not have attribute null
[22:55:46] [Render thread/INFO]: [System] [CHAT] Seafox_X_Ocean has reached the goal [Postmortal]
[22:55:46] [Render thread/INFO]: [System] [CHAT] phongre: free hit
[22:55:46] [Render thread/WARN]: Ignoring player info update for unknown player 00000000-0000-0000-0009-01f5cefd6800
[22:55:48] [Render thread/INFO]: [System] [CHAT] DeathFalls has reached the goal [Postmortal]
[22:55:49] [Render thread/WARN]: Entity class_746['khanhnotbruh'/2395064, l='ClientLevel', x=-809.08, y=21.07, z=-35.70] does not have attribute null
[22:55:49] [Render thread/INFO]: [System] [CHAT] -1 Points
[22:55:49] [Render thread/INFO]: [System] [CHAT] +1 Death
[22:55:49] [Render thread/WARN]: Entity class_746['khanhnotbruh'/2395064, l='ClientLevel', x=-807.67, y=21.85, z=-37.41] does not have attribute null
[22:55:49] [Render thread/WARN]: Entity class_745['vinhminebk'/2394303, l='ClientLevel', x=-809.24, y=20.00, z=-32.66] does not have attribute null
[22:55:50] [Render thread/INFO]: [System] [CHAT] PRIME_HARSH: hello
[22:55:50] [Render thread/INFO]: Stopping worker threads
[22:55:50] [Render thread/INFO]: Started 1 worker threads
[22:55:50] [Render thread/INFO]: Stopping worker threads
[22:55:50] [Render thread/INFO]: Started 1 worker threads
[22:55:50] [Render thread/WARN]: Entity class_746['khanhnotbruh'/2395064, l='ClientLevel', x=0.55, y=65.00, z=-6.49] does not have attribute null
[22:55:51] [Render thread/WARN]: Entity class_745['Zarmloww'/2372241, l='ClientLevel', x=0.55, y=65.00, z=-6.49] does not have attribute null
[22:55:51] [Render thread/WARN]: Entity class_745['Agaoa'/2402492, l='ClientLevel', x=0.55, y=65.00, z=-6.49] does not have attribute null
[22:55:51] [Render thread/WARN]: Entity class_745['phongre'/1991675, l='ClientLevel', x=0.55, y=65.00, z=-6.49] does not have attribute null
[22:55:51] [Render thread/WARN]: Entity class_745['slimeyhaqaan67'/2393509, l='ClientLevel', x=0.55, y=65.00, z=-6.49] does not have attribute null
[22:55:51] [Render thread/WARN]: Entity class_745['anhbabunbo'/2397966, l='ClientLevel', x=0.55, y=65.00, z=-6.49] does not have attribute null
[22:55:51] [Render thread/WARN]: Entity class_745['YunNoVa_chan'/2430650, l='ClientLevel', x=6.53, y=65.06, z=-14.79] does not have attribute null
[22:55:51] [Render thread/WARN]: Entity class_745['User123name'/2493174, l='ClientLevel', x=0.55, y=65.00, z=-6.49] does not have attribute null
[22:55:51] [Render thread/WARN]: Entity class_745['khang2kkk'/2034321, l='ClientLevel', x=0.55, y=65.00, z=-6.49] does not have attribute null
[22:55:51] [Render thread/WARN]: Entity class_745['amdaihdahdada'/2486956, l='ClientLevel', x=0.55, y=65.00, z=-6.49] does not have attribute null
[22:55:51] [Render thread/WARN]: Entity class_745['Ghostly6742'/2474887, l='ClientLevel', x=7.51, y=65.00, z=-9.57] does not have attribute null
[22:55:51] [Render thread/WARN]: Entity class_745['SAVORNMAZER'/2490212, l='ClientLevel', x=-6.34, y=65.00, z=-7.59] does not have attribute null
[22:55:51] [Render thread/WARN]: Entity class_745['PRIME_HARSH'/2467512, l='ClientLevel', x=-1.39, y=65.00, z=-6.60] does not have attribute null
[22:55:51] [Render thread/WARN]: Entity class_745['Itz_Death9'/2503337, l='ClientLevel', x=-14.04, y=65.00, z=-10.90] does not have attribute null
[22:55:51] [Render thread/WARN]: Entity class_745['Okhuchbsdb'/2480297, l='ClientLevel', x=-4.83, y=65.06, z=-12.79] does not have attribute null
[22:55:51] [Render thread/WARN]: Entity class_745['.Yuta3614'/2454216, l='ClientLevel', x=-1.77, y=66.18, z=-11.57] does not have attribute null
[22:55:51] [Render thread/WARN]: Entity class_745['nischc'/2405181, l='ClientLevel', x=-3.06, y=65.00, z=-9.00] does not have attribute null
[22:55:51] [Render thread/WARN]: Entity class_745['pagal_da_putar'/2480474, l='ClientLevel', x=4.80, y=65.00, z=1.73] does not have attribute null
[22:55:51] [Render thread/WARN]: Entity class_745['ITZ_FARHAN'/2498611, l='ClientLevel', x=-1.55, y=65.00, z=-19.21] does not have attribute null
[22:55:51] [Render thread/WARN]: Entity class_745['.Livay2132'/2500924, l='ClientLevel', x=-6.99, y=65.00, z=-16.91] does not have attribute null
[22:55:51] [Render thread/WARN]: Entity class_745['XzermarketMC'/2082027, l='ClientLevel', x=28.32, y=65.00, z=-23.27] does not have attribute null
[22:55:51] [Worker-Main-9/ERROR]: Textures payload has been tampered with (signature invalid)
[22:55:51] [Render thread/WARN]: Entity class_745['MeTooNoob'/2352353, l='ClientLevel', x=-19.76, y=65.00, z=-14.78] does not have attribute null
[22:55:51] [Render thread/WARN]: Entity class_745['Sunset_Lov3r'/2413984, l='ClientLevel', x=-29.70, y=67.00, z=-6.30] does not have attribute null
[22:55:51] [Render thread/WARN]: Entity class_745['4KenJi_'/2295285, l='ClientLevel', x=-21.06, y=65.00, z=-18.09] does not have attribute null
[22:55:52] [Render thread/INFO]: [System] [CHAT] Kit 1 loaded!
[22:55:52] [Render thread/WARN]: Entity class_745['SieuNhanGao3669'/2378758, l='ClientLevel', x=0.55, y=65.00, z=-6.49] does not have attribute null
[22:55:53] [Render thread/WARN]: Entity class_745['DeathFalls'/2497776, l='ClientLevel', x=0.55, y=65.00, z=-6.49] does not have attribute null
[22:55:53] [Render thread/WARN]: Entity class_745['NotHerAgain_'/2329698, l='ClientLevel', x=0.55, y=65.00, z=-6.49] does not have attribute null
[22:55:54] [Render thread/INFO]: Stopping worker threads
[22:55:54] [Render thread/INFO]: Started 1 worker threads
[22:55:54] [Render thread/INFO]: Stopping worker threads
[22:55:54] [Render thread/INFO]: Started 1 worker threads
[22:55:54] [Render thread/WARN]: Entity class_746['khanhnotbruh'/2395064, l='ClientLevel', x=-808.27, y=21.35, z=-36.70] does not have attribute null
[22:55:54] [Render thread/INFO]: [System] [CHAT] PRIME_HARSH: sky
[22:55:54] [Render thread/WARN]: Entity class_745['vinhminebk'/2394303, l='ClientLevel', x=-810.90, y=20.00, z=-32.70] does not have attribute null
[22:55:54] [Render thread/WARN]: Ignoring player info update for unknown player 41b54f21-52cc-3e07-8233-3e0d86ad303c
[22:55:56] [Render thread/WARN]: Entity class_746['khanhnotbruh'/2395064, l='ClientLevel', x=-808.30, y=20.00, z=-34.70] does not have attribute null
[22:55:57] [Render thread/WARN]: Entity class_745['vinhminebk'/2394303, l='ClientLevel', x=-810.51, y=20.00, z=-32.70] does not have attribute null
[22:55:57] [Render thread/INFO]: [System] [CHAT] kemdauxinhgai has made the advancement [Stone Age]
[22:55:57] [Render thread/WARN]: Entity class_746['khanhnotbruh'/2395064, l='ClientLevel', x=-808.30, y=20.13, z=-34.70] does not have attribute null
[22:55:58] [Render thread/INFO]: [System] [CHAT] NotHerAgain_: 0back
[22:55:58] [Render thread/WARN]: Entity class_746['khanhnotbruh'/2395064, l='ClientLevel', x=-808.30, y=20.83, z=-34.70] does not have attribute null
[22:55:59] [Render thread/INFO]: [System] [CHAT] jordanbastiti has reached the goal [Postmortal]
[22:56:00] [Render thread/INFO]: [System] [CHAT] EnvyHocux: omg danger marlow
[22:56:00] [Render thread/INFO]: [System] [CHAT] name_071 has reached the goal [Postmortal]
[22:56:00] [Render thread/INFO]: [System] [CHAT] Long8005 has reached the goal [Sky's the Limit]
[22:56:01] [Render thread/WARN]: Ignoring player info update for unknown player 1a38b14e-0e25-48f9-ba90-da0ada078309
[22:56:02] [Render thread/INFO]: [System] [CHAT] huyyyyyyyyy has reached the goal [Postmortal]
[22:56:03] [Render thread/WARN]: Entity class_746['khanhnotbruh'/2395064, l='ClientLevel', x=-804.70, y=22.00, z=-37.47] does not have attribute null
[22:56:04] [Render thread/INFO]: [System] [CHAT] .Onion6678: Ke tpa tv knea tver mix
[22:56:04] [Render thread/INFO]: [System] [CHAT] ALLAY_PVP has made the advancement [Ol' Betsy]
[22:56:04] [Render thread/INFO]: [System] [CHAT] .KingFoxSTA: ber run kom lg ber lg kom run
[22:56:05] [Render thread/INFO]: [System] [CHAT] man3p3ar has made the advancement [Stone Age]
[22:56:06] [Render thread/INFO]: [System] [CHAT] EnvyHocux: omggggg
[22:56:06] [Render thread/WARN]: Entity class_746['khanhnotbruh'/2395064, l='ClientLevel', x=-804.57, y=21.00, z=-39.50] does not have attribute null
[22:56:07] [Render thread/WARN]: Entity class_746['khanhnotbruh'/2395064, l='ClientLevel', x=-803.96, y=19.97, z=-38.30] does not have attribute null
[22:56:09] [Render thread/WARN]: Entity class_746['khanhnotbruh'/2395064, l='ClientLevel', x=-802.42, y=20.09, z=-37.80] does not have attribute null
[22:56:10] [Render thread/INFO]: [System] [CHAT] DangerMarlow_Jr: ?
[22:56:10] [Render thread/WARN]: Entity class_746['khanhnotbruh'/2395064, l='ClientLevel', x=-802.30, y=20.15, z=-37.30] does not have attribute null
[22:56:11] [Render thread/INFO]: [System] [CHAT] huyyyyyyyyy has made the advancement [Stone Age]
[22:56:12] [Render thread/INFO]: [System] [CHAT] ALLAY_PVP has made the advancement [Take Aim]
[22:56:12] [Render thread/WARN]: Entity class_746['khanhnotbruh'/2395064, l='ClientLevel', x=-802.86, y=19.88, z=-37.70] does not have attribute null
[22:56:12] [Render thread/INFO]: [System] [CHAT] -1 Points
[22:56:12] [Render thread/INFO]: [System] [CHAT] +1 Death
[22:56:12] [Render thread/WARN]: Entity class_746['khanhnotbruh'/2395064, l='ClientLevel', x=-803.29, y=19.98, z=-37.30] does not have attribute null
[22:56:14] [Render thread/INFO]: Stopping worker threads
[22:56:14] [Render thread/INFO]: Started 1 worker threads
[22:56:14] [Render thread/INFO]: Stopping worker threads
[22:56:14] [Render thread/INFO]: Started 1 worker threads
[22:56:14] [Render thread/WARN]: Entity class_746['khanhnotbruh'/2395064, l='ClientLevel', x=0.55, y=65.00, z=-6.49] does not have attribute null
[22:56:14] [Render thread/WARN]: Entity class_745['PTADetagon'/2464741, l='ClientLevel', x=0.55, y=65.00, z=-6.49] does not have attribute null
[22:56:14] [Render thread/WARN]: Entity class_745['amdaihdahdada'/2486956, l='ClientLevel', x=0.55, y=65.00, z=-6.49] does not have attribute null
[22:56:14] [Render thread/WARN]: Entity class_745['slimeyhaqaan67'/2393509, l='ClientLevel', x=0.60, y=65.00, z=-8.21] does not have attribute null
[22:56:14] [Render thread/WARN]: Entity class_745['anhbabunbo'/2397966, l='ClientLevel', x=0.55, y=65.00, z=-6.49] does not have attribute null
[22:56:14] [Render thread/WARN]: Entity class_745['User123name'/2493174, l='ClientLevel', x=0.55, y=65.00, z=-6.49] does not have attribute null
[22:56:14] [Render thread/WARN]: Entity class_745['khang2kkk'/2034321, l='ClientLevel', x=0.55, y=65.00, z=-6.49] does not have attribute null
[22:56:14] [Render thread/WARN]: Entity class_745['221133gt'/2468348, l='ClientLevel', x=0.67, y=65.00, z=-8.65] does not have attribute null
[22:56:14] [Render thread/WARN]: Entity class_745['.Yuta3614'/2454216, l='ClientLevel', x=0.55, y=65.00, z=-6.49] does not have attribute null
[22:56:14] [Render thread/WARN]: Entity class_745['SAVORNMAZER'/2490212, l='ClientLevel', x=-3.39, y=65.00, z=-3.68] does not have attribute null
[22:56:14] [Render thread/WARN]: Entity class_745['.Livay2132'/2500924, l='ClientLevel', x=-6.86, y=65.00, z=-14.62] does not have attribute null
[22:56:14] [Render thread/WARN]: Entity class_745['PRIME_HARSH'/2467512, l='ClientLevel', x=-1.37, y=65.00, z=-6.87] does not have attribute null
[22:56:14] [Render thread/WARN]: Entity class_745['pagal_da_putar'/2480474, l='ClientLevel', x=4.80, y=65.00, z=1.73] does not have attribute null
[22:56:14] [Render thread/WARN]: Entity class_745['Okhuchbsdb'/2480297, l='ClientLevel', x=-6.38, y=65.00, z=-13.75] does not have attribute null
[22:56:14] [Render thread/WARN]: Entity class_745['Sunset_Lov3r'/2413984, l='ClientLevel', x=-29.70, y=67.00, z=-6.30] does not have attribute null
[22:56:14] [Render thread/WARN]: Entity class_745['XzermarketMC'/2082027, l='ClientLevel', x=28.32, y=65.00, z=-23.27] does not have attribute null
[22:56:14] [Render thread/WARN]: Entity class_745['Itz_Death9'/2503337, l='ClientLevel', x=-28.25, y=65.00, z=-25.15] does not have attribute null
[22:56:15] [Render thread/INFO]: [System] [CHAT] EnvyHocux: dangermarioooooo
[22:56:15] [Render thread/WARN]: Entity class_745['SAKINA_Neverking'/2273695, l='ClientLevel', x=0.55, y=65.00, z=-6.49] does not have attribute null
[22:56:16] [Render thread/INFO]: [System] [CHAT] NALUGgg: what a L
[22:56:16] [Render thread/INFO]: [System] [CHAT] Kit 1 loaded!
[22:56:17] [Render thread/INFO]: [System] [CHAT] You have to wait 0sec. before you can use another command.
[22:56:17] [Render thread/INFO]: [System] [CHAT] BadXGood has made the advancement [Stone Age]
[22:56:17] [Render thread/INFO]: [System] [CHAT] 
[22:56:17] [Render thread/INFO]: [System] [CHAT]  Seafox_X_Ocean ᴡᴀs ᴋɪᴄᴋᴇᴅ ʙʏ  
[22:56:18] [Render thread/WARN]: Entity class_745['alliwantisyounow'/2458903, l='ClientLevel', x=0.55, y=65.00, z=-6.49] does not have attribute null
[22:56:18] [Render thread/INFO]: [System] [CHAT] Long8005 has made the advancement [The City at the End of the Game]
[22:56:19] [Render thread/INFO]: Stopping worker threads
[22:56:19] [Render thread/INFO]: Started 1 worker threads
[22:56:19] [Render thread/INFO]: Stopping worker threads
[22:56:19] [Render thread/INFO]: Started 1 worker threads
[22:56:19] [Render thread/WARN]: Entity class_746['khanhnotbruh'/2395064, l='ClientLevel', x=-802.99, y=19.96, z=-37.56] does not have attribute null
[22:56:19] [Render thread/WARN]: Entity class_745['vinhminebk'/2394303, l='ClientLevel', x=-804.80, y=19.00, z=-37.77] does not have attribute null
[22:56:19] [Render thread/INFO]: [System] [CHAT] DangerMarlow_Jr: ????
[22:56:20] [Render thread/WARN]: Ignoring player info update for unknown player 56019dc1-092d-495f-932a-cc9b681b62e3
[22:56:22] [Render thread/WARN]: Ignoring player info update for unknown player 9f790b50-1037-4a4e-8faa-1013f0f7d6e7
[22:56:22] [Render thread/INFO]: [System] [CHAT] .KingFoxSTA: lg rekit
[22:56:25] [Render thread/WARN]: Entity class_745['vinhminebk'/2394303, l='ClientLevel', x=-804.83, y=19.00, z=-37.37] does not have attribute null
[22:56:26] [Render thread/INFO]: [System] [CHAT] EnvyHocux: hax reveal?
[22:56:29] [Render thread/INFO]: [System] [CHAT] SkyElder: ggs
[22:56:29] [Render thread/INFO]: [System] [CHAT] Seafox_X_Ocean has made the advancement [The End?]
[22:56:29] [Render thread/INFO]: [System] [CHAT] name_071 has made the advancement [The End?]
[22:56:29] [Render thread/INFO]: [System] [CHAT] .GauzyChain3911: @kingFoxSTA tp mk
[22:56:30] [Render thread/WARN]: Ignoring player info update for unknown player ed61ee85-3925-4837-99e3-b6b45891c148
[22:56:34] [Render thread/WARN]: Entity class_745['vinhminebk'/2394303, l='ClientLevel', x=-805.58, y=15.12, z=-38.66] does not have attribute null
[22:56:34] [Render thread/WARN]: Ignoring player info update for unknown player 1a38b14e-0e25-48f9-ba90-da0ada078309
[22:56:34] [Render thread/INFO]: [System] [CHAT] Salut_Sor has made the advancement [Ol' Betsy]
[22:56:34] [Render thread/WARN]: Entity class_745['vinhminebk'/2394303, l='ClientLevel', x=-805.71, y=15.07, z=-38.53] does not have attribute null
[22:56:34] [Render thread/INFO]: [System] [CHAT] Salut_Sor has made the advancement [Take Aim]
[22:56:34] [Render thread/INFO]: [System] [CHAT] Itz_Death9 has reached the goal [Postmortal]
[22:56:35] [Render thread/INFO]: [System] [CHAT] MeTooNoob has made the advancement [Not Today, Thank You]
[22:56:35] [Render thread/WARN]: Entity class_746['khanhnotbruh'/2395064, l='ClientLevel', x=-802.83, y=14.00, z=-35.79] does not have attribute null
[22:56:35] [Render thread/INFO]: [System] [CHAT] .GauzyChain3911:  tp mk
[22:56:36] [Render thread/INFO]: [System] [CHAT] uchihaagatsuki: ez
[22:56:36] [Render thread/INFO]: [System] [CHAT] Seafox_X_Ocean has reached the goal [Postmortal]
[22:56:36] [Render thread/INFO]: [System] [CHAT] DangerMarlow_Jr: me noob
[22:56:38] [Render thread/WARN]: Entity class_745['vinhminebk'/2394303, l='ClientLevel', x=-802.55, y=13.10, z=-37.06] does not have attribute null
[22:56:38] [Render thread/WARN]: Ignoring player info update for unknown player b9bfbfa9-d5c7-3ab0-a8f0-11c47fd24e36
[22:56:39] [Render thread/INFO]: [System] [CHAT] Pwight_ has made the advancement [The End?]
[22:56:39] [Render thread/INFO]: [System] [CHAT] .GauzyChain3911:  tp mk
[22:56:39] [Render thread/WARN]: Entity class_745['vinhminebk'/2394303, l='ClientLevel', x=-801.30, y=12.00, z=-37.22] does not have attribute null
[22:56:39] [Render thread/WARN]: Entity class_746['khanhnotbruh'/2395064, l='ClientLevel', x=-802.30, y=12.00, z=-35.68] does not have attribute null
[22:56:41] [Render thread/WARN]: Entity class_745['vinhminebk'/2394303, l='ClientLevel', x=-802.16, y=10.00, z=-37.80] does not have attribute null
[22:56:41] [Render thread/WARN]: Entity class_746['khanhnotbruh'/2395064, l='ClientLevel', x=-804.30, y=9.00, z=-35.16] does not have attribute null
[22:56:42] [Render thread/WARN]: Entity class_745['vinhminebk'/2394303, l='ClientLevel', x=-801.71, y=9.00, z=-38.88] does not have attribute null
[22:56:43] [Render thread/INFO]: [System] [CHAT] EnvyHocux: -;;0
[22:56:43] [Render thread/INFO]: [System] [CHAT] Salut_Sor has reached the goal [Postmortal]
[22:56:44] [Render thread/WARN]: Entity class_746['khanhnotbruh'/2395064, l='ClientLevel', x=-803.30, y=9.00, z=-36.70] does not have attribute null
[22:56:45] [Render thread/INFO]: [System] [CHAT] User123name has made the advancement [The End?]
[22:56:45] [Render thread/INFO]: [System] [CHAT] sang1209 has reached the goal [Postmortal]
[22:56:45] [Render thread/INFO]: [System] [CHAT] Salut_Sor has made the advancement [Stone Age]
[22:56:46] [Render thread/WARN]: Entity class_746['khanhnotbruh'/2395064, l='ClientLevel', x=-802.50, y=8.00, z=-35.99] does not have attribute null
[22:56:46] [Render thread/WARN]: Entity class_745['vinhminebk'/2394303, l='ClientLevel', x=-803.68, y=7.00, z=-38.70] does not have attribute null
[22:56:46] [Render thread/INFO]: [System] [CHAT] Lxiszzzz_ has reached the goal [Sky's the Limit]
[22:56:46] [Render thread/INFO]: [System] [CHAT] Pwight_ has reached the goal [Postmortal]
[22:56:47] [Render thread/WARN]: Ignoring player info update for unknown player 01d26e8a-f5a8-34f0-9f38-3d85cdbce323
[22:56:47] [Render thread/WARN]: Entity class_746['khanhnotbruh'/2395064, l='ClientLevel', x=-801.28, y=8.00, z=-36.70] does not have attribute null
[22:56:48] [Render thread/INFO]: [System] [CHAT] DangerMarlow_Jr: :D
[22:56:48] [Render thread/WARN]: Entity class_746['khanhnotbruh'/2395064, l='ClientLevel', x=-798.23, y=8.05, z=-36.73] does not have attribute null
[22:56:49] [Render thread/WARN]: Entity class_745['vinhminebk'/2394303, l='ClientLevel', x=-803.59, y=7.00, z=-38.79] does not have attribute null
[22:56:49] [Render thread/INFO]: [System] [CHAT] EnvyHocux: ok nvm fighttttt
[22:56:49] [Render thread/INFO]: [System] [CHAT] Zeus_VN has made the advancement [The End?]
[22:56:49] [Render thread/INFO]: [System] [CHAT] (⚔) .MetBreak7414 killed .Jamewick3414.
[22:56:50] [Render thread/WARN]: Ignoring player info update for unknown player e26855d5-b3df-383d-99db-c557bbc0b32b
[22:56:50] [Render thread/WARN]: Ignoring player info update for unknown player b384b787-6f7e-4326-9106-7b2dbd27dd83
[22:56:51] [Render thread/WARN]: Entity class_745['vinhminebk'/2394303, l='ClientLevel', x=-798.52, y=6.00, z=-39.86] does not have attribute null
[22:56:51] [Render thread/WARN]: Entity class_746['khanhnotbruh'/2395064, l='ClientLevel', x=-797.63, y=5.00, z=-37.45] does not have attribute null
[22:56:51] [Render thread/WARN]: Entity class_745['vinhminebk'/2394303, l='ClientLevel', x=-799.73, y=5.08, z=-41.68] does not have attribute null
[22:56:52] [Render thread/INFO]: [System] [CHAT] .GauzyChain3911 has made the advancement [Not Quite "Nine" Lives]
[22:56:53] [Render thread/WARN]: Ignoring player info update for unknown player 7f869098-79be-3ecf-8ce5-bee090e5de26
[22:56:53] [Render thread/WARN]: Entity class_746['khanhnotbruh'/2395064, l='ClientLevel', x=-797.14, y=3.94, z=-37.50] does not have attribute null
[22:56:54] [Render thread/WARN]: Ignoring player info update for unknown player 41b54f21-52cc-3e07-8233-3e0d86ad303c
[22:56:56] [Render thread/WARN]: Entity class_746['khanhnotbruh'/2395064, l='ClientLevel', x=-797.70, y=2.00, z=-37.70] does not have attribute null
[22:56:56] [Render thread/INFO]: [System] [CHAT] User123name has reached the goal [Postmortal]
[22:56:58] [Render thread/WARN]: Entity class_745['vinhminebk'/2394303, l='ClientLevel', x=-797.42, y=3.00, z=-40.58] does not have attribute null
[22:56:59] [Render thread/WARN]: Entity class_746['khanhnotbruh'/2395064, l='ClientLevel', x=-799.68, y=-0.79, z=-38.54] does not have attribute null
[22:57:00] [Render thread/INFO]: [System] [CHAT] xautraihijhij: dao xuong do t k xuong dc
[22:57:00] [Render thread/WARN]: Ignoring player info update for unknown player eb0e3517-411c-3ee6-910d-5e5cd09cb716
[22:57:01] [Render thread/INFO]: [System] [CHAT] Seyhafu: noob 2v1 and don allow me to rekit
[22:57:01] [Render thread/WARN]: Entity class_746['khanhnotbruh'/2395064, l='ClientLevel', x=-798.60, y=-0.85, z=-39.59] does not have attribute null
[22:57:01] [Render thread/WARN]: Entity class_745['vinhminebk'/2394303, l='ClientLevel', x=-799.59, y=-2.00, z=-37.70] does not have attribute null
[22:57:01] [Render thread/INFO]: [System] [CHAT] -1 Points
[22:57:01] [Render thread/INFO]: [System] [CHAT] +1 Death
[22:57:01] [Render thread/WARN]: Entity class_746['khanhnotbruh'/2395064, l='ClientLevel', x=-797.39, y=0.28, z=-40.37] does not have attribute null
[22:57:02] [Render thread/WARN]: Ignoring player info update for unknown player b162026c-08c0-3634-b744-f63de49853ae
[22:57:02] [Render thread/INFO]: Stopping worker threads
[22:57:02] [Render thread/INFO]: Started 1 worker threads
[22:57:02] [Render thread/INFO]: Stopping worker threads
[22:57:02] [Render thread/INFO]: Started 1 worker threads
[22:57:02] [Render thread/WARN]: Entity class_746['khanhnotbruh'/2395064, l='ClientLevel', x=0.55, y=65.00, z=-6.49] does not have attribute null
[22:57:03] [Render thread/WARN]: Entity class_745['thanhlammc'/2509946, l='ClientLevel', x=1.59, y=65.00, z=-15.80] does not have attribute null
[22:57:03] [Render thread/WARN]: Entity class_745['DeathFalls'/2497776, l='ClientLevel', x=0.55, y=65.00, z=-6.49] does not have attribute null
[22:57:03] [Render thread/WARN]: Entity class_745['amdaihdahdada'/2486956, l='ClientLevel', x=0.55, y=65.00, z=-6.49] does not have attribute null
[22:57:03] [Render thread/WARN]: Entity class_745['lilpotato4'/2510577, l='ClientLevel', x=0.98, y=65.00, z=-14.17] does not have attribute null
[22:57:03] [Render thread/WARN]: Entity class_745['anhbabunbo'/2397966, l='ClientLevel', x=0.55, y=65.00, z=-6.49] does not have attribute null
[22:57:03] [Render thread/WARN]: Entity class_745['khang2kkk'/2034321, l='ClientLevel', x=0.55, y=65.00, z=-6.49] does not have attribute null
[22:57:03] [Render thread/WARN]: Entity class_745['phongre'/1991675, l='ClientLevel', x=0.55, y=65.00, z=-6.49] does not have attribute null
[22:57:03] [Render thread/WARN]: Entity class_745['SieuNhanGao3669'/2378758, l='ClientLevel', x=0.55, y=65.00, z=-6.49] does not have attribute null
[22:57:03] [Render thread/WARN]: Entity class_745['.KingFoxSTA'/2470277, l='ClientLevel', x=0.55, y=65.00, z=-6.49] does not have attribute null
[22:57:03] [Render thread/WARN]: Entity class_745['TKB_BinhAn'/2509659, l='ClientLevel', x=7.55, y=65.00, z=-13.26] does not have attribute null
[22:57:03] [Render thread/WARN]: Entity class_745['man3p3ar'/2496426, l='ClientLevel', x=-0.15, y=65.00, z=-7.90] does not have attribute null
[22:57:03] [Render thread/WARN]: Entity class_745['.Livay2132'/2500924, l='ClientLevel', x=-13.44, y=65.00, z=-4.37] does not have attribute null
[22:57:03] [Render thread/WARN]: Entity class_745['Seyhafu'/2374083, l='ClientLevel', x=-2.52, y=66.02, z=-13.29] does not have attribute null
[22:57:03] [Render thread/WARN]: Entity class_745['ChangKhoYeuEm'/2421545, l='ClientLevel', x=0.55, y=65.00, z=-6.49] does not have attribute null
[22:57:03] [Render thread/WARN]: Entity class_745['XzermarketMC'/2082027, l='ClientLevel', x=28.32, y=65.00, z=-23.27] does not have attribute null
[22:57:03] [Render thread/WARN]: Entity class_745['ITZ_FARHAN'/2507955, l='ClientLevel', x=-1.69, y=65.00, z=-19.22] does not have attribute null
[22:57:03] [Render thread/WARN]: Entity class_745['.Jamewick3414'/2219310, l='ClientLevel', x=-2.66, y=65.00, z=-16.32] does not have attribute null
[22:57:03] [Render thread/WARN]: Entity class_745['Sunset_Lov3r'/2413984, l='ClientLevel', x=-29.70, y=67.00, z=-6.30] does not have attribute null
[22:57:04] [Render thread/INFO]: [System] [CHAT] xautraihijhij: :)
[22:57:04] [Render thread/WARN]: Entity class_745['BxngTo'/2001190, l='ClientLevel', x=0.55, y=65.00, z=-6.49] does not have attribute null
[22:57:04] [Worker-Main-11/ERROR]: Textures payload has been tampered with (signature invalid)
[22:57:04] [Render thread/INFO]: [System] [CHAT] Adr1ano has made the advancement [The End?]
[22:57:04] [Render thread/INFO]: [System] [CHAT] Kit 1 loaded!
[22:57:04] [Render thread/WARN]: Entity class_745['notimunda'/2476048, l='ClientLevel', x=0.55, y=65.00, z=-6.49] does not have attribute null
[22:57:04] [Render thread/INFO]: [System] [CHAT] .GauzyChain3911 has made the advancement [Stone Age]
[22:57:04] [Render thread/WARN]: Entity class_745['nhiklopi'/2435683, l='ClientLevel', x=0.55, y=65.00, z=-6.49] does not have attribute null
[22:57:05] [Render thread/WARN]: Ignoring player info update for unknown player 00000000-0000-0000-0009-01f90fae1cae
[22:57:05] [Render thread/WARN]: Entity class_745['.Mr_In8182'/2511190, l='ClientLevel', x=0.55, y=65.00, z=-6.49] does not have attribute null
[22:57:05] [Render thread/WARN]: Entity class_745['.Mr_In8182'/2511190, l='ClientLevel', x=0.55, y=65.00, z=-6.49] does not have attribute null
[22:57:05] [Render thread/WARN]: Entity class_745['notimunda'/2476048, l='ClientLevel', x=0.55, y=65.00, z=-6.49] does not have attribute null
[22:57:05] [Render thread/WARN]: Entity class_745['huyyyyyyyyy'/2499820, l='ClientLevel', x=0.55, y=65.00, z=-6.49] does not have attribute null
[22:57:06] [Render thread/WARN]: Entity class_745['huyyyyyyyyy'/2499820, l='ClientLevel', x=0.55, y=65.00, z=-6.49] does not have attribute null
[22:57:07] [Render thread/INFO]: [System] [CHAT] Kit 2 loaded!
[22:57:07] [Render thread/INFO]: [System] [CHAT] xautraihijhij: bro
[22:57:07] [Render thread/WARN]: Entity class_745['Linzx911'/2433132, l='ClientLevel', x=0.55, y=65.00, z=-6.49] does not have attribute null
[22:57:07] [Render thread/INFO]: [System] [CHAT] You have to wait 0sec. before you can use another command.
[22:57:08] [Render thread/INFO]: [System] [CHAT] Adr1ano has reached the goal [Postmortal]
[22:57:08] [Render thread/WARN]: Entity class_745['.GauzyChain3911'/2483597, l='ClientLevel', x=0.55, y=65.00, z=-6.49] does not have attribute null
[22:57:08] [Render thread/WARN]: Entity class_745['Azythera'/2413309, l='ClientLevel', x=0.55, y=65.00, z=-6.49] does not have attribute null
[22:57:08] [Render thread/WARN]: Entity class_745['TurtleMaster101'/2353465, l='ClientLevel', x=0.55, y=65.00, z=-6.49] does not have attribute null
[22:57:08] [Render thread/WARN]: Entity class_745['Exclusv'/2252418, l='ClientLevel', x=0.55, y=65.00, z=-6.49] does not have attribute null
[22:57:09] [Render thread/WARN]: Entity class_745['Adr1ano'/2509655, l='ClientLevel', x=0.55, y=65.00, z=-6.49] does not have attribute null
[22:57:10] [Render thread/INFO]: [System] [CHAT] Unknown command. Type "/help" for help.
[22:57:10] [Render thread/INFO]: [System] [CHAT] UserNew_ has reached the goal [Postmortal]
[22:57:12] [Render thread/WARN]: Entity class_745['huyyyyyyyyy'/2499820, l='ClientLevel', x=2.38, y=65.00, z=-14.25] does not have attribute null
[22:57:12] [Render thread/INFO]: Stopping worker threads
[22:57:12] [Render thread/INFO]: Started 1 worker threads
[22:57:12] [Render thread/INFO]: Stopping worker threads
[22:57:12] [Render thread/INFO]: Started 1 worker threads
[22:57:12] [Render thread/WARN]: Entity class_746['khanhnotbruh'/2395064, l='ClientLevel', x=-797.92, y=-0.30, z=-39.96] does not have attribute null
[22:57:12] [Render thread/WARN]: Entity class_745['vinhminebk'/2394303, l='ClientLevel', x=-798.30, y=-2.00, z=-38.30] does not have attribute null
[22:57:12] [Render thread/WARN]: Entity class_745['vinhminebk'/2394303, l='ClientLevel', x=-798.30, y=-2.00, z=-38.30] does not have attribute null
[22:57:13] [Render thread/INFO]: [System] [CHAT] kemdauxinhgai: sao
[22:57:13] [Render thread/INFO]: [System] [CHAT] Pwight_ has made the advancement [Stone Age]
[22:57:14] [Render thread/INFO]: [System] [CHAT] K3rbz has reached the goal [Postmortal]
[22:57:15] [Render thread/INFO]: [System] [CHAT] .Onion6678: JT_sabito_7 tp mk
[22:57:16] [Render thread/WARN]: Entity class_745['vinhminebk'/2394303, l='ClientLevel', x=-798.58, y=-2.00, z=-38.36] does not have attribute null
[22:57:17] [Render thread/WARN]: Ignoring player info update for unknown player 09bd39cb-4b2a-4d7d-a45b-178ce3d64c37
[22:57:17] [Render thread/INFO]: [System] [CHAT] man3p3ar has made the advancement [Who Needs Rockets?]
[22:57:18] [Render thread/WARN]: Entity class_746['khanhnotbruh'/2395064, l='ClientLevel', x=-797.32, y=-0.29, z=-43.70] does not have attribute null
[22:57:18] [Render thread/INFO]: [System] [CHAT] xautraihijhij: -1 roi
[22:57:18] [Render thread/WARN]: Entity class_746['khanhnotbruh'/2395064, l='ClientLevel', x=-797.79, y=-0.39, z=-43.07] does not have attribute null
[22:57:18] [Render thread/INFO]: [System] [CHAT] K3rbz has made the advancement [Not Quite "Nine" Lives]
[22:57:18] [Render thread/INFO]: [System] [CHAT] kemdauxinhgai: tpa xg
[22:57:19] [Render thread/WARN]: Entity class_745['vinhminebk'/2394303, l='ClientLevel', x=-799.67, y=-0.29, z=-41.23] does not have attribute null
[22:57:19] [Render thread/WARN]: Entity class_746['khanhnotbruh'/2395064, l='ClientLevel', x=-797.22, y=0.09, z=-42.91] does not have attribute null
[22:57:19] [Render thread/WARN]: Ignoring player info update for unknown player e99662d4-be3e-3a55-8b06-00b040dcae14
[22:57:21] [Render thread/INFO]: [System] [CHAT] Exclusv has made the advancement [The End?]
[22:57:21] [Render thread/INFO]: [System] [CHAT] SkyElder: ggs
[22:57:22] [Render thread/INFO]: [System] [CHAT] 
[22:57:22] [Render thread/INFO]: [System] [CHAT]  Seafox_X_Ocean ᴡᴀs ᴋɪᴄᴋᴇᴅ ʙʏ  
[22:57:23] [Render thread/INFO]: [System] [CHAT] .Viisxal6897: vai janu bedrock dak auto ah ng mix vinh
[22:57:23] [Render thread/INFO]: [System] [CHAT] K3rbz has made the advancement [Stone Age]
[22:57:24] [Render thread/WARN]: Entity class_745['vinhminebk'/2394303, l='ClientLevel', x=-793.87, y=-1.48, z=-44.28] does not have attribute null
[22:57:24] [Render thread/WARN]: Entity class_746['khanhnotbruh'/2395064, l='ClientLevel', x=-792.71, y=-22.00, z=-47.70] does not have attribute null
[22:57:25] [Render thread/WARN]: Ignoring player info update for unknown player 56019dc1-092d-495f-932a-cc9b681b62e3
[22:57:25] [Render thread/WARN]: Ignoring player info update for unknown player 0241edef-2860-4c62-977b-eebaa4fb7ec8
[22:57:25] [Render thread/INFO]: [System] [CHAT] lilpotato4 has made the advancement [The End?]
[22:57:26] [Render thread/WARN]: Entity class_746['khanhnotbruh'/2395064, l='ClientLevel', x=-792.79, y=4.00, z=-47.30] does not have attribute null
[22:57:26] [Render thread/INFO]: [System] [CHAT] xautraihijhij: m quen t chs 1.16.5 a ;)
[22:57:27] [Render thread/INFO]: [System] [CHAT] 
[22:57:27] [Render thread/INFO]: [System] [CHAT]  huyyyyyyyyy ᴡᴀs ᴋɪᴄᴋᴇᴅ ʙʏ  
[22:57:28] [Render thread/INFO]: [System] [CHAT] thanhlammc has reached the goal [Postmortal]
[22:57:29] [Render thread/WARN]: Entity class_746['khanhnotbruh'/2395064, l='ClientLevel', x=-792.77, y=-7.00, z=-47.52] does not have attribute null
[22:57:30] [Render thread/WARN]: Ignoring player info update for unknown player 1a38b14e-0e25-48f9-ba90-da0ada078309
[22:57:32] [Render thread/WARN]: Ignoring player info update for unknown player 00000000-0000-0000-0009-01fc836af3fc
[22:57:33] [Render thread/WARN]: Entity class_745['vinhminebk'/2394303, l='ClientLevel', x=-787.28, y=-31.00, z=-47.36] does not have attribute null
[22:57:34] [Render thread/INFO]: [System] [CHAT] .Livay2132 has reached the goal [Postmortal]
[22:57:34] [Render thread/WARN]: Entity class_745['vinhminebk'/2394303, l='ClientLevel', x=-787.95, y=-31.94, z=-46.37] does not have attribute null
[22:57:34] [Render thread/INFO]: [System] [CHAT] Zeus_VN: :)))
[22:57:34] [Render thread/INFO]: [System] [CHAT] Seafox_X_Ocean has made the advancement [The End?]
[22:57:36] [Render thread/WARN]: Entity class_745['vinhminebk'/2394303, l='ClientLevel', x=-788.68, y=-31.95, z=-45.31] does not have attribute null
[22:57:36] [Render thread/INFO]: [System] [CHAT] +1 Points
[22:57:36] [Render thread/WARN]: Entity class_746['khanhnotbruh'/2395064, l='ClientLevel', x=-786.81, y=-31.86, z=-48.11] does not have attribute null
[22:57:36] [Render thread/WARN]: Entity class_745['vinhminebk'/2394303, l='ClientLevel', x=-788.13, y=-31.95, z=-45.24] does not have attribute null
[22:57:37] [Render thread/INFO]: [System] [CHAT] lilpotato4 has reached the goal [Postmortal]
[22:57:37] [Render thread/INFO]: [System] [CHAT] Gxrio: im so out of gear bro-_-
[22:57:37] [Render thread/INFO]: [System] [CHAT] .Yuta3614: mos ot lg ancher te
[22:57:38] [Render thread/INFO]: [System] [CHAT] Kit 1 loaded!
[22:57:38] [Render thread/WARN]: Entity class_746['khanhnotbruh'/2395064, l='ClientLevel', x=-785.07, y=-33.00, z=-49.98] does not have attribute null
[22:57:40] [Render thread/INFO]: [System] [CHAT] thanhlammc has made the advancement [Stone Age]
[22:57:40] [Render thread/WARN]: Ignoring player info update for unknown player 1a38b14e-0e25-48f9-ba90-da0ada078309
[22:57:41] [Render thread/WARN]: Entity class_746['khanhnotbruh'/2395064, l='ClientLevel', x=-785.73, y=-33.00, z=-47.96] does not have attribute null
[22:57:41] [Render thread/INFO]: [System] [CHAT] ItzzNhaa__ has reached the goal [Sky's the Limit]
[22:57:41] [Render thread/INFO]: [System] [CHAT] Gxrio: hold on
[22:57:42] [Render thread/WARN]: Entity class_745['vinhminebk'/2394303, l='ClientLevel', x=-788.21, y=-31.86, z=-45.19] does not have attribute null
[22:57:42] [Render thread/WARN]: Entity class_746['khanhnotbruh'/2395064, l='ClientLevel', x=-785.80, y=-32.58, z=-48.05] does not have attribute null
[22:57:43] [Render thread/INFO]: [System] [CHAT] Zeus_VN: danger trash
[22:57:44] [Render thread/INFO]: [System] [CHAT] JTM_MIKILA: ok
[22:57:44] [Render thread/WARN]: Ignoring player info update for unknown player 313b0886-fa60-36a8-811d-fd023850f9d3
[22:57:45] [Render thread/INFO]: [System] [CHAT] name_071 has made the advancement [Stone Age]
[22:57:45] [Render thread/INFO]: [System] [CHAT] kemdauxinhgai: l
[22:57:46] [Render thread/WARN]: Entity class_746['khanhnotbruh'/2395064, l='ClientLevel', x=-784.97, y=-34.06, z=-47.26] does not have attribute null
[22:57:47] [Render thread/INFO]: [System] [CHAT] Long8005: rtpq
[22:57:47] [Render thread/INFO]: [System] [CHAT] Coldzeyy__: do /k1-_-
[22:57:48] [Render thread/INFO]: [System] [CHAT] ITZ_FARHAN has reached the goal [Sky's the Limit]
[22:57:48] [Render thread/WARN]: Ignoring player info update for unknown player a96b24fe-074c-3a1c-98ed-a70e865a20d3
[22:57:49] [Render thread/INFO]: [System] [CHAT] .Yuta3614: jam tp mk
[22:57:50] [Render thread/WARN]: Ignoring player info update for unknown player d6377ccf-b084-3680-83a1-e5cc5e24edd0
[22:57:51] [Render thread/WARN]: Entity class_745['vinhminebk'/2394303, l='ClientLevel', x=-788.04, y=-34.00, z=-45.36] does not have attribute null
[22:57:52] [Render thread/INFO]: [System] [CHAT] lilpotato4 has made the advancement [Not Quite "Nine" Lives]
[22:57:52] [Render thread/WARN]: Entity class_745['vinhminebk'/2394303, l='ClientLevel', x=-787.59, y=-33.16, z=-45.68] does not have attribute null
[22:57:53] [Render thread/WARN]: Entity class_745['vinhminebk'/2394303, l='ClientLevel', x=-787.80, y=-33.44, z=-45.17] does not have attribute null
[22:57:55] [Render thread/WARN]: Entity class_746['khanhnotbruh'/2395064, l='ClientLevel', x=-784.33, y=-35.00, z=-44.86] does not have attribute null
[22:57:56] [Render thread/INFO]: [System] [CHAT] EnvyHocux has made the advancement [Stone Age]
[22:57:56] [Render thread/INFO]: [System] [CHAT] User123name has made the advancement [Stone Age]
[22:57:56] [Render thread/WARN]: Entity class_745['vinhminebk'/2394303, l='ClientLevel', x=-786.97, y=-35.78, z=-48.11] does not have attribute null
[22:57:57] [Render thread/INFO]: [System] [CHAT] huyyyyyyyyy has made the advancement [The End?]
[22:57:57] [Render thread/INFO]: [System] [CHAT] PTADetagon has made the advancement [The End?]
[22:57:58] [Render thread/WARN]: Entity class_746['khanhnotbruh'/2395064, l='ClientLevel', x=-787.00, y=-35.85, z=-43.30] does not have attribute null
[22:57:59] [Render thread/WARN]: Entity class_746['khanhnotbruh'/2395064, l='ClientLevel', x=-788.39, y=-35.31, z=-42.01] does not have attribute null
[22:57:59] [Render thread/INFO]: [System] [CHAT] BaByRexPvP has made the advancement [Not Quite "Nine" Lives]
[22:58:00] [Render thread/WARN]: Ignoring player info update for unknown player 129b60d7-68ec-3735-ad2c-bff382d3d70c
[22:58:00] [Render thread/WARN]: Entity class_746['khanhnotbruh'/2395064, l='ClientLevel', x=-787.70, y=-36.58, z=-42.30] does not have attribute null
[22:58:01] [Render thread/INFO]: [System] [CHAT] .Livay2132 has made the advancement [Stone Age]
[22:58:02] [Render thread/WARN]: Entity class_745['vinhminebk'/2394303, l='ClientLevel', x=-786.22, y=-36.02, z=-44.68] does not have attribute null
[22:58:02] [Render thread/WARN]: Entity class_746['khanhnotbruh'/2395064, l='ClientLevel', x=-788.07, y=-37.00, z=-43.99] does not have attribute null
[22:58:03] [Render thread/INFO]: [System] [CHAT] .GauzyChain3911: @kingFoxSTA tp mk
[22:58:04] [Render thread/INFO]: [System] [CHAT] kemdauxinhgai: th
[22:58:05] [Render thread/INFO]: [System] [CHAT] Zeus_VN: run ?
[22:58:06] [Render thread/INFO]: [System] [CHAT] .KingFoxSTA: tt hx
[22:58:06] [Render thread/INFO]: [System] [CHAT] huyyyyyyyyy has reached the goal [Postmortal]
[22:58:06] [Render thread/WARN]: Entity class_745['vinhminebk'/2394303, l='ClientLevel', x=-786.31, y=-37.00, z=-45.61] does not have attribute null
[22:58:06] [Render thread/WARN]: Entity class_746['khanhnotbruh'/2395064, l='ClientLevel', x=-785.32, y=-37.00, z=-47.16] does not have attribute null
[22:58:07] [Render thread/WARN]: Entity class_745['vinhminebk'/2394303, l='ClientLevel', x=-787.23, y=-36.01, z=-43.24] does not have attribute null
[22:58:07] [Render thread/INFO]: [System] [CHAT] kemdauxinhgai: t ngu day
[22:58:08] [Render thread/INFO]: [System] [CHAT] Bisherfr: gg
[22:58:09] [Render thread/WARN]: Entity class_746['khanhnotbruh'/2395064, l='ClientLevel', x=-785.36, y=-39.05, z=-46.80] does not have attribute null
[22:58:10] [Render thread/WARN]: Entity class_745['vinhminebk'/2394303, l='ClientLevel', x=-787.93, y=-39.00, z=-45.58] does not have attribute null
[22:58:11] [Render thread/WARN]: Entity class_745['vinhminebk'/2394303, l='ClientLevel', x=-789.62, y=-40.54, z=-46.13] does not have attribute null
[22:58:12] [Render thread/WARN]: Ignoring player info update for unknown player e35a1c50-b016-34cb-9802-91918f6f5b1a
[22:58:12] [Render thread/WARN]: Entity class_745['vinhminebk'/2394303, l='ClientLevel', x=-785.30, y=-42.00, z=-47.70] does not have attribute null
[22:58:12] [Render thread/WARN]: Entity class_746['khanhnotbruh'/2395064, l='ClientLevel', x=-786.62, y=-42.00, z=-46.88] does not have attribute null
[22:58:14] [Render thread/INFO]: [System] [CHAT] kemdauxinhgai: bye nhe
[22:58:14] [Render thread/INFO]: [System] [CHAT] Seafox_X_Ocean has reached the goal [Postmortal]
[22:58:14] [Render thread/WARN]: Entity class_746['khanhnotbruh'/2395064, l='ClientLevel', x=-787.70, y=-43.00, z=-45.91] does not have attribute null
[22:58:15] [Render thread/INFO]: [System] [CHAT] Bisherfr: by
[22:58:15] [Render thread/INFO]: [System] [CHAT] xautraihijhij: ff 2 ngay sau gap lai
[22:58:16] [Render thread/INFO]: [System] [CHAT] JTM_MIKILA: bot
[22:58:17] [Render thread/WARN]: Entity class_745['vinhminebk'/2394303, l='ClientLevel', x=-786.91, y=-45.00, z=-47.53] does not have attribute null
[22:58:18] [Render thread/INFO]: [System] [CHAT] sang1209 has made the advancement [Stone Age]
[22:58:18] [Render thread/INFO]: [System] [CHAT] xautraihijhij: pp
[22:58:18] [Render thread/INFO]: [System] [CHAT] (⚔) _TAKINO_ killed .Mengchou1204.
[22:58:19] [Render thread/WARN]: Entity class_746['khanhnotbruh'/2395064, l='ClientLevel', x=-788.51, y=-45.84, z=-44.05] does not have attribute null
[22:58:19] [Render thread/WARN]: Ignoring player info update for unknown player ce48c2bf-8af1-31af-a495-fec63dea20dc
[22:58:19] [Render thread/WARN]: Entity class_745['vinhminebk'/2394303, l='ClientLevel', x=-786.35, y=-46.99, z=-48.69] does not have attribute null
[22:58:20] [Render thread/INFO]: [System] [CHAT] kemdauxinhgai: ok
[22:58:20] [Render thread/INFO]: [System] [CHAT] NotHerAgain_: fi
[22:58:21] [Render thread/WARN]: Entity class_746['khanhnotbruh'/2395064, l='ClientLevel', x=-788.57, y=-46.99, z=-42.30] does not have attribute null
[22:58:22] [Render thread/WARN]: Entity class_746['khanhnotbruh'/2395064, l='ClientLevel', x=-789.05, y=-47.16, z=-48.98] does not have attribute null
[22:58:23] [Render thread/WARN]: Entity class_745['vinhminebk'/2394303, l='ClientLevel', x=-789.68, y=-48.00, z=-46.67] does not have attribute null
[22:58:23] [Render thread/WARN]: Entity class_746['khanhnotbruh'/2395064, l='ClientLevel', x=-790.20, y=-46.57, z=-50.10] does not have attribute null
[22:58:23] [Render thread/INFO]: [System] [CHAT] -1 Points
[22:58:23] [Render thread/INFO]: [System] [CHAT] +1 Death
[22:58:25] [Render thread/INFO]: Stopping worker threads
[22:58:25] [Render thread/INFO]: Started 1 worker threads
[22:58:25] [Render thread/INFO]: Stopping worker threads
[22:58:25] [Render thread/INFO]: Started 1 worker threads
[22:58:25] [Render thread/WARN]: Entity class_746['khanhnotbruh'/2395064, l='ClientLevel', x=0.55, y=65.00, z=-6.49] does not have attribute null
[22:58:26] [Render thread/WARN]: Entity class_745['UserNew_'/2501062, l='ClientLevel', x=0.68, y=65.00, z=-8.95] does not have attribute null
[22:58:26] [Render thread/WARN]: Entity class_745['DeathFalls'/2497776, l='ClientLevel', x=0.55, y=65.00, z=-6.49] does not have attribute null
[22:58:26] [Render thread/WARN]: Entity class_745['YunNoVa_chan'/2430650, l='ClientLevel', x=7.55, y=65.00, z=-10.53] does not have attribute null
[22:58:26] [Render thread/WARN]: Entity class_745['.Mengchou1204'/2420515, l='ClientLevel', x=2.29, y=65.00, z=-3.77] does not have attribute null
[22:58:26] [Render thread/WARN]: Entity class_745['sang1209'/2489956, l='ClientLevel', x=0.55, y=65.00, z=-6.49] does not have attribute null
[22:58:26] [Render thread/WARN]: Entity class_745['PRIME_HARSH'/2467512, l='ClientLevel', x=0.55, y=65.00, z=-6.49] does not have attribute null
[22:58:26] [Render thread/WARN]: Entity class_745['khang2kkk'/2034321, l='ClientLevel', x=0.55, y=65.00, z=-6.49] does not have attribute null
[22:58:26] [Render thread/WARN]: Entity class_745['notimunda'/2476048, l='ClientLevel', x=0.55, y=65.00, z=-6.49] does not have attribute null
[22:58:26] [Render thread/WARN]: Entity class_745['Spidy_plays'/2518734, l='ClientLevel', x=13.32, y=66.18, z=-9.03] does not have attribute null
[22:58:26] [Render thread/WARN]: Entity class_745['.ah_ming_1260'/2513961, l='ClientLevel', x=0.90, y=65.00, z=-15.55] does not have attribute null
[22:58:26] [Render thread/WARN]: Entity class_745['Zarmloww'/2372241, l='ClientLevel', x=2.63, y=65.00, z=-14.78] does not have attribute null
[22:58:26] [Render thread/WARN]: Entity class_745['snowloveyouu'/2515904, l='ClientLevel', x=0.55, y=65.00, z=-6.49] does not have attribute null
[22:58:26] [Render thread/WARN]: Entity class_745['lilpotato4'/2510577, l='ClientLevel', x=0.61, y=66.17, z=-7.64] does not have attribute null
[22:58:26] [Render thread/WARN]: Entity class_745['slimeyhaqaan67'/2393509, l='ClientLevel', x=0.55, y=65.00, z=-6.49] does not have attribute null
[22:58:26] [Render thread/WARN]: Entity class_745['nischc'/2405181, l='ClientLevel', x=-3.99, y=65.00, z=-12.71] does not have attribute null
[22:58:26] [Render thread/WARN]: Entity class_745['pagal_da_putar'/2480474, l='ClientLevel', x=4.06, y=65.00, z=-17.57] does not have attribute null
[22:58:26] [Render thread/WARN]: Entity class_745['XzermarketMC'/2082027, l='ClientLevel', x=28.32, y=65.00, z=-23.27] does not have attribute null
[22:58:26] [Render thread/WARN]: Entity class_745['.GauzyChain3911'/2483597, l='ClientLevel', x=-6.39, y=65.06, z=-17.40] does not have attribute null
[22:58:26] [Render thread/WARN]: Entity class_745['Sunset_Lov3r'/2413984, l='ClientLevel', x=-29.70, y=67.00, z=-6.30] does not have attribute null
[22:58:26] [Worker-Main-12/ERROR]: Textures payload has been tampered with (signature invalid)
[22:58:26] [Render thread/WARN]: Entity class_745['Linzx911'/2433132, l='ClientLevel', x=0.55, y=65.00, z=-6.49] does not have attribute null
[22:58:26] [Render thread/INFO]: [System] [CHAT] 
[22:58:26] [Render thread/INFO]: [System] [CHAT]  Seafox_X_Ocean ᴡᴀs ᴋɪᴄᴋᴇᴅ ʙʏ  
[22:58:26] [Render thread/WARN]: Entity class_745['PTADetagon'/2464741, l='ClientLevel', x=0.55, y=65.00, z=-6.49] does not have attribute null
[22:58:26] [Render thread/WARN]: Entity class_745['anhbabunbo'/2397966, l='ClientLevel', x=0.55, y=65.00, z=-6.49] does not have attribute null
[22:58:27] [Render thread/WARN]: Ignoring player info update for unknown player bceccad5-a6e4-4a85-92ea-b5bc1a2707c8
[22:58:27] [Render thread/WARN]: Entity class_745['Ccapybara777'/2519658, l='ClientLevel', x=0.55, y=65.00, z=-6.49] does not have attribute null
[22:58:27] [Render thread/WARN]: Entity class_745['Ccapybara777'/2519658, l='ClientLevel', x=0.55, y=65.00, z=-6.49] does not have attribute null
[22:58:27] [Render thread/WARN]: Entity class_745['PRIME_HARSH'/2467512, l='ClientLevel', x=0.55, y=65.00, z=-6.49] does not have attribute null
[22:58:27] [Render thread/WARN]: Entity class_745['Spidy_plays'/2518734, l='ClientLevel', x=17.82, y=65.80, z=-9.72] does not have attribute null
[22:58:27] [Render thread/INFO]: [System] [CHAT] Spidy_plays has made the advancement [The End?]
[22:58:28] [Render thread/INFO]: [System] [CHAT] Kit 2 loaded!
[22:58:29] [Render thread/WARN]: Ignoring player info update for unknown player 56019dc1-092d-495f-932a-cc9b681b62e3
[22:58:29] [Render thread/WARN]: Entity class_745['Seafox_X_Ocean'/2519780, l='ClientLevel', x=0.55, y=65.00, z=-6.49] does not have attribute null
[22:58:29] [Render thread/WARN]: Entity class_745['huyyyyyyyyy'/2515759, l='ClientLevel', x=0.55, y=65.00, z=-6.49] does not have attribute null
[22:58:29] [Render thread/WARN]: Entity class_745['Seafox_X_Ocean'/2519780, l='ClientLevel', x=0.55, y=65.00, z=-6.49] does not have attribute null
[22:58:29] [Render thread/WARN]: Ignoring player info update for unknown player fde4a808-73c7-312f-b1b5-e406ffbd392f
[22:58:29] [Render thread/WARN]: Entity class_745['PEAKYY'/2519692, l='ClientLevel', x=0.55, y=65.00, z=-6.49] does not have attribute null
[22:58:29] [Render thread/WARN]: Entity class_745['PEAKYY'/2519692, l='ClientLevel', x=0.55, y=65.00, z=-6.49] does not have attribute null
[22:58:29] [Render thread/INFO]: Stopping worker threads
[22:58:29] [Render thread/INFO]: Started 1 worker threads
[22:58:29] [Render thread/INFO]: Stopping worker threads
[22:58:29] [Render thread/INFO]: Started 1 worker threads
[22:58:29] [Render thread/WARN]: Entity class_746['khanhnotbruh'/2395064, l='ClientLevel', x=-790.31, y=-46.55, z=-50.42] does not have attribute null
[22:58:30] [Render thread/WARN]: Entity class_745['vinhminebk'/2394303, l='ClientLevel', x=-790.93, y=-48.00, z=-46.28] does not have attribute null
[22:58:32] [Render thread/WARN]: Entity class_746['khanhnotbruh'/2395064, l='ClientLevel', x=-790.05, y=-47.00, z=-49.97] does not have attribute null
[22:58:32] [Render thread/WARN]: Entity class_746['khanhnotbruh'/2395064, l='ClientLevel', x=-790.19, y=-46.82, z=-50.34] does not have attribute null
[22:58:34] [Render thread/INFO]: [System] [CHAT] Zeus_VN: thg lol cw ngu
[22:58:34] [Render thread/WARN]: Entity class_745['vinhminebk'/2394303, l='ClientLevel', x=-790.76, y=-47.68, z=-47.27] does not have attribute null
[22:58:35] [Render thread/WARN]: Entity class_746['khanhnotbruh'/2395064, l='ClientLevel', x=-791.53, y=-47.00, z=-51.95] does not have attribute null
[22:58:35] [Render thread/WARN]: Ignoring player info update for unknown player 22aed92d-96ce-4d7a-8826-4e726f03e142
[22:58:36] [Render thread/WARN]: Ignoring player info update for unknown player d337e28a-73a9-3b1d-90b9-1e914fa270ae
[22:58:36] [Render thread/INFO]: [System] [CHAT] Spidy_plays has reached the goal [Postmortal]
[22:58:37] [Render thread/INFO]: [System] [CHAT] Seafox_X_Ocean has made the advancement [The End?]
[22:58:37] [Render thread/INFO]: [System] [CHAT] Ccapybara777 has made the advancement [The End?]
[22:58:38] [Render thread/INFO]: [System] [CHAT] Zeus_VN: bi band ha m,
[22:58:40] [Render thread/WARN]: Entity class_746['khanhnotbruh'/2395064, l='ClientLevel', x=-792.93, y=-48.06, z=-53.74] does not have attribute null
[22:58:40] [Render thread/INFO]: [System] [CHAT] xautraihijhij: turl solo tiep k
[22:58:41] [Render thread/INFO]: [System] [CHAT] Seafox_X_Ocean has reached the goal [Postmortal]
[22:58:43] [Render thread/WARN]: Entity class_745['vinhminebk'/2394303, l='ClientLevel', x=-789.82, y=-49.00, z=-52.38] does not have attribute null
[22:58:43] [Render thread/WARN]: Ignoring player info update for unknown player 5ea5fd2f-86c2-3ac2-8219-45418418b8cd
[22:58:44] [Render thread/WARN]: Entity class_745['vinhminebk'/2394303, l='ClientLevel', x=-791.44, y=-50.18, z=-53.71] does not have attribute null
[22:58:44] [Render thread/WARN]: Entity class_746['khanhnotbruh'/2395064, l='ClientLevel', x=-794.26, y=-50.97, z=-53.08] does not have attribute null
[22:58:45] [Render thread/WARN]: Entity class_745['vinhminebk'/2394303, l='ClientLevel', x=-791.30, y=-52.00, z=-53.20] does not have attribute null
[22:58:45] [Render thread/WARN]: Entity class_746['khanhnotbruh'/2395064, l='ClientLevel', x=-793.30, y=-52.00, z=-54.00] does not have attribute null
[22:58:46] [Render thread/INFO]: [System] [CHAT] .GauzyChain3911: tp mk
[22:58:46] [Render thread/INFO]: [System] [CHAT] PEAKYY has reached the goal [Postmortal]
[22:58:47] [Render thread/INFO]: [System] [CHAT] 82_PB has made the advancement [Ol' Betsy]
[22:58:47] [Render thread/WARN]: Entity class_745['vinhminebk'/2394303, l='ClientLevel', x=-790.46, y=-53.81, z=-53.32] does not have attribute null
[22:58:48] [Render thread/WARN]: Entity class_746['khanhnotbruh'/2395064, l='ClientLevel', x=-795.03, y=-54.99, z=-53.05] does not have attribute null
[22:58:48] [Render thread/WARN]: Ignoring player info update for unknown player 3549f06c-c313-3c79-bb80-7220e90479ec
[22:58:48] [Render thread/INFO]: [System] [CHAT] EnvyHocux: lol 1v3
[22:58:49] [Render thread/INFO]: [System] [CHAT] Spidy_plays: lol
[22:58:49] [Render thread/WARN]: Entity class_746['khanhnotbruh'/2395064, l='ClientLevel', x=-795.09, y=-55.00, z=-52.64] does not have attribute null
[22:58:49] [Render thread/INFO]: [System] [CHAT] 82_PB has made the advancement [Take Aim]
[22:58:50] [Render thread/WARN]: Entity class_745['vinhminebk'/2394303, l='ClientLevel', x=-790.32, y=-56.48, z=-52.91] does not have attribute null
[22:58:52] [Render thread/WARN]: Entity class_745['vinhminebk'/2394303, l='ClientLevel', x=-793.16, y=-57.60, z=-51.34] does not have attribute null
[22:58:52] [Render thread/INFO]: [System] [CHAT] NALUGgg has made the advancement [The End?]
[22:58:53] [Render thread/WARN]: Ignoring player info update for unknown player 313b0886-fa60-36a8-811d-fd023850f9d3
[22:58:54] [Render thread/WARN]: Entity class_746['khanhnotbruh'/2395064, l='ClientLevel', x=-795.43, y=-57.00, z=-53.46] does not have attribute null
[22:58:55] [Render thread/WARN]: Ignoring player info update for unknown player 8c468d16-e4d1-3389-a15b-dbcff6382fc6
[22:58:55] [Render thread/INFO]: [System] [CHAT] Ccapybara777 has reached the goal [Postmortal]
[22:58:56] [Render thread/WARN]: Entity class_745['vinhminebk'/2394303, l='ClientLevel', x=-794.46, y=-58.00, z=-51.30] does not have attribute null
[22:58:57] [Render thread/INFO]: [System] [CHAT] .Jamewick3414: back
[22:58:58] [Render thread/WARN]: Entity class_746['khanhnotbruh'/2395064, l='ClientLevel', x=-795.78, y=-56.00, z=-52.52] does not have attribute null
[22:58:58] [Render thread/WARN]: Ignoring player info update for unknown player ac34e368-547f-3d20-8f15-c2335efdc984
[22:58:59] [Render thread/WARN]: Entity class_745['vinhminebk'/2394303, l='ClientLevel', x=-795.29, y=-59.00, z=-50.88] does not have attribute null
[22:59:00] [Render thread/INFO]: [System] [CHAT] .Mengchou1204 has made the advancement [Who Needs Rockets?]
[22:59:00] [Render thread/WARN]: Entity class_746['khanhnotbruh'/2395064, l='ClientLevel', x=-795.78, y=-56.00, z=-52.52] does not have attribute null
[22:59:01] [Render thread/WARN]: Entity class_745['vinhminebk'/2394303, l='ClientLevel', x=-795.29, y=-59.00, z=-51.00] does not have attribute null
[22:59:01] [Render thread/WARN]: Entity class_746['khanhnotbruh'/2395064, l='ClientLevel', x=-795.36, y=-58.11, z=-53.45] does not have attribute null
[22:59:02] [Render thread/INFO]: [System] [CHAT] lilpotato4 has made the advancement [Monster Hunter]
[22:59:03] [Render thread/INFO]: [System] [CHAT] 82_PB has reached the goal [Postmortal]
[22:59:03] [Render thread/WARN]: Entity class_745['vinhminebk'/2394303, l='ClientLevel', x=-795.48, y=-59.00, z=-51.03] does not have attribute null
[22:59:04] [Render thread/WARN]: Entity class_746['khanhnotbruh'/2395064, l='ClientLevel', x=-794.34, y=-59.00, z=-54.16] does not have attribute null
[22:59:05] [Render thread/INFO]: [System] [CHAT] simi21323 has made the advancement [Not Quite "Nine" Lives]
[22:59:07] [Render thread/WARN]: Ignoring player info update for unknown player 227f39bc-d8d4-3cd9-b6d1-39b4ac4b1606
[22:59:07] [Render thread/INFO]: [System] [CHAT] pagal_da_putar has made the advancement [Not Quite "Nine" Lives]
[22:59:07] [Render thread/WARN]: Entity class_746['khanhnotbruh'/2395064, l='ClientLevel', x=-793.39, y=-60.94, z=-54.70] does not have attribute null
[22:59:08] [Render thread/WARN]: Ignoring player info update for unknown player 4fb3b47a-68b0-3bd1-b2e9-5065f14506ac
[22:59:08] [Render thread/WARN]: Entity class_745['vinhminebk'/2394303, l='ClientLevel', x=-795.46, y=-61.12, z=-50.61] does not have attribute null
[22:59:08] [Render thread/INFO]: [System] [CHAT] EpicZen has made the advancement [Not Quite "Nine" Lives]
[22:59:09] [Render thread/WARN]: Entity class_746['khanhnotbruh'/2395064, l='ClientLevel', x=-793.88, y=-61.99, z=-54.95] does not have attribute null
[22:59:09] [Render thread/WARN]: Entity class_746['khanhnotbruh'/2395064, l='ClientLevel', x=-793.34, y=-62.00, z=-56.10] does not have attribute null
[22:59:10] [Render thread/WARN]: Entity class_746['khanhnotbruh'/2395064, l='ClientLevel', x=-792.73, y=-62.00, z=-57.57] does not have attribute null
[22:59:11] [Render thread/WARN]: Entity class_745['vinhminebk'/2394303, l='ClientLevel', x=-794.30, y=-63.00, z=-51.18] does not have attribute null
[22:59:12] [Render thread/WARN]: Entity class_745['vinhminebk'/2394303, l='ClientLevel', x=-793.78, y=-63.00, z=-54.42] does not have attribute null
[22:59:12] [Render thread/INFO]: [System] [CHAT] +1 Points
[22:59:12] [Render thread/WARN]: Entity class_746['khanhnotbruh'/2395064, l='ClientLevel', x=-792.90, y=-62.65, z=-56.16] does not have attribute null
[22:59:12] [Render thread/WARN]: Entity class_745['vinhminebk'/2394303, l='ClientLevel', x=-793.24, y=-62.80, z=-54.72] does not have attribute null
[22:59:13] [Render thread/INFO]: [System] [CHAT] (⚔) Tus_Dzg killed 61vFex.
[22:59:14] [Render thread/INFO]: [System] [CHAT] Kit 1 loaded!
[22:59:14] [Render thread/WARN]: Entity class_746['khanhnotbruh'/2395064, l='ClientLevel', x=-791.07, y=-63.00, z=-57.69] does not have attribute null
[22:59:14] [Render thread/INFO]: [System] [CHAT] TKB_BinhAn: e
[22:59:16] [Render thread/INFO]: [System] [CHAT] Ccapybara777 has made the advancement [Monster Hunter]
[22:59:16] [Render thread/WARN]: Entity class_746['khanhnotbruh'/2395064, l='ClientLevel', x=-794.22, y=-61.82, z=-53.81] does not have attribute null
[22:59:19] [Render thread/WARN]: Ignoring player info update for unknown player 88aacda2-6434-3a90-a552-d5759ecae36d
[22:59:21] [Render thread/INFO]: [System] [CHAT] huyyyyyyyyy has made the advancement [Stone Age]
[22:59:22] [Render thread/INFO]: [System] [CHAT] GodVaibhav69 has reached the goal [Postmortal]
[22:59:22] [Render thread/INFO]: [System] [CHAT] Spidy_plays has made the advancement [Stone Age]
[22:59:22] [Render thread/INFO]: [System] [CHAT] Kit 2 loaded!
[22:59:22] [Render thread/WARN]: Entity class_746['khanhnotbruh'/2395064, l='ClientLevel', x=-793.11, y=-63.00, z=-50.33] does not have attribute null
[22:59:25] [Render thread/INFO]: [System] [CHAT] Sent teleport request to vinhminebk.
[22:59:26] [Render thread/INFO]: [System] [CHAT] CPVP » vinhminebk accepted your teleport request!
[22:59:27] [Render thread/WARN]: Entity class_745['vinhminebk'/2394303, l='ClientLevel', x=-638.97, y=61.00, z=-750.75] does not have attribute null
[22:59:27] [Render thread/WARN]: Entity class_746['khanhnotbruh'/2395064, l='ClientLevel', x=-638.48, y=62.00, z=-750.81] does not have attribute null
[22:59:27] [Render thread/INFO]: [System] [CHAT] 
[22:59:27] [Render thread/INFO]: [System] [CHAT]  Seafox_X_Ocean ᴡᴀs ᴋɪᴄᴋᴇᴅ ʙʏ  
[22:59:29] [Render thread/INFO]: [System] [CHAT] Zeus_VN: wtf
[22:59:30] [Render thread/WARN]: Entity class_746['khanhnotbruh'/2395064, l='ClientLevel', x=-637.23, y=60.84, z=-748.47] does not have attribute null
[22:59:30] [Render thread/WARN]: Ignoring player info update for unknown player 56019dc1-092d-495f-932a-cc9b681b62e3
[22:59:30] [Render thread/WARN]: Entity class_746['khanhnotbruh'/2395064, l='ClientLevel', x=-638.34, y=60.95, z=-746.91] does not have attribute null
[22:59:35] [Render thread/INFO]: [System] [CHAT] PEAKYY has made the advancement [Stone Age]
[22:59:35] [Render thread/WARN]: Entity class_746['khanhnotbruh'/2395064, l='ClientLevel', x=-637.92, y=60.00, z=-744.22] does not have attribute null
[22:59:37] [Render thread/WARN]: Entity class_746['khanhnotbruh'/2395064, l='ClientLevel', x=-637.92, y=60.00, z=-744.22] does not have attribute null
[22:59:37] [Render thread/INFO]: [System] [CHAT] 
[22:59:37] [Render thread/INFO]: [System] [CHAT]  Gothangelz ᴡᴀs ᴋɪᴄᴋᴇᴅ ʙʏ  
[22:59:37] [Render thread/WARN]: Ignoring player info update for unknown player 00000000-0000-0000-0009-01f4ab9b2430
[22:59:37] [Render thread/INFO]: [System] [CHAT] vinhminebk has made the advancement [Ol' Betsy]
[22:59:37] [Render thread/INFO]: [System] [CHAT] vinhminebk has made the advancement [Take Aim]
[22:59:38] [Render thread/WARN]: Entity class_746['khanhnotbruh'/2395064, l='ClientLevel', x=-638.33, y=60.00, z=-744.28] does not have attribute null
[22:59:38] [Render thread/INFO]: [System] [CHAT] 
[22:59:38] [Render thread/INFO]: [System] [CHAT]  huyyyyyyyyy ᴡᴀs ᴋɪᴄᴋᴇᴅ ʙʏ  
[22:59:39] [Render thread/INFO]: [System] [CHAT] Seafox_X_Ocean has made the advancement [The End?]
[22:59:41] [Render thread/INFO]: [System] [CHAT] GodVaibhav69: ezz hacker
[22:59:43] [Render thread/WARN]: Entity class_746['khanhnotbruh'/2395064, l='ClientLevel', x=-635.04, y=60.27, z=-746.71] does not have attribute null
[22:59:44] [Render thread/INFO]: [System] [CHAT] Seafox_X_Ocean has reached the goal [Postmortal]
[22:59:45] [Render thread/WARN]: Entity class_745['vinhminebk'/2394303, l='ClientLevel', x=-638.47, y=57.01, z=-747.89] does not have attribute null
[22:59:46] [Render thread/INFO]: [System] [CHAT] ItzzNhaa__ has made the advancement [The City at the End of the Game]
[22:59:46] [Render thread/WARN]: Ignoring player info update for unknown player 58199114-9adf-336b-bc3c-452fd90a197e
[22:59:47] [Render thread/WARN]: Ignoring player info update for unknown player 7232378e-f7da-4bb3-a6ae-6c573da00ef5
[22:59:48] [Render thread/WARN]: Entity class_746['khanhnotbruh'/2395064, l='ClientLevel', x=-634.45, y=60.51, z=-745.04] does not have attribute null
[22:59:48] [Render thread/INFO]: [System] [CHAT] Telesto_ww has made the advancement [Not Quite "Nine" Lives]
[22:59:48] [Render thread/WARN]: Ignoring player info update for unknown player a96b24fe-074c-3a1c-98ed-a70e865a20d3
[22:59:49] [Render thread/INFO]: [System] [CHAT] Linzx911 has made the advancement [The City at the End of the Game]
[22:59:50] [Render thread/WARN]: Entity class_746['khanhnotbruh'/2395064, l='ClientLevel', x=-633.83, y=57.85, z=-744.92] does not have attribute null
[22:59:50] [Render thread/WARN]: Entity class_745['vinhminebk'/2394303, l='ClientLevel', x=-637.69, y=56.07, z=-747.09] does not have attribute null
[22:59:50] [Render thread/INFO]: [System] [CHAT] -1 Points
[22:59:50] [Render thread/INFO]: [System] [CHAT] +1 Death
[22:59:50] [Render thread/WARN]: Entity class_746['khanhnotbruh'/2395064, l='ClientLevel', x=-632.29, y=57.21, z=-744.16] does not have attribute null
[22:59:50] [Render thread/INFO]: [System] [CHAT] Adr1ano has made the advancement [Stone Age]
[22:59:51] [Render thread/INFO]: [System] [CHAT] Telesto_ww has reached the goal [Postmortal]
[22:59:51] [Render thread/INFO]: Stopping worker threads
[22:59:51] [Render thread/INFO]: Started 1 worker threads
[22:59:51] [Render thread/INFO]: Stopping worker threads
[22:59:51] [Render thread/INFO]: Started 1 worker threads
[22:59:51] [Render thread/WARN]: Entity class_746['khanhnotbruh'/2395064, l='ClientLevel', x=0.55, y=65.00, z=-6.49] does not have attribute null
[22:59:51] [Render thread/WARN]: Entity class_745['DeathFalls'/2497776, l='ClientLevel', x=0.55, y=65.00, z=-6.49] does not have attribute null
[22:59:51] [Render thread/WARN]: Entity class_745['notmebro'/2524313, l='ClientLevel', x=2.16, y=65.00, z=-7.34] does not have attribute null
[22:59:51] [Render thread/WARN]: Entity class_745['man3p3ar'/2496426, l='ClientLevel', x=5.23, y=65.00, z=-12.40] does not have attribute null
[22:59:51] [Render thread/WARN]: Entity class_745['.SoleCereal4020'/2526558, l='ClientLevel', x=0.96, y=65.00, z=-8.57] does not have attribute null
[22:59:51] [Render thread/WARN]: Entity class_745['khang2kkk'/2034321, l='ClientLevel', x=0.55, y=65.00, z=-6.49] does not have attribute null
[22:59:51] [Render thread/WARN]: Entity class_745['notimunda'/2476048, l='ClientLevel', x=0.55, y=65.00, z=-6.49] does not have attribute null
[22:59:51] [Render thread/WARN]: Entity class_745['NALUGgg'/2489049, l='ClientLevel', x=5.56, y=65.00, z=-9.82] does not have attribute null
[22:59:51] [Render thread/WARN]: Entity class_745['ngchssieuga'/2286400, l='ClientLevel', x=0.61, y=65.00, z=-7.72] does not have attribute null
[22:59:51] [Render thread/WARN]: Entity class_745['Pwight_'/2507244, l='ClientLevel', x=6.99, y=65.06, z=-10.38] does not have attribute null
[22:59:51] [Render thread/WARN]: Entity class_745['4KenJi_'/2295285, l='ClientLevel', x=9.28, y=65.00, z=-12.21] does not have attribute null
[22:59:51] [Render thread/WARN]: Entity class_745['YunNoVa_chan'/2430650, l='ClientLevel', x=9.40, y=66.00, z=-9.52] does not have attribute null
[22:59:51] [Render thread/WARN]: Entity class_745['NDS_'/2527332, l='ClientLevel', x=0.55, y=65.00, z=-6.49] does not have attribute null
[22:59:51] [Render thread/WARN]: Entity class_745['61vFex'/2066085, l='ClientLevel', x=0.55, y=65.00, z=-6.49] does not have attribute null
[22:59:51] [Render thread/WARN]: Entity class_745['jordanbastiti'/2520538, l='ClientLevel', x=0.74, y=65.00, z=-9.79] does not have attribute null
[22:59:51] [Render thread/WARN]: Entity class_745['kotmkings'/2370633, l='ClientLevel', x=-2.76, y=65.00, z=-15.62] does not have attribute null
[22:59:51] [Render thread/WARN]: Entity class_745['PRIME_HARSH'/2467512, l='ClientLevel', x=-7.21, y=65.00, z=-5.78] does not have attribute null
[22:59:51] [Render thread/INFO]: [System] [CHAT] K3rbz has made the advancement [The End?]
[22:59:51] [Render thread/WARN]: Entity class_745['Zarmloww'/2372241, l='ClientLevel', x=2.98, y=65.00, z=-17.57] does not have attribute null
[22:59:51] [Render thread/WARN]: Entity class_745['KillerMCN'/2527361, l='ClientLevel', x=2.11, y=65.00, z=-16.45] does not have attribute null
[22:59:51] [Render thread/WARN]: Entity class_745['huyyyyyyyyy'/2527470, l='ClientLevel', x=-2.31, y=65.00, z=-16.59] does not have attribute null
[22:59:52] [Render thread/WARN]: Entity class_745['pagal_da_putar'/2480474, l='ClientLevel', x=0.55, y=65.00, z=-6.49] does not have attribute null
[22:59:52] [Render thread/WARN]: Entity class_745['Sunset_Lov3r'/2413984, l='ClientLevel', x=-29.70, y=67.00, z=-6.30] does not have attribute null
[22:59:52] [Render thread/WARN]: Entity class_745['XzermarketMC'/2082027, l='ClientLevel', x=28.32, y=65.00, z=-23.27] does not have attribute null
[22:59:52] [Render thread/WARN]: Entity class_745['4KenJi_'/2295285, l='ClientLevel', x=9.28, y=65.00, z=-12.21] does not have attribute null
[22:59:52] [Render thread/INFO]: [System] [CHAT] Kit 1 loaded!
[22:59:54] [Render thread/WARN]: Entity class_745['ItzTAlonton'/2471390, l='ClientLevel', x=0.55, y=65.00, z=-6.49] does not have attribute null
[22:59:54] [Render thread/WARN]: Entity class_745['PRIME_HARSH'/2467512, l='ClientLevel', x=-7.21, y=65.00, z=-5.78] does not have attribute null
[22:59:55] [Render thread/INFO]: Stopping worker threads
[22:59:55] [Render thread/INFO]: Started 1 worker threads
[22:59:55] [Render thread/INFO]: Stopping worker threads
[22:59:55] [Render thread/INFO]: Started 1 worker threads
[22:59:55] [Render thread/WARN]: Entity class_746['khanhnotbruh'/2395064, l='ClientLevel', x=-633.53, y=57.74, z=-744.79] does not have attribute null
[22:59:55] [Render thread/INFO]: [System] [CHAT] ITZ_FARHAN has made the advancement [Who Needs Rockets?]
[22:59:55] [Render thread/WARN]: Entity class_745['vinhminebk'/2394303, l='ClientLevel', x=-637.92, y=57.00, z=-750.23] does not have attribute null
[22:59:56] [Render thread/WARN]: Ignoring player info update for unknown player 2d0fdb21-9f08-4de3-8879-8c6251f2852b
[22:59:56] [Render thread/INFO]: [System] [CHAT] Kit 2 loaded!
[22:59:57] [Render thread/WARN]: Ignoring player info update for unknown player 129b60d7-68ec-3735-ad2c-bff382d3d70c
[22:59:58] [Render thread/INFO]: [System] [CHAT] huyyyyyyyyy has made the advancement [The End?]
[22:59:59] [Render thread/WARN]: Entity class_746['khanhnotbruh'/2395064, l='ClientLevel', x=-632.96, y=28.92, z=-735.66] does not have attribute null
[22:59:59] [Render thread/WARN]: Entity class_746['khanhnotbruh'/2395064, l='ClientLevel', x=-632.96, y=28.84, z=-735.64] does not have attribute null
[23:00:00] [Render thread/WARN]: Entity class_746['khanhnotbruh'/2395064, l='ClientLevel', x=-632.96, y=24.00, z=-735.49] does not have attribute null
[23:00:00] [Render thread/INFO]: [System] [CHAT] User123name has made the advancement [Monster Hunter]
[23:00:01] [Render thread/INFO]: [System] [CHAT] ITZ_FARHAN has reached the goal [Postmortal]
[23:00:01] [Render thread/WARN]: Ignoring player info update for unknown player eb0e3517-411c-3ee6-910d-5e5cd09cb716
[23:00:02] [Render thread/WARN]: Entity class_746['khanhnotbruh'/2395064, l='ClientLevel', x=-632.96, y=24.00, z=-735.49] does not have attribute null
[23:00:05] [Render thread/INFO]: [System] [CHAT] huyyyyyyyyy has reached the goal [Postmortal]
[23:00:06] [Render thread/WARN]: Entity class_746['khanhnotbruh'/2395064, l='ClientLevel', x=-646.78, y=50.00, z=-738.52] does not have attribute null
[23:00:09] [Render thread/INFO]: [System] [CHAT] 
[23:00:09] [Render thread/INFO]: [System] [CHAT]  Seafox_X_Ocean ᴡᴀs ᴋɪᴄᴋᴇᴅ ʙʏ  
[23:00:09] [Render thread/INFO]: [System] [CHAT] 4KenJi_: gg
[23:00:10] [Render thread/WARN]: Entity class_745['vinhminebk'/2394303, l='ClientLevel', x=-639.70, y=44.88, z=-743.47] does not have attribute null
[23:00:11] [Render thread/WARN]: Ignoring player info update for unknown player 56019dc1-092d-495f-932a-cc9b681b62e3
[23:00:11] [Render thread/INFO]: [System] [CHAT] TKB_BinhAn has made the advancement [Not Quite "Nine" Lives]
[23:00:13] [Render thread/WARN]: Entity class_745['vinhminebk'/2394303, l='ClientLevel', x=-646.37, y=49.00, z=-738.81] does not have attribute null
[23:00:13] [Render thread/WARN]: Entity class_746['khanhnotbruh'/2395064, l='ClientLevel', x=-642.84, y=51.00, z=-742.90] does not have attribute null
[23:00:14] [Render thread/INFO]: [System] [CHAT] Itz_Death9 has made the advancement [Stone Age]
[23:00:15] [Render thread/WARN]: Entity class_745['vinhminebk'/2394303, l='ClientLevel', x=-646.37, y=49.00, z=-738.81] does not have attribute null
[23:00:16] [Render thread/WARN]: Entity class_746['khanhnotbruh'/2395064, l='ClientLevel', x=-642.84, y=51.00, z=-742.90] does not have attribute null
[23:00:17] [Render thread/WARN]: Entity class_746['khanhnotbruh'/2395064, l='ClientLevel', x=-642.84, y=51.00, z=-742.90] does not have attribute null
[23:00:18] [Render thread/INFO]: [System] [CHAT] Seafox_X_Ocean has made the advancement [The End?]
[23:00:18] [Render thread/WARN]: Ignoring player info update for unknown player 19d697e4-cd5b-3c9f-8e20-2b805223c130
[23:00:19] [Render thread/WARN]: Ignoring player info update for unknown player 8c468d16-e4d1-3389-a15b-dbcff6382fc6
[23:00:19] [Render thread/WARN]: Entity class_745['vinhminebk'/2394303, l='ClientLevel', x=-623.85, y=61.00, z=-769.72] does not have attribute null
[23:00:22] [Render thread/WARN]: Ignoring player info update for unknown player a8a48cff-93a1-4116-bb48-e18f5350dda7
[23:00:23] [Render thread/WARN]: Entity class_746['khanhnotbruh'/2395064, l='ClientLevel', x=-662.08, y=64.33, z=-754.79] does not have attribute null
[23:00:23] [Render thread/WARN]: Entity class_745['vinhminebk'/2394303, l='ClientLevel', x=-663.62, y=63.40, z=-754.50] does not have attribute null
[23:00:23] [Render thread/INFO]: [System] [CHAT] Seafox_X_Ocean has reached the goal [Postmortal]
[23:00:26] [Render thread/WARN]: Entity class_746['khanhnotbruh'/2395064, l='ClientLevel', x=-663.54, y=63.42, z=-755.56] does not have attribute null
[23:00:27] [Render thread/INFO]: [System] [CHAT] KillerMCN: who 1v1 ht4 tp
[23:00:27] [Render thread/WARN]: Ignoring player info update for unknown player c27c1872-f342-38a3-92eb-154f3c77629f
[23:00:27] [Render thread/WARN]: Ignoring player info update for unknown player 650a7f98-6bf5-42dc-9ade-bc63a2312e48
[23:00:28] [Render thread/WARN]: Entity class_745['vinhminebk'/2394303, l='ClientLevel', x=-674.85, y=64.00, z=-772.89] does not have attribute null
[23:00:29] [Render thread/WARN]: Entity class_745['vinhminebk'/2394303, l='ClientLevel', x=-710.07, y=64.00, z=-811.52] does not have attribute null
[23:00:31] [Render thread/INFO]: [System] [CHAT] SkyElder: ggs
[23:00:32] [Render thread/INFO]: [System] [CHAT] ItzzNhaa__ has reached the goal [Postmortal]
[23:00:33] [Render thread/WARN]: Entity class_746['khanhnotbruh'/2395064, l='ClientLevel', x=-684.51, y=63.00, z=-783.42] does not have attribute null
[23:00:33] [Render thread/INFO]: [System] [CHAT] GRIFFIN_WARRIOR has reached the goal [Sky's the Limit]
[23:00:33] [Render thread/INFO]: [System] [CHAT] XxmenHunterxX: lk1
[23:00:33] [Render thread/WARN]: Ignoring player info update for unknown player b4cadd4f-8998-4c6c-9f1f-f62959d13c2c
[23:00:34] [Render thread/WARN]: Entity class_745['vinhminebk'/2394303, l='ClientLevel', x=-751.73, y=61.02, z=-829.30] does not have attribute null
[23:00:34] [Render thread/INFO]: [System] [CHAT] Lxiszzzz_: lmao ***
[23:00:34] [Render thread/INFO]: [System] [CHAT] GhostedPlayer has reached the goal [Postmortal]
[23:00:35] [Render thread/INFO]: [System] [CHAT] nhiklopi: lt3 tpa me
[23:00:36] [Render thread/INFO]: [System] [CHAT] NALUGgg has made the advancement [Stone Age]
[23:00:37] [Render thread/INFO]: [System] [CHAT] lilpotato4 has reached the goal [Postmortal]
[23:00:38] [Render thread/INFO]: [System] [CHAT] 
[23:00:38] [Render thread/INFO]: [System] [CHAT]  sang1209 ᴡᴀs ᴋɪᴄᴋᴇᴅ ʙʏ  
[23:00:39] [Render thread/WARN]: Ignoring player info update for unknown player a15b77ce-8997-37b4-938d-dd2de19abdcb
[23:00:40] [Render thread/INFO]: [System] [CHAT] .Viisxal6897: tah auto ke vai hz
[23:00:41] [Render thread/INFO]: [System] [CHAT] 
[23:00:41] [Render thread/INFO]: [System] [CHAT]  MeTooNoob ᴡᴀs ᴋɪᴄᴋᴇᴅ ʙʏ  
[23:00:41] [Render thread/INFO]: [System] [CHAT] Lxiszzzz_: n*gga Seafox_X_Ocean
[23:00:42] [Render thread/INFO]: [System] [CHAT] SearfangGH_ has reached the goal [Postmortal]
[23:00:43] [Render thread/INFO]: [System] [CHAT] NDS_ has reached the goal [Postmortal]
[23:00:44] [Render thread/INFO]: [System] [CHAT] .SoleCereal4020 has reached the goal [Postmortal]
[23:00:45] [Render thread/INFO]: [System] [CHAT] nhiklopi: lt3 tpa me
[23:00:46] [Render thread/WARN]: Entity class_746['khanhnotbruh'/2395064, l='ClientLevel', x=-697.28, y=61.18, z=-816.53] does not have attribute null
[23:00:46] [Render thread/INFO]: [System] [CHAT] Salut_Sor has made the advancement [The End?]
[23:00:48] [Render thread/INFO]: [System] [CHAT] TKB_BinhAn has reached the goal [Postmortal]
[23:00:48] [Render thread/WARN]: Entity class_746['khanhnotbruh'/2395064, l='ClientLevel', x=-692.81, y=64.51, z=-818.22] does not have attribute null
[23:00:48] [Render thread/INFO]: [System] [CHAT] KillerMCN has reached the goal [Postmortal]
[23:00:49] [Render thread/INFO]: [System] [CHAT] nhiklopi: lt3 tpa me
[23:00:50] [Render thread/WARN]: Entity class_745['vinhminebk'/2394303, l='ClientLevel', x=-693.39, y=61.00, z=-817.70] does not have attribute null
[23:00:53] [Render thread/INFO]: [System] [CHAT] Salut_Sor has made the advancement [Monster Hunter]
[23:00:53] [Render thread/WARN]: Entity class_746['khanhnotbruh'/2395064, l='ClientLevel', x=-690.49, y=62.00, z=-822.31] does not have attribute null
[23:00:53] [Render thread/INFO]: [System] [CHAT] nhiklopi: lt3 tpa me.
[23:00:56] [Render thread/INFO]: [System] [CHAT] 
[23:00:56] [Render thread/INFO]: [System] [CHAT]  GodVaibhav69 ᴡᴀs ᴋɪᴄᴋᴇᴅ ʙʏ  
[23:00:56] [Render thread/INFO]: [System] [CHAT] lilpotato4 has made the advancement [Not Quite "Nine" Lives]
[23:00:56] [Render thread/INFO]: [System] [CHAT] huyyyyyyyyy: hack
[23:00:57] [Render thread/WARN]: Entity class_746['khanhnotbruh'/2395064, l='ClientLevel', x=-692.30, y=58.40, z=-822.63] does not have attribute null
[23:00:57] [Render thread/INFO]: [System] [CHAT] pagal_da_putar has made the advancement [Ol' Betsy]
[23:00:58] [Render thread/INFO]: [System] [CHAT] lilpotato4 has made the advancement [Stone Age]
[23:01:00] [Render thread/INFO]: [System] [CHAT] 61vFex has made the advancement [Stone Age]
[23:01:02] [Render thread/WARN]: Entity class_746['khanhnotbruh'/2395064, l='ClientLevel', x=-691.55, y=56.00, z=-822.82] does not have attribute null
[23:01:02] [Render thread/WARN]: Entity class_746['khanhnotbruh'/2395064, l='ClientLevel', x=-690.25, y=55.01, z=-823.03] does not have attribute null
[23:01:03] [Render thread/INFO]: [System] [CHAT] NoMercyX: kak autp
[23:01:03] [Render thread/INFO]: [System] [CHAT] .Viisxal6897: vai janh bedrock dak auto
[23:01:04] [Render thread/WARN]: Entity class_746['khanhnotbruh'/2395064, l='ClientLevel', x=-690.80, y=54.00, z=-822.94] does not have attribute null
[23:01:04] [Render thread/WARN]: Entity class_745['vinhminebk'/2394303, l='ClientLevel', x=-694.95, y=57.00, z=-821.30] does not have attribute null
[23:01:04] [Render thread/WARN]: Entity class_746['khanhnotbruh'/2395064, l='ClientLevel', x=-692.67, y=54.07, z=-823.46] does not have attribute null
[23:01:05] [Render thread/INFO]: [System] [CHAT] nhiklopi has reached the goal [Postmortal]
[23:01:05] [Render thread/WARN]: Ignoring player info update for unknown player 4fb3b47a-68b0-3bd1-b2e9-5065f14506ac
[23:01:07] [Render thread/WARN]: Entity class_746['khanhnotbruh'/2395064, l='ClientLevel', x=-692.01, y=54.65, z=-825.14] does not have attribute null
[23:01:07] [Render thread/WARN]: Entity class_745['vinhminebk'/2394303, l='ClientLevel', x=-694.06, y=53.00, z=-822.70] does not have attribute null
[23:01:07] [Render thread/INFO]: [System] [CHAT] NoMercyX: kak auto
[23:01:07] [Render thread/WARN]: Entity class_746['khanhnotbruh'/2395064, l='ClientLevel', x=-690.99, y=54.40, z=-826.44] does not have attribute null
[23:01:08] [Render thread/INFO]: [System] [CHAT] -1 Points
[23:01:08] [Render thread/INFO]: [System] [CHAT] +1 Death
[23:01:08] [Render thread/WARN]: Entity class_746['khanhnotbruh'/2395064, l='ClientLevel', x=-688.30, y=53.01, z=-827.70] does not have attribute null
[23:01:08] [Render thread/WARN]: Ignoring player info update for unknown player a7cf2826-ee22-3ba1-9a08-d63a7eba2959
[23:01:09] [Render thread/INFO]: [System] [CHAT] salverynigga has made the advancement [Ol' Betsy]
[23:01:09] [Render thread/INFO]: [System] [CHAT] salverynigga has made the advancement [Take Aim]
[23:01:09] [Render thread/INFO]: Stopping worker threads
[23:01:09] [Render thread/INFO]: Started 1 worker threads
[23:01:09] [Render thread/INFO]: Stopping worker threads
[23:01:09] [Render thread/INFO]: Started 1 worker threads
[23:01:09] [Render thread/WARN]: Entity class_746['khanhnotbruh'/2395064, l='ClientLevel', x=0.55, y=65.00, z=-6.49] does not have attribute null
[23:01:10] [Render thread/WARN]: Entity class_745['SAKINA_Neverking'/2273695, l='ClientLevel', x=0.55, y=65.00, z=-6.49] does not have attribute null
[23:01:10] [Render thread/WARN]: Entity class_745['DeathFalls'/2497776, l='ClientLevel', x=0.55, y=65.00, z=-6.49] does not have attribute null
[23:01:10] [Render thread/WARN]: Entity class_745['Seyhafu'/2374083, l='ClientLevel', x=0.55, y=65.00, z=-6.49] does not have attribute null
[23:01:10] [Render thread/WARN]: Entity class_745['Zarmloww'/2372241, l='ClientLevel', x=6.61, y=65.06, z=-13.50] does not have attribute null
[23:01:10] [Render thread/WARN]: Entity class_745['GodVaibhav69'/2534870, l='ClientLevel', x=2.71, y=65.00, z=-11.09] does not have attribute null
[23:01:10] [Render thread/WARN]: Entity class_745['khangnguyen02'/2530225, l='ClientLevel', x=3.52, y=65.00, z=-13.68] does not have attribute null
[23:01:10] [Render thread/WARN]: Entity class_745['notmebro'/2524313, l='ClientLevel', x=2.16, y=65.00, z=-7.34] does not have attribute null
[23:01:10] [Render thread/WARN]: Entity class_745['man3p3ar'/2496426, l='ClientLevel', x=4.07, y=65.00, z=-15.51] does not have attribute null
[23:01:10] [Render thread/WARN]: Entity class_745['Nevernine'/2531561, l='ClientLevel', x=11.43, y=65.00, z=-10.05] does not have attribute null
[23:01:10] [Render thread/WARN]: Entity class_745['khang2kkk'/2034321, l='ClientLevel', x=0.55, y=65.00, z=-6.49] does not have attribute null
[23:01:10] [Render thread/WARN]: Entity class_745['notimunda'/2476048, l='ClientLevel', x=0.55, y=65.00, z=-6.49] does not have attribute null
[23:01:10] [Render thread/WARN]: Entity class_745['.ImAboutTocu1897'/2308869, l='ClientLevel', x=0.55, y=65.00, z=-6.49] does not have attribute null
[23:01:10] [Render thread/WARN]: Entity class_745['PheaRun'/2535135, l='ClientLevel', x=0.55, y=65.00, z=-6.49] does not have attribute null
[23:01:10] [Render thread/WARN]: Entity class_745['_MaHuTariMauT'/2530955, l='ClientLevel', x=0.55, y=65.00, z=-6.49] does not have attribute null
[23:01:10] [Render thread/WARN]: Entity class_745['PlentyWistle'/2416129, l='ClientLevel', x=0.55, y=65.00, z=-6.49] does not have attribute null
[23:01:10] [Render thread/WARN]: Entity class_745['yeunjim'/2302141, l='ClientLevel', x=0.55, y=65.00, z=-6.49] does not have attribute null
[23:01:10] [Render thread/WARN]: Entity class_745['XzermarketMC'/2082027, l='ClientLevel', x=28.32, y=65.00, z=-23.27] does not have attribute null
[23:01:10] [Render thread/WARN]: Entity class_745['Sunset_Lov3r'/2413984, l='ClientLevel', x=-29.70, y=67.00, z=-6.30] does not have attribute null
[23:01:10] [Render thread/WARN]: Entity class_745['tadas12345'/2521596, l='ClientLevel', x=39.34, y=65.42, z=-31.25] does not have attribute null
[23:01:10] [Render thread/WARN]: Entity class_745['SkyElder'/2417123, l='ClientLevel', x=0.55, y=65.00, z=-6.49] does not have attribute null
[23:01:11] [Render thread/WARN]: Entity class_745['tadas12345'/2521596, l='ClientLevel', x=40.76, y=66.02, z=-32.44] does not have attribute null
[23:01:11] [Render thread/INFO]: [System] [CHAT] Kit 1 loaded!
[23:01:11] [Render thread/WARN]: Entity class_745['DangerMarlow_Jr'/2247315, l='ClientLevel', x=0.55, y=65.00, z=-6.49] does not have attribute null
[23:01:11] [Render thread/WARN]: Entity class_745['ALLAY_PVP'/2420085, l='ClientLevel', x=0.55, y=65.00, z=-6.49] does not have attribute null
[23:01:11] [Render thread/WARN]: Entity class_745['ngchssieuga'/2286400, l='ClientLevel', x=0.55, y=65.00, z=-6.49] does not have attribute null
[23:01:13] [Render thread/WARN]: Entity class_745['pagal_da_putar'/2480474, l='ClientLevel', x=0.55, y=65.00, z=-6.49] does not have attribute null
[23:01:13] [Render thread/WARN]: Entity class_745['SkyElder'/2417123, l='ClientLevel', x=0.55, y=65.00, z=-6.49] does not have attribute null
[23:01:14] [Render thread/WARN]: Entity class_745['XxmenHunterxX'/2303841, l='ClientLevel', x=0.55, y=65.00, z=-6.49] does not have attribute null
[23:01:14] [Render thread/WARN]: Entity class_745['Realitz_Zyntrax'/2415685, l='ClientLevel', x=0.55, y=65.00, z=-6.49] does not have attribute null
[23:01:14] [Render thread/INFO]: [System] [CHAT] Kit 2 loaded!
[23:01:15] [Render thread/WARN]: Ignoring player info update for unknown player 00cf4aac-2f7f-3d1d-b511-3537badf897d
[23:01:15] [Render thread/WARN]: Entity class_745['sang1209'/2535749, l='ClientLevel', x=0.55, y=65.00, z=-6.49] does not have attribute null
[23:01:15] [Render thread/WARN]: Entity class_745['sang1209'/2535749, l='ClientLevel', x=0.55, y=65.00, z=-6.49] does not have attribute null
[23:01:15] [Render thread/WARN]: Entity class_745['Gothangelz'/2528451, l='ClientLevel', x=0.55, y=65.00, z=-6.49] does not have attribute null
[23:01:15] [Render thread/WARN]: Ignoring player info update for unknown player 32c4df24-9cb3-3ee2-8397-c9e159a0dea7
[23:01:15] [Render thread/WARN]: Entity class_745['MeTooNoob'/2535887, l='ClientLevel', x=0.55, y=65.00, z=-6.49] does not have attribute null
[23:01:15] [Render thread/WARN]: Entity class_745['MeTooNoob'/2535887, l='ClientLevel', x=0.55, y=65.00, z=-6.49] does not have attribute null
[23:01:16] [Render thread/INFO]: [System] [CHAT] You have to wait 0sec. before you can use another command.
[23:01:16] [Render thread/INFO]: [System] [CHAT] name_071 has made the advancement [Monster Hunter]
[23:01:16] [Render thread/WARN]: Entity class_745['slimeyhaqaan67'/2393509, l='ClientLevel', x=0.55, y=65.00, z=-6.49] does not have attribute null
[23:01:16] [Render thread/WARN]: Entity class_745['GhostedPlayer'/2523257, l='ClientLevel', x=0.55, y=65.00, z=-6.49] does not have attribute null
[23:01:16] [Render thread/INFO]: [System] [CHAT] (⚔) Zeus_VN killed .SoleCereal4020.
[23:01:17] [Render thread/INFO]: [System] [CHAT] BadXGood has reached the goal [Postmortal]
[23:01:18] [Render thread/WARN]: Entity class_745['.SoleCereal4020'/2526558, l='ClientLevel', x=0.55, y=65.00, z=-6.49] does not have attribute null
[23:01:19] [Render thread/WARN]: Entity class_745['nhiklopi'/2530109, l='ClientLevel', x=0.55, y=65.00, z=-6.49] does not have attribute null
[23:01:19] [Render thread/WARN]: Entity class_745['.JT_Sabito_7'/2349553, l='ClientLevel', x=0.55, y=65.00, z=-6.49] does not have attribute null
[23:01:20] [Render thread/WARN]: Entity class_745['tadas12345'/2521596, l='ClientLevel', x=33.45, y=73.59, z=-44.55] does not have attribute null
[23:01:21] [Render thread/INFO]: [System] [CHAT] Zeus_VN: :)))
[23:01:21] [Render thread/INFO]: [System] [CHAT] Itz_Death9: LT3?
[23:01:21] [Render thread/INFO]: [System] [CHAT] Kit 2 loaded!
[23:01:21] [Render thread/WARN]: Entity class_745['SAKINA_Neverking'/2273695, l='ClientLevel', x=3.85, y=65.00, z=-7.67] does not have attribute null
[23:01:21] [Render thread/WARN]: Entity class_745['NALUGgg'/2489049, l='ClientLevel', x=0.55, y=65.00, z=-6.49] does not have attribute null
[23:01:21] [Render thread/WARN]: Entity class_745['snowloveyouu'/2515904, l='ClientLevel', x=0.55, y=65.00, z=-6.49] does not have attribute null
[23:01:22] [Render thread/WARN]: Entity class_745['Linzx911'/2433132, l='ClientLevel', x=0.55, y=65.00, z=-6.49] does not have attribute null
[23:01:22] [Render thread/INFO]: [System] [CHAT] You have to wait 0sec. before you can use another command.
[23:01:22] [Render thread/WARN]: Entity class_745['salverynigga'/2475321, l='ClientLevel', x=0.55, y=65.00, z=-6.49] does not have attribute null
[23:01:23] [Render thread/WARN]: Entity class_745['MeTooNoob'/2535887, l='ClientLevel', x=6.68, y=65.06, z=-9.50] does not have attribute null
[23:01:23] [Render thread/WARN]: Entity class_745['.Yuta3614'/2454216, l='ClientLevel', x=0.55, y=65.00, z=-6.49] does not have attribute null
[23:01:23] [Render thread/WARN]: Entity class_745['GhostedPlayer'/2523257, l='ClientLevel', x=0.55, y=65.14, z=-10.45] does not have attribute null
[23:01:23] [Render thread/INFO]: [System] [CHAT] MeTooNoob has made the advancement [The End?]
[23:01:23] [Render thread/WARN]: Ignoring player info update for unknown player b578f5fe-2332-426e-81e1-d7b71d86ada8
[23:01:23] [Render thread/WARN]: Entity class_745['Manh2011'/2536655, l='ClientLevel', x=0.55, y=65.00, z=-6.49] does not have attribute null
[23:01:23] [Render thread/WARN]: Entity class_745['Manh2011'/2536655, l='ClientLevel', x=0.55, y=65.00, z=-6.49] does not have attribute null
[23:01:24] [Render thread/WARN]: Entity class_745['grcby'/2475906, l='ClientLevel', x=0.55, y=65.00, z=-6.49] does not have attribute null
[23:01:25] [Render thread/WARN]: Entity class_745['SieuNhanGao3669'/2378758, l='ClientLevel', x=0.55, y=65.00, z=-6.49] does not have attribute null
[23:01:25] [Render thread/INFO]: Stopping worker threads
[23:01:25] [Render thread/INFO]: Started 1 worker threads
[23:01:25] [Render thread/INFO]: Stopping worker threads
[23:01:25] [Render thread/INFO]: Started 1 worker threads
[23:01:25] [Render thread/WARN]: Entity class_746['khanhnotbruh'/2395064, l='ClientLevel', x=1000.86, y=100.98, z=1001.01] does not have attribute null
[23:01:25] [Render thread/WARN]: Entity class_745['Gothangelz'/2528451, l='ClientLevel', x=1004.86, y=7.00, z=1004.04] does not have attribute null
[23:01:25] [Render thread/WARN]: Entity class_745['Ccapybara777'/2519658, l='ClientLevel', x=993.78, y=-20.00, z=1001.24] does not have attribute null
[23:01:25] [Render thread/WARN]: Entity class_745['Tus_Dzg'/2510046, l='ClientLevel', x=1000.30, y=-21.00, z=996.70] does not have attribute null
[23:01:25] [Render thread/WARN]: Entity class_745['Exclusv'/2252418, l='ClientLevel', x=995.60, y=-14.00, z=1014.70] does not have attribute null
[23:01:25] [Render thread/WARN]: Entity class_745['ngchssieuga'/2286400, l='ClientLevel', x=1004.41, y=-13.08, z=1012.53] does not have attribute null
[23:01:25] [Render thread/WARN]: Entity class_745['BxngTo'/2001190, l='ClientLevel', x=1007.30, y=29.00, z=1017.57] does not have attribute null
[23:01:25] [Render thread/WARN]: Entity class_745['minhxinacpuy'/2357684, l='ClientLevel', x=998.70, y=-14.00, z=1012.99] does not have attribute null
[23:01:25] [Render thread/WARN]: Entity class_745['CuSutThanSau'/2530962, l='ClientLevel', x=1003.30, y=30.00, z=1019.41] does not have attribute null
[23:01:26] [Render thread/WARN]: Entity class_745['tadas12345'/2521596, l='ClientLevel', x=1000.07, y=57.00, z=1038.63] does not have attribute null
[23:01:26] [Render thread/WARN]: Entity class_745['R7yuk'/2501839, l='ClientLevel', x=1010.57, y=48.00, z=1013.97] does not have attribute null
[23:01:26] [Render thread/WARN]: Entity class_745['kotmkings'/2370633, l='ClientLevel', x=1010.55, y=45.00, z=1015.30] does not have attribute null
[23:01:26] [Render thread/WARN]: Entity class_746['khanhnotbruh'/2395064, l='ClientLevel', x=1000.86, y=99.38, z=1001.01] does not have attribute null
[23:01:26] [Render thread/WARN]: Entity class_745['yeunjim'/2302141, l='ClientLevel', x=1026.24, y=57.42, z=995.25] does not have attribute null
[23:01:26] [Render thread/WARN]: Entity class_745['tuananh23'/2459002, l='ClientLevel', x=1010.94, y=30.00, z=1024.70] does not have attribute null
[23:01:26] [Render thread/WARN]: Entity class_745['tadas12345'/2521596, l='ClientLevel', x=1001.69, y=57.00, z=1045.08] does not have attribute null
[23:01:26] [Render thread/WARN]: Entity class_745['BxngTo'/2001190, l='ClientLevel', x=1005.31, y=29.00, z=1018.85] does not have attribute null
[23:01:27] [Render thread/INFO]: [System] [CHAT] Itz_Death9: my dihhh
[23:01:28] [Render thread/WARN]: Entity class_745['BxngTo'/2001190, l='ClientLevel', x=1005.64, y=29.00, z=1020.02] does not have attribute null
[23:01:28] [Render thread/WARN]: Entity class_746['khanhnotbruh'/2395064, l='ClientLevel', x=1000.86, y=24.00, z=1001.01] does not have attribute null
[23:01:28] [Render thread/WARN]: Entity class_745['minhxinacpuy'/2357684, l='ClientLevel', x=999.70, y=-14.00, z=1013.54] does not have attribute null
[23:01:28] [Render thread/WARN]: Entity class_746['khanhnotbruh'/2395064, l='ClientLevel', x=1000.61, y=26.60, z=1000.68] does not have attribute null
[23:01:28] [Render thread/WARN]: Entity class_745['kotmkings'/2370633, l='ClientLevel', x=1010.66, y=48.28, z=1015.51] does not have attribute null
[23:01:29] [Render thread/WARN]: Entity class_745['tadas12345'/2521596, l='ClientLevel', x=1002.93, y=58.25, z=1048.51] does not have attribute null
[23:01:29] [Render thread/WARN]: Ignoring player info update for unknown player 109b3c37-31ca-3248-bd65-6dae514c2316
[23:01:29] [Render thread/WARN]: Ignoring player info update for unknown player bf2be5de-9179-3b01-831d-91f5c91eab08
[23:01:29] [Render thread/WARN]: Entity class_745['snowloveyouu'/2515904, l='ClientLevel', x=1000.86, y=100.98, z=1001.01] does not have attribute null
[23:01:29] [Render thread/INFO]: [System] [CHAT] Telesto_ww has made the advancement [Stone Age]
[23:01:30] [Render thread/WARN]: Entity class_746['khanhnotbruh'/2395064, l='ClientLevel', x=1000.57, y=23.17, z=1000.70] does not have attribute null
[23:01:30] [Render thread/WARN]: Entity class_745['BxngTo'/2001190, l='ClientLevel', x=1002.31, y=28.68, z=1020.16] does not have attribute null
[23:01:30] [Render thread/WARN]: Entity class_745['Gothangelz'/2528451, l='ClientLevel', x=998.66, y=-14.00, z=1012.30] does not have attribute null
[23:01:31] [Render thread/WARN]: Entity class_745['minhxinacpuy'/2357684, l='ClientLevel', x=999.70, y=-13.98, z=1013.40] does not have attribute null
[23:01:32] [Render thread/INFO]: [System] [CHAT] GodVaibhav69 has made the advancement [The End?]
[23:01:32] [Render thread/WARN]: Ignoring player info update for unknown player b2fbe0e3-999f-31cb-a902-8539251099f2
[23:01:32] [Render thread/INFO]: [System] [CHAT] khangnguyen02 has reached the goal [Postmortal]
[23:01:33] [Render thread/WARN]: Entity class_745['Ccapybara777'/2519658, l='ClientLevel', x=994.70, y=-21.00, z=1001.30] does not have attribute null
[23:01:33] [Render thread/WARN]: Entity class_745['Ethanpeing123'/2537221, l='ClientLevel', x=1000.86, y=100.98, z=1001.01] does not have attribute null
[23:01:34] [Render thread/WARN]: Entity class_745['snowloveyouu'/2515904, l='ClientLevel', x=1000.02, y=57.00, z=1011.47] does not have attribute null
[23:01:34] [Render thread/WARN]: Entity class_746['khanhnotbruh'/2395064, l='ClientLevel', x=998.91, y=-12.92, z=1010.67] does not have attribute null
[23:01:34] [Render thread/WARN]: Entity class_745['Gothangelz'/2528451, l='ClientLevel', x=998.30, y=-15.62, z=1013.61] does not have attribute null
[23:01:34] [Render thread/WARN]: Entity class_745['BxngTo'/2001190, l='ClientLevel', x=1000.86, y=100.98, z=1001.01] does not have attribute null
[23:01:35] [Render thread/WARN]: Entity class_745['CuSutThanSau'/2530962, l='ClientLevel', x=1003.37, y=27.00, z=1018.11] does not have attribute null
[23:01:35] [Render thread/INFO]: [System] [CHAT] .JT_Sabito_7: @.KingFoxSTA ur totem so fast
[23:01:35] [Render thread/WARN]: Entity class_745['Exclusv'/2252418, l='ClientLevel', x=996.70, y=-18.33, z=1013.75] does not have attribute null
[23:01:36] [Render thread/WARN]: Entity class_746['khanhnotbruh'/2395064, l='ClientLevel', x=995.60, y=-21.00, z=1005.79] does not have attribute null
[23:01:36] [Render thread/WARN]: Entity class_745['tadas12345'/2521596, l='ClientLevel', x=999.13, y=61.87, z=957.37] does not have attribute null
[23:01:36] [Render thread/INFO]: [System] [CHAT] 
[23:01:36] [Render thread/INFO]: [System] [CHAT]  Seafox_X_Ocean ᴡᴀs ᴋɪᴄᴋᴇᴅ ʙʏ  
[23:01:36] [Render thread/WARN]: Entity class_745['minhxinacpuy'/2357684, l='ClientLevel', x=1000.74, y=-17.00, z=991.15] does not have attribute null
[23:01:36] [Render thread/WARN]: Entity class_745['Exclusv'/2252418, l='ClientLevel', x=996.57, y=-19.00, z=1013.62] does not have attribute null
[23:01:37] [Render thread/WARN]: Entity class_745['Exclusv'/2252418, l='ClientLevel', x=996.27, y=-19.00, z=1013.33] does not have attribute null
[23:01:37] [Render thread/WARN]: Entity class_745['ngchssieuga'/2286400, l='ClientLevel', x=1002.67, y=-21.00, z=1012.36] does not have attribute null
[23:01:37] [Render thread/WARN]: Entity class_745['minhxinacpuy'/2357684, l='ClientLevel', x=1001.59, y=-17.00, z=991.19] does not have attribute null
[23:01:38] [Render thread/WARN]: Ignoring player info update for unknown player 7ad9da1c-e247-4fee-8c4a-c22202d1eb10
[23:01:38] [Render thread/WARN]: Entity class_745['Exclusv'/2252418, l='ClientLevel', x=996.53, y=-19.00, z=1013.59] does not have attribute null
[23:01:38] [Render thread/INFO]: [System] [CHAT] NALUGgg has made the advancement [Monster Hunter]
[23:01:39] [Render thread/WARN]: Ignoring player info update for unknown player 56019dc1-092d-495f-932a-cc9b681b62e3
[23:01:39] [Render thread/WARN]: Entity class_745['minhxinacpuy'/2357684, l='ClientLevel', x=1002.31, y=-17.00, z=991.62] does not have attribute null
[23:01:39] [Render thread/WARN]: Entity class_745['ngchssieuga'/2286400, l='ClientLevel', x=1002.67, y=-21.00, z=1012.36] does not have attribute null
[23:01:39] [Render thread/WARN]: Entity class_745['Gothangelz'/2528451, l='ClientLevel', x=994.30, y=-20.00, z=1015.69] does not have attribute null
[23:01:40] [Render thread/INFO]: [System] [CHAT] +1 Points
[23:01:40] [Render thread/WARN]: Entity class_745['CuSutThanSau'/2530962, l='ClientLevel', x=1004.23, y=27.00, z=1017.84] does not have attribute null
[23:01:40] [Render thread/INFO]: [System] [CHAT] GodVaibhav69 has reached the goal [Postmortal]
[23:01:40] [Render thread/INFO]: [System] [CHAT] BadXGood: rsz
[23:01:40] [Render thread/WARN]: Entity class_745['R7yuk'/2501839, l='ClientLevel', x=1007.02, y=27.00, z=1017.32] does not have attribute null
[23:01:40] [Render thread/WARN]: Entity class_745['kotmkings'/2370633, l='ClientLevel', x=993.00, y=64.76, z=1056.46] does not have attribute null
[23:01:40] [Render thread/WARN]: Entity class_745['CuSutThanSau'/2530962, l='ClientLevel', x=1004.46, y=27.00, z=1018.38] does not have attribute null
[23:01:40] [Render thread/WARN]: Entity class_745['snowloveyouu'/2515904, l='ClientLevel', x=1008.59, y=28.00, z=1021.51] does not have attribute null
[23:01:41] [Render thread/WARN]: Entity class_746['khanhnotbruh'/2395064, l='ClientLevel', x=1001.29, y=-20.00, z=1010.44] does not have attribute null
[23:01:41] [Render thread/WARN]: Entity class_745['R7yuk'/2501839, l='ClientLevel', x=1006.30, y=26.00, z=1017.88] does not have attribute null
[23:01:41] [Render thread/INFO]: [System] [CHAT] lilpotato4 has made the advancement [Ol' Betsy]
[23:01:42] [Render thread/WARN]: Entity class_745['tuananh23'/2459002, l='ClientLevel', x=1004.30, y=25.80, z=1016.51] does not have attribute null
[23:01:42] [Render thread/WARN]: Entity class_745['CuSutThanSau'/2530962, l='ClientLevel', x=1003.35, y=25.00, z=1016.10] does not have attribute null
[23:01:43] [Render thread/WARN]: Entity class_745['Gothangelz'/2528451, l='ClientLevel', x=994.31, y=-20.00, z=1015.68] does not have attribute null
[23:01:43] [Render thread/INFO]: [System] [CHAT] lilpotato4 has made the advancement [Take Aim]
[23:01:43] [Render thread/WARN]: Entity class_745['snowloveyouu'/2515904, l='ClientLevel', x=1005.33, y=23.00, z=1023.69] does not have attribute null
[23:01:43] [Render thread/WARN]: Entity class_745['Ethanpeing123'/2537221, l='ClientLevel', x=1008.38, y=24.74, z=1015.91] does not have attribute null
[23:01:43] [Render thread/WARN]: Entity class_745['tuananh23'/2459002, l='ClientLevel', x=1006.93, y=24.10, z=1016.13] does not have attribute null
[23:01:44] [Render thread/INFO]: [System] [CHAT] LzyKnight has made the advancement [Ol' Betsy]
[23:01:44] [Render thread/WARN]: Entity class_745['ngchssieuga'/2286400, l='ClientLevel', x=1000.86, y=100.98, z=1001.01] does not have attribute null
[23:01:44] [Render thread/WARN]: Entity class_745['Ccapybara777'/2519658, l='ClientLevel', x=994.37, y=-20.29, z=1001.35] does not have attribute null
[23:01:44] [Render thread/WARN]: Entity class_745['Ethanpeing123'/2537221, l='ClientLevel', x=1009.41, y=21.33, z=1015.80] does not have attribute null
[23:01:45] [Render thread/WARN]: Entity class_745['BxngTo'/2001190, l='ClientLevel', x=1006.73, y=19.42, z=1020.33] does not have attribute null
[23:01:45] [Render thread/WARN]: Entity class_745['tuananh23'/2459002, l='ClientLevel', x=1008.20, y=19.06, z=1015.30] does not have attribute null
[23:01:45] [Render thread/INFO]: [System] [CHAT] Zarmloww has made the advancement [The End?]
[23:01:45] [Render thread/INFO]: [System] [CHAT] Seafox_X_Ocean has made the advancement [The End?]
[23:01:45] [Render thread/INFO]: [System] [CHAT] KillerMCN has made the advancement [Stone Age]
[23:01:45] [Render thread/WARN]: Entity class_745['CuSutThanSau'/2530962, l='ClientLevel', x=1002.97, y=-0.55, z=1014.91] does not have attribute null
[23:01:46] [Render thread/INFO]: [System] [CHAT] Manh2011 has made the advancement [Ol' Betsy]
[23:01:46] [Render thread/INFO]: [System] [CHAT] Manh2011 has made the advancement [Take Aim]
[23:01:47] [Render thread/WARN]: Ignoring player info update for unknown player a9ded30b-a487-3f12-8a7f-9cf53a5fd627
[23:01:47] [Render thread/WARN]: Entity class_745['Ccapybara777'/2519658, l='ClientLevel', x=994.69, y=-21.00, z=1001.30] does not have attribute null
[23:01:48] [Render thread/INFO]: [System] [CHAT] GodVaibhav69: ez
[23:01:48] [Render thread/WARN]: Entity class_745['snowloveyouu'/2515904, l='ClientLevel', x=1003.71, y=23.09, z=1024.22] does not have attribute null
[23:01:48] [Render thread/WARN]: Entity class_745['tuananh23'/2459002, l='ClientLevel', x=1008.07, y=16.31, z=1013.43] does not have attribute null
[23:01:48] [Render thread/WARN]: Entity class_745['Tus_Dzg'/2510046, l='ClientLevel', x=1002.54, y=-21.00, z=1000.43] does not have attribute null
[23:01:48] [Render thread/WARN]: Entity class_745['tuananh23'/2459002, l='ClientLevel', x=1008.30, y=17.47, z=1014.31] does not have attribute null
[23:01:49] [Render thread/WARN]: Entity class_745['snowloveyouu'/2515904, l='ClientLevel', x=1003.96, y=23.04, z=1023.62] does not have attribute null
[23:01:49] [Render thread/INFO]: [System] [CHAT] Seafox_X_Ocean has reached the goal [Postmortal]
[23:01:49] [Render thread/WARN]: Entity class_745['kotmkings'/2370633, l='ClientLevel', x=1021.74, y=57.00, z=995.86] does not have attribute null
[23:01:50] [Render thread/WARN]: Entity class_745['BxngTo'/2001190, l='ClientLevel', x=1006.61, y=13.42, z=1012.97] does not have attribute null
[23:01:50] [Render thread/WARN]: Entity class_745['Gothangelz'/2528451, l='ClientLevel', x=994.71, y=-19.09, z=1015.52] does not have attribute null
[23:01:50] [Render thread/WARN]: Entity class_745['minhxinacpuy'/2357684, l='ClientLevel', x=1003.42, y=-15.00, z=1006.48] does not have attribute null
[23:01:50] [Render thread/WARN]: Entity class_745['R7yuk'/2501839, l='ClientLevel', x=1000.86, y=100.98, z=1001.01] does not have attribute null
[23:01:50] [Render thread/WARN]: Entity class_745['CuSutThanSau'/2530962, l='ClientLevel', x=1009.06, y=18.44, z=1021.23] does not have attribute null
[23:01:50] [Render thread/INFO]: [System] [CHAT] .KingFoxSTA: ey ke
[23:01:51] [Render thread/WARN]: Entity class_745['Ethanpeing123'/2537221, l='ClientLevel', x=997.21, y=-21.00, z=1011.64] does not have attribute null
[23:01:51] [Render thread/WARN]: Entity class_745['Ccapybara777'/2519658, l='ClientLevel', x=994.44, y=-20.47, z=1001.55] does not have attribute null
[23:01:51] [Render thread/WARN]: Entity class_745['ngchssieuga'/2286400, l='ClientLevel', x=1017.16, y=56.00, z=995.91] does not have attribute null
[23:01:53] [Render thread/INFO]: [System] [CHAT] (⚔) Zeus_VN killed .SoleCereal4020.
[23:01:53] [Render thread/WARN]: Entity class_745['Ethanpeing123'/2537221, l='ClientLevel', x=993.09, y=-21.00, z=1007.58] does not have attribute null
[23:01:54] [Render thread/WARN]: Entity class_745['Tus_Dzg'/2510046, l='ClientLevel', x=1002.47, y=-21.00, z=1000.64] does not have attribute null
[23:01:54] [Render thread/WARN]: Entity class_745['minhxinacpuy'/2357684, l='ClientLevel', x=1003.18, y=-17.18, z=1003.50] does not have attribute null
[23:01:56] [Render thread/WARN]: Entity class_745['kotmkings'/2370633, l='ClientLevel', x=1022.73, y=85.47, z=963.32] does not have attribute null
[23:01:56] [Render thread/INFO]: [System] [CHAT] LzyKnight has reached the goal [Postmortal]
[23:01:56] [Render thread/WARN]: Entity class_745['Ccapybara777'/2519658, l='ClientLevel', x=994.66, y=-20.95, z=999.64] does not have attribute null
[23:01:57] [Render thread/WARN]: Entity class_745['Tus_Dzg'/2510046, l='ClientLevel', x=1001.16, y=-21.00, z=998.39] does not have attribute null
[23:01:57] [Render thread/WARN]: Entity class_746['khanhnotbruh'/2395064, l='ClientLevel', x=995.30, y=-21.00, z=1002.39] does not have attribute null
[23:01:57] [Render thread/WARN]: Entity class_745['snowloveyouu'/2515904, l='ClientLevel', x=992.66, y=-21.00, z=994.64] does not have attribute null
[23:01:57] [Render thread/INFO]: [System] [CHAT] Zeus_VN: :)))
[23:01:58] [Render thread/WARN]: Entity class_745['tadas12345'/2521596, l='ClientLevel', x=1029.77, y=75.75, z=971.17] does not have attribute null
[23:01:58] [Render thread/WARN]: Entity class_745['Ethanpeing123'/2537221, l='ClientLevel', x=989.86, y=-21.00, z=996.30] does not have attribute null
[23:01:58] [Render thread/WARN]: Entity class_745['Ethanpeing123'/2537221, l='ClientLevel', x=990.45, y=-21.00, z=995.59] does not have attribute null
[23:01:59] [Render thread/WARN]: Entity class_746['khanhnotbruh'/2395064, l='ClientLevel', x=995.77, y=-20.88, z=1003.56] does not have attribute null
[23:02:00] [Render thread/WARN]: Entity class_745['Ccapybara777'/2519658, l='ClientLevel', x=996.80, y=-20.91, z=1006.54] does not have attribute null
[23:02:00] [Render thread/WARN]: Entity class_745['BxngTo'/2001190, l='ClientLevel', x=1017.93, y=65.64, z=1045.30] does not have attribute null
[23:02:00] [Render thread/WARN]: Entity class_745['Gothangelz'/2528451, l='ClientLevel', x=998.77, y=-21.00, z=1006.32] does not have attribute null
[23:02:00] [Render thread/WARN]: Entity class_745['Ccapybara777'/2519658, l='ClientLevel', x=998.70, y=-20.95, z=1009.07] does not have attribute null
[23:02:00] [Render thread/WARN]: Entity class_745['Ethanpeing123'/2537221, l='ClientLevel', x=990.80, y=-19.29, z=991.35] does not have attribute null
[23:02:01] [Render thread/WARN]: Entity class_745['Ethanpeing123'/2537221, l='ClientLevel', x=990.58, y=-17.92, z=990.68] does not have attribute null
[23:02:01] [Render thread/WARN]: Ignoring player info update for unknown player d438d9b6-6096-36aa-bcd8-026abfcc69cf
[23:02:02] [Render thread/WARN]: Entity class_745['Tus_Dzg'/2510046, l='ClientLevel', x=1001.72, y=-21.00, z=998.56] does not have attribute null
[23:02:02] [Render thread/INFO]: [System] [CHAT] hoamoichs has reached the goal [Postmortal]
[23:02:02] [Render thread/INFO]: [System] [CHAT] +1 Points
[23:02:02] [Render thread/WARN]: Entity class_745['Gothangelz'/2528451, l='ClientLevel', x=1001.00, y=-21.00, z=1009.22] does not have attribute null
[23:02:02] [Render thread/WARN]: Entity class_745['Ccapybara777'/2519658, l='ClientLevel', x=999.84, y=-21.00, z=1012.70] does not have attribute null
[23:02:02] [Render thread/INFO]: [System] [CHAT] +1 Points
[23:02:02] [Render thread/WARN]: Entity class_745['Gothangelz'/2528451, l='ClientLevel', x=1000.11, y=-20.93, z=1009.16] does not have attribute null
[23:02:03] [Render thread/INFO]: [System] [CHAT] 
[23:02:03] [Render thread/INFO]: [System] [CHAT]  Seafox_X_Ocean ᴡᴀs ᴋɪᴄᴋᴇᴅ ʙʏ  
[23:02:03] [Render thread/INFO]: [System] [CHAT] Nevernine has reached the goal [Postmortal]
[23:02:03] [Render thread/WARN]: Entity class_745['Ethanpeing123'/2537221, l='ClientLevel', x=993.05, y=-19.76, z=987.30] does not have attribute null
[23:02:05] [Render thread/WARN]: Entity class_745['Ethanpeing123'/2537221, l='ClientLevel', x=1005.07, y=-13.86, z=1003.27] does not have attribute null
[23:02:05] [Render thread/WARN]: Ignoring player info update for unknown player 56019dc1-092d-495f-932a-cc9b681b62e3
[23:02:05] [Render thread/WARN]: Ignoring player info update for unknown player c374a0ff-2ac7-3592-b8bb-8ed0f7f65c40
[23:02:05] [Render thread/WARN]: Entity class_745['Tus_Dzg'/2510046, l='ClientLevel', x=1004.53, y=-21.00, z=996.41] does not have attribute null
[23:02:06] [Render thread/INFO]: [System] [CHAT] khangnguyen02 has made the advancement [Stone Age]
[23:02:06] [Render thread/INFO]: [System] [CHAT] BadXGood: ez
[23:02:06] [Render thread/INFO]: [System] [CHAT] SAKINA_Neverking: nh chop lg hz
[23:02:07] [Render thread/WARN]: Entity class_745['minhxinacpuy'/2357684, l='ClientLevel', x=1003.59, y=-21.00, z=999.38] does not have attribute null
[23:02:07] [Render thread/WARN]: Entity class_745['tadas12345'/2521596, l='ClientLevel', x=1044.94, y=71.42, z=1024.81] does not have attribute null
[23:02:07] [Render thread/WARN]: Entity class_746['khanhnotbruh'/2395064, l='ClientLevel', x=998.45, y=-21.00, z=1013.14] does not have attribute null
[23:02:09] [Render thread/INFO]: [System] [CHAT] GodVaibhav69 has made the advancement [Monster Hunter]
[23:02:09] [Render thread/WARN]: Ignoring player info update for unknown player 1ca32615-ae6e-384b-9af4-a32562550e9b
[23:02:09] [Render thread/WARN]: Ignoring player info update for unknown player 2d0fdb21-9f08-4de3-8879-8c6251f2852b
[23:02:10] [Render thread/INFO]: [System] [CHAT] 
[23:02:10] [Render thread/INFO]: [System] [CHAT]  Linzx911 ᴡᴀs ᴋɪᴄᴋᴇᴅ ʙʏ  
[23:02:10] [Render thread/WARN]: Entity class_745['Ethanpeing123'/2537221, l='ClientLevel', x=1009.70, y=-20.00, z=1013.67] does not have attribute null
[23:02:10] [Render thread/WARN]: Entity class_745['Tus_Dzg'/2510046, l='ClientLevel', x=1004.30, y=-21.00, z=996.70] does not have attribute null
[23:02:10] [Render thread/WARN]: Entity class_745['Gothangelz'/2528451, l='ClientLevel', x=1000.86, y=100.98, z=1001.01] does not have attribute null
[23:02:11] [Render thread/INFO]: [System] [CHAT] Nevernine has made the advancement [Stone Age]
[23:02:12] [Render thread/WARN]: Entity class_745['minhxinacpuy'/2357684, l='ClientLevel', x=1003.70, y=-21.00, z=999.48] does not have attribute null
[23:02:12] [Render thread/INFO]: [System] [CHAT] BaByRexPvP has reached the goal [Sky's the Limit]
[23:02:12] [Render thread/WARN]: Entity class_745['Ethanpeing123'/2537221, l='ClientLevel', x=1009.38, y=-19.00, z=1017.20] does not have attribute null
[23:02:13] [Render thread/WARN]: Entity class_745['minhxinacpuy'/2357684, l='ClientLevel', x=1003.70, y=-21.00, z=999.43] does not have attribute null
[23:02:13] [Render thread/WARN]: Entity class_745['kotmkings'/2370633, l='ClientLevel', x=1027.75, y=89.56, z=972.26] does not have attribute null
[23:02:13] [Render thread/WARN]: Entity class_746['khanhnotbruh'/2395064, l='ClientLevel', x=1006.51, y=-20.75, z=1012.07] does not have attribute null
[23:02:14] [Render thread/INFO]: [System] [CHAT] Seafox_X_Ocean has made the advancement [The End?]
[23:02:14] [Render thread/INFO]: [System] [CHAT] LzyKnight has made the advancement [The End?]
[23:02:14] [Render thread/WARN]: Ignoring player info update for unknown player a69cf839-a6d9-392f-be1b-e573c81706f9
[23:02:14] [Render thread/WARN]: Entity class_745['snowloveyouu'/2515904, l='ClientLevel', x=1009.71, y=-18.98, z=1014.81] does not have attribute null
[23:02:15] [Render thread/WARN]: Entity class_745['minhxinacpuy'/2357684, l='ClientLevel', x=1003.71, y=-21.00, z=1000.41] does not have attribute null
[23:02:15] [Render thread/WARN]: Entity class_745['R7yuk'/2501839, l='ClientLevel', x=1000.86, y=100.98, z=1001.01] does not have attribute null
[23:02:16] [Render thread/INFO]: [System] [CHAT] Bisherfr: Zarmloww accept
[23:02:17] [Render thread/WARN]: Entity class_745['Ethanpeing123'/2537221, l='ClientLevel', x=995.12, y=-20.57, z=1011.56] does not have attribute null
[23:02:17] [Render thread/WARN]: Entity class_745['Tus_Dzg'/2510046, l='ClientLevel', x=1004.39, y=-20.60, z=996.48] does not have attribute null
[23:02:18] [Render thread/WARN]: Entity class_745['Tus_Dzg'/2510046, l='ClientLevel', x=1005.02, y=-19.49, z=993.45] does not have attribute null
[23:02:19] [Render thread/WARN]: Ignoring player info update for unknown player d2fb4d9f-d29c-333d-95b2-b7efbb36d7df
[23:02:19] [Render thread/INFO]: [System] [CHAT] Manh2011 has reached the goal [Postmortal]
[23:02:19] [Render thread/WARN]: Entity class_745['Ethanpeing123'/2537221, l='ClientLevel', x=1001.25, y=-9.00, z=992.90] does not have attribute null
[23:02:19] [Render thread/WARN]: Entity class_745['snowloveyouu'/2515904, l='ClientLevel', x=1010.65, y=-17.53, z=1013.78] does not have attribute null
[23:02:20] [Render thread/WARN]: Entity class_745['Gothangelz'/2528451, l='ClientLevel', x=1007.70, y=-19.80, z=989.78] does not have attribute null
[23:02:24] [Render thread/WARN]: Entity class_745['Ethanpeing123'/2537221, l='ClientLevel', x=1002.12, y=-10.00, z=992.37] does not have attribute null
[23:02:25] [Render thread/WARN]: Ignoring player info update for unknown player 1a38b14e-0e25-48f9-ba90-da0ada078309
[23:02:26] [Render thread/WARN]: Ignoring player info update for unknown player 1ca32615-ae6e-384b-9af4-a32562550e9b
[23:02:26] [Render thread/WARN]: Entity class_745['R7yuk'/2501839, l='ClientLevel', x=1041.12, y=57.19, z=1015.66] does not have attribute null
[23:02:26] [Render thread/WARN]: Entity class_746['khanhnotbruh'/2395064, l='ClientLevel', x=1013.70, y=-19.00, z=1018.70] does not have attribute null
[23:02:26] [Render thread/WARN]: Entity class_745['minhxinacpuy'/2357684, l='ClientLevel', x=1002.50, y=-21.00, z=997.36] does not have attribute null
[23:02:26] [Render thread/WARN]: Entity class_745['minhxinacpuy'/2357684, l='ClientLevel', x=1002.61, y=-20.67, z=996.68] does not have attribute null
[23:02:27] [Render thread/WARN]: Entity class_745['Ethanpeing123'/2537221, l='ClientLevel', x=1004.33, y=-10.00, z=994.67] does not have attribute null
[23:02:27] [Render thread/WARN]: Entity class_745['Tus_Dzg'/2510046, l='ClientLevel', x=1009.70, y=-20.98, z=989.25] does not have attribute null
[23:02:27] [Render thread/WARN]: Entity class_745['Gothangelz'/2528451, l='ClientLevel', x=1004.20, y=-19.40, z=994.36] does not have attribute null
[23:02:27] [Render thread/WARN]: Entity class_745['Gothangelz'/2528451, l='ClientLevel', x=1003.85, y=-19.91, z=994.21] does not have attribute null
[23:02:27] [Render thread/INFO]: [System] [CHAT] 
[23:02:27] [Render thread/INFO]: [System] [CHAT]  GodVaibhav69 ᴡᴀs ᴋɪᴄᴋᴇᴅ ʙʏ  
[23:02:27] [Render thread/INFO]: [System] [CHAT] NotHerAgain_: my ping
[23:02:28] [Render thread/WARN]: Entity class_745['BxngTo'/2001190, l='ClientLevel', x=1054.85, y=64.69, z=1040.35] does not have attribute null
[23:02:28] [Render thread/WARN]: Entity class_745['R7yuk'/2501839, l='ClientLevel', x=1040.29, y=57.00, z=1017.80] does not have attribute null
[23:02:28] [Render thread/INFO]: [System] [CHAT] TaleCSC has made the advancement [Ol' Betsy]
[23:02:28] [Render thread/WARN]: Entity class_745['Gothangelz'/2528451, l='ClientLevel', x=1004.34, y=-20.00, z=992.30] does not have attribute null
[23:02:28] [Render thread/INFO]: [System] [CHAT] TaleCSC has made the advancement [Take Aim]
[23:02:29] [Render thread/WARN]: Entity class_745['CuSutThanSau'/2530962, l='ClientLevel', x=1001.73, y=-21.00, z=996.30] does not have attribute null
[23:02:29] [Render thread/WARN]: Entity class_745['Gothangelz'/2528451, l='ClientLevel', x=999.38, y=-20.79, z=993.36] does not have attribute null
[23:02:29] [Render thread/WARN]: Entity class_746['khanhnotbruh'/2395064, l='ClientLevel', x=1014.03, y=-17.47, z=1018.70] does not have attribute null
[23:02:29] [Render thread/WARN]: Entity class_746['khanhnotbruh'/2395064, l='ClientLevel', x=1015.62, y=-16.85, z=1019.40] does not have attribute null
[23:02:30] [Render thread/INFO]: [System] [CHAT] MeTooNoob has completed the challenge [Over-Overkill]
[23:02:30] [Render thread/WARN]: Entity class_746['khanhnotbruh'/2395064, l='ClientLevel', x=1016.87, y=-17.99, z=1021.87] does not have attribute null
[23:02:30] [Render thread/WARN]: Entity class_745['Ethanpeing123'/2537221, l='ClientLevel', x=1006.22, y=-20.00, z=993.40] does not have attribute null
[23:02:31] [Render thread/INFO]: [System] [CHAT] Zarmloww: Bisherfr
[23:02:31] [Render thread/WARN]: Entity class_746['khanhnotbruh'/2395064, l='ClientLevel', x=1017.92, y=-18.00, z=1022.70] does not have attribute null
[23:02:31] [Render thread/WARN]: Entity class_745['Ethanpeing123'/2537221, l='ClientLevel', x=1006.07, y=-20.00, z=994.14] does not have attribute null
[23:02:31] [Render thread/WARN]: Ignoring player info update for unknown player 1dffeb58-1e6a-33ea-9b28-3c0d06761e01
[23:02:32] [Render thread/WARN]: Ignoring player info update for unknown player 1a38b14e-0e25-48f9-ba90-da0ada078309
[23:02:32] [Render thread/INFO]: [System] [CHAT] Itz_Death9: 2-0 lt3
[23:02:32] [Render thread/WARN]: Entity class_745['R7yuk'/2501839, l='ClientLevel', x=1037.41, y=57.00, z=1016.57] does not have attribute null
[23:02:33] [Render thread/WARN]: Entity class_746['khanhnotbruh'/2395064, l='ClientLevel', x=1018.11, y=-17.12, z=1023.70] does not have attribute null
[23:02:33] [Render thread/INFO]: [System] [CHAT] sang1209 has reached the goal [Postmortal]
[23:02:33] [Render thread/WARN]: Entity class_745['snowloveyouu'/2515904, l='ClientLevel', x=1017.47, y=-17.28, z=1020.76] does not have attribute null
[23:02:33] [Render thread/INFO]: [System] [CHAT] BaByRexPvP has made the advancement [Who Needs Rockets?]
[23:02:34] [Render thread/INFO]: [System] [CHAT] +1 Points
[23:02:34] [Render thread/WARN]: Entity class_745['snowloveyouu'/2515904, l='ClientLevel', x=1017.08, y=-16.67, z=1020.01] does not have attribute null
[23:02:34] [Render thread/WARN]: Entity class_745['CuSutThanSau'/2530962, l='ClientLevel', x=1003.75, y=-21.00, z=993.48] does not have attribute null
[23:02:34] [Render thread/WARN]: Ignoring player info update for unknown player b89c860d-d835-3505-a672-5d1d006b14bb
[23:02:35] [Render thread/WARN]: Ignoring player info update for unknown player 4fb3b47a-68b0-3bd1-b2e9-5065f14506ac
[23:02:35] [Render thread/WARN]: Entity class_745['Tus_Dzg'/2510046, l='ClientLevel', x=1009.48, y=-21.00, z=989.46] does not have attribute null
[23:02:35] [Render thread/WARN]: Entity class_745['CuSutThanSau'/2530962, l='ClientLevel', x=1006.20, y=-21.00, z=991.55] does not have attribute null
[23:02:35] [Render thread/INFO]: [System] [CHAT] BadXGood has made the advancement [Stone Age]
[23:02:36] [Render thread/WARN]: Entity class_745['CuSutThanSau'/2530962, l='ClientLevel', x=1005.35, y=-20.80, z=992.21] does not have attribute null
[23:02:36] [Render thread/WARN]: Entity class_745['Tus_Dzg'/2510046, l='ClientLevel', x=1011.70, y=-21.00, z=986.66] does not have attribute null
[23:02:37] [Render thread/INFO]: [System] [CHAT] Kit 2 loaded!
[23:02:37] [Render thread/WARN]: Entity class_746['khanhnotbruh'/2395064, l='ClientLevel', x=1018.20, y=-18.00, z=1022.58] does not have attribute null
[23:02:38] [Render thread/INFO]: [System] [CHAT] 
[23:02:38] [Render thread/INFO]: [System] [CHAT]  HT_5 ᴡᴀs ᴋɪᴄᴋᴇᴅ ʙʏ  
[23:02:38] [Render thread/WARN]: Entity class_745['pagal_da_putar'/2480474, l='ClientLevel', x=1000.86, y=100.98, z=1001.01] does not have attribute null
[23:02:39] [Render thread/INFO]: [System] [CHAT] EnvyHocux: gg
[23:02:39] [Render thread/WARN]: Entity class_745['minhxinacpuy'/2357684, l='ClientLevel', x=990.65, y=-21.00, z=997.70] does not have attribute null
[23:02:39] [Render thread/INFO]: [System] [CHAT] Sent teleport request to vinhminebk.
[23:02:40] [Render thread/WARN]: Ignoring player info update for unknown player e1ba3800-bd01-3561-917a-d5c60136746d
[23:02:40] [Render thread/WARN]: Entity class_745['Tus_Dzg'/2510046, l='ClientLevel', x=1014.11, y=-19.85, z=985.39] does not have attribute null
[23:02:40] [Render thread/WARN]: Entity class_745['Tus_Dzg'/2510046, l='ClientLevel', x=1014.87, y=-19.95, z=985.34] does not have attribute null
[23:02:41] [Render thread/WARN]: Ignoring player info update for unknown player dc804268-532c-32d0-b21b-5f0dcb3083f5
[23:02:41] [Render thread/WARN]: Entity class_745['CuSutThanSau'/2530962, l='ClientLevel', x=1010.05, y=-21.00, z=986.70] does not have attribute null
[23:02:41] [Render thread/WARN]: Entity class_745['minhxinacpuy'/2357684, l='ClientLevel', x=990.65, y=-21.00, z=997.70] does not have attribute null
[23:02:42] [Render thread/WARN]: Entity class_746['khanhnotbruh'/2395064, l='ClientLevel', x=1016.34, y=-18.00, z=1022.78] does not have attribute null
[23:02:43] [Render thread/INFO]: [System] [CHAT] Kit 1 loaded!
[23:02:43] [Render thread/WARN]: Entity class_746['khanhnotbruh'/2395064, l='ClientLevel', x=1015.94, y=-18.00, z=1022.76] does not have attribute null
[23:02:44] [Render thread/WARN]: Entity class_745['CuSutThanSau'/2530962, l='ClientLevel', x=1006.63, y=-21.00, z=995.66] does not have attribute null
[23:02:44] [Render thread/WARN]: Entity class_745['snowloveyouu'/2515904, l='ClientLevel', x=1000.86, y=100.98, z=1001.01] does not have attribute null
[23:02:44] [Render thread/WARN]: Entity class_745['R7yuk'/2501839, l='ClientLevel', x=1000.86, y=100.98, z=1001.01] does not have attribute null
[23:02:44] [Render thread/WARN]: Entity class_745['Saad_Gaming_XD'/2543948, l='ClientLevel', x=1000.86, y=100.98, z=1001.01] does not have attribute null
[23:02:44] [Render thread/WARN]: Ignoring player info update for unknown player bc88301e-52f5-304d-896b-6390a3f62b9c
[23:02:46] [Render thread/WARN]: Entity class_745['CuSutThanSau'/2530962, l='ClientLevel', x=1005.92, y=-19.82, z=1015.45] does not have attribute null
[23:02:46] [Render thread/WARN]: Entity class_745['minhxinacpuy'/2357684, l='ClientLevel', x=1010.30, y=-19.00, z=1019.97] does not have attribute null
[23:02:46] [Render thread/INFO]: [System] [CHAT] FMLTUN has made the advancement [Take Aim]
[23:02:47] [Render thread/WARN]: Entity class_745['CuSutThanSau'/2530962, l='ClientLevel', x=1006.12, y=-21.00, z=1016.39] does not have attribute null
[23:02:48] [Render thread/INFO]: [System] [CHAT] Linzx911 has made the advancement [The End?]
[23:02:48] [Render thread/WARN]: Entity class_746['khanhnotbruh'/2395064, l='ClientLevel', x=1015.18, y=-18.00, z=1022.05] does not have attribute null
[23:02:49] [Render thread/WARN]: Entity class_745['snowloveyouu'/2515904, l='ClientLevel', x=1003.46, y=57.00, z=1008.20] does not have attribute null
[23:02:49] [Render thread/INFO]: [System] [CHAT] Seafox_X_Ocean has reached the goal [Postmortal]
[23:02:50] [Render thread/WARN]: Entity class_746['khanhnotbruh'/2395064, l='ClientLevel', x=1011.75, y=-18.76, z=1021.54] does not have attribute null
[23:02:50] [Render thread/WARN]: Entity class_745['CuSutThanSau'/2530962, l='ClientLevel', x=1007.18, y=-21.00, z=1020.07] does not have attribute null
[23:02:50] [Render thread/WARN]: Entity class_745['CuSutThanSau'/2530962, l='ClientLevel', x=1007.48, y=-20.98, z=1020.75] does not have attribute null
[23:02:51] [Render thread/INFO]: [System] [CHAT] KillerMCN: who 1v1 ht4 tp
[23:02:51] [Render thread/WARN]: Entity class_745['snowloveyouu'/2515904, l='ClientLevel', x=997.09, y=56.00, z=1020.47] does not have attribute null
[23:02:52] [Render thread/WARN]: Entity class_745['R7yuk'/2501839, l='ClientLevel', x=994.02, y=57.80, z=1022.41] does not have attribute null
[23:02:52] [Render thread/INFO]: [System] [CHAT] ItzTAlonton: Tpa
[23:02:53] [Render thread/WARN]: Entity class_745['minhxinacpuy'/2357684, l='ClientLevel', x=1009.57, y=-20.28, z=1027.66] does not have attribute null
[23:02:53] [Render thread/INFO]: [System] [CHAT] +1 Points
[23:02:53] [Render thread/WARN]: Entity class_745['minhxinacpuy'/2357684, l='ClientLevel', x=1008.99, y=-19.76, z=1027.70] does not have attribute null
[23:02:53] [Render thread/INFO]: [System] [CHAT] Bisherfr has made the advancement [Ol' Betsy]
[23:02:54] [Render thread/INFO]: [System] [CHAT] Zarmloww has made the advancement [Not Today, Thank You]
[23:02:54] [Render thread/INFO]: [System] [CHAT] Bisherfr has made the advancement [Take Aim]
[23:02:54] [Render thread/INFO]: [System] [CHAT] Linzx911 has reached the goal [Sky's the Limit]
[23:02:54] [Render thread/WARN]: Ignoring player info update for unknown player ce48c2bf-8af1-31af-a495-fec63dea20dc
[23:02:56] [Render thread/WARN]: Ignoring player info update for unknown player d438d9b6-6096-36aa-bcd8-026abfcc69cf
[23:02:56] [Render thread/WARN]: Entity class_745['snowloveyouu'/2515904, l='ClientLevel', x=1000.61, y=57.00, z=1012.83] does not have attribute null
[23:02:57] [Render thread/WARN]: Ignoring player info update for unknown player 019f21e3-3a68-32f3-81c4-15abe9f83d3c
[23:02:57] [Render thread/WARN]: Ignoring player info update for unknown player 7d3a68e2-891b-3c72-9e50-f32ad37aa258
[23:02:58] [Render thread/WARN]: Entity class_745['kotmkings'/2370633, l='ClientLevel', x=1031.88, y=78.29, z=976.11] does not have attribute null
[23:02:59] [Render thread/WARN]: Entity class_746['khanhnotbruh'/2395064, l='ClientLevel', x=992.43, y=-20.50, z=1002.56] does not have attribute null
[23:02:59] [Render thread/INFO]: [System] [CHAT] Tevada_Kai has completed the challenge [Cover Me in Debris]
[23:02:59] [Render thread/INFO]: [System] [CHAT] Tevada_Kai has made the advancement [Ice Bucket Challenge]
[23:03:00] [Render thread/WARN]: Entity class_745['snowloveyouu'/2515904, l='ClientLevel', x=1001.85, y=35.23, z=1001.68] does not have attribute null
[23:03:00] [Render thread/INFO]: [System] [CHAT] SAKINA_Neverking: me chop lg hz
[23:03:00] [Render thread/WARN]: Entity class_745['tuananh23'/2459002, l='ClientLevel', x=1000.86, y=100.98, z=1001.01] does not have attribute null
[23:03:00] [Render thread/INFO]: [System] [CHAT] GodVaibhav69 has reached the goal [Postmortal]
[23:03:00] [Render thread/INFO]: [System] [CHAT] TKB_BinhAn has made the advancement [Ol' Betsy]
[23:03:00] [Render thread/WARN]: Entity class_745['tadas12345'/2521596, l='ClientLevel', x=1037.91, y=73.59, z=981.43] does not have attribute null
[23:03:01] [Render thread/INFO]: [System] [CHAT] TKB_BinhAn has made the advancement [Take Aim]
[23:03:01] [Render thread/WARN]: Entity class_745['pagal_da_putar'/2480474, l='ClientLevel', x=1002.40, y=-21.00, z=1010.24] does not have attribute null
[23:03:01] [Render thread/WARN]: Entity class_745['Saad_Gaming_XD'/2543948, l='ClientLevel', x=996.87, y=-21.00, z=1007.10] does not have attribute null
[23:03:01] [Render thread/WARN]: Entity class_745['Saad_Gaming_XD'/2543948, l='ClientLevel', x=996.84, y=-21.00, z=1007.15] does not have attribute null
[23:03:02] [Render thread/WARN]: Entity class_746['khanhnotbruh'/2395064, l='ClientLevel', x=999.41, y=-20.86, z=1009.62] does not have attribute null
[23:03:02] [Render thread/INFO]: [System] [CHAT] +1 Points
[23:03:02] [Render thread/WARN]: Entity class_745['pagal_da_putar'/2480474, l='ClientLevel', x=1002.40, y=-21.00, z=1010.24] does not have attribute null
[23:03:03] [Render thread/WARN]: Entity class_745['R7yuk'/2501839, l='ClientLevel', x=1000.86, y=100.98, z=1001.01] does not have attribute null
[23:03:03] [Render thread/WARN]: Entity class_745['DarkOakG1222'/2544285, l='ClientLevel', x=1000.86, y=100.98, z=1001.01] does not have attribute null
[23:03:03] [Render thread/INFO]: [System] [CHAT] Zeus_VN: thg lol cw ngu
[23:03:03] [Render thread/INFO]: [System] [CHAT] NoMercyX has completed the challenge [Over-Overkill]
[23:03:04] [Render thread/INFO]: [System] [CHAT] GodVaibhav69 has made the advancement [Stone Age]
[23:03:04] [Render thread/WARN]: Entity class_745['kotmkings'/2370633, l='ClientLevel', x=1030.22, y=79.14, z=975.31] does not have attribute null
[23:03:04] [Render thread/WARN]: Entity class_745['tuananh23'/2459002, l='ClientLevel', x=1002.38, y=57.09, z=1016.86] does not have attribute null
[23:03:04] [Render thread/WARN]: Entity class_745['snowloveyouu'/2515904, l='ClientLevel', x=1001.93, y=-20.95, z=1000.81] does not have attribute null
[23:03:04] [Render thread/WARN]: Ignoring player info update for unknown player 7a8781e7-cc0e-3e90-bbd6-c2b74eea0c01
[23:03:05] [Render thread/WARN]: Entity class_745['Saad_Gaming_XD'/2543948, l='ClientLevel', x=993.31, y=-20.73, z=1006.43] does not have attribute null
[23:03:05] [Render thread/INFO]: [System] [CHAT] huyyyyyyyyy has made the advancement [Stone Age]
[23:03:05] [Render thread/INFO]: [System] [CHAT] +1 Points
[23:03:05] [Render thread/WARN]: Entity class_745['Saad_Gaming_XD'/2543948, l='ClientLevel', x=992.01, y=-19.49, z=1005.72] does not have attribute null
[23:03:06] [Render thread/WARN]: Entity class_745['DarkOakG1222'/2544285, l='ClientLevel', x=1002.20, y=56.40, z=1003.73] does not have attribute null
[23:03:06] [Render thread/WARN]: Entity class_745['tadas12345'/2521596, l='ClientLevel', x=1033.30, y=80.55, z=980.93] does not have attribute null
[23:03:06] [Render thread/WARN]: Entity class_745['snowloveyouu'/2515904, l='ClientLevel', x=997.05, y=-21.00, z=999.86] does not have attribute null
[23:03:06] [Render thread/INFO]: [System] [CHAT] 
[23:03:06] [Render thread/INFO]: [System] [CHAT]  huyyyyyyyyy ᴡᴀs ᴋɪᴄᴋᴇᴅ ʙʏ  
[23:03:08] [Render thread/WARN]: Entity class_746['khanhnotbruh'/2395064, l='ClientLevel', x=995.96, y=-19.75, z=1010.29] does not have attribute null
[23:03:08] [Render thread/INFO]: [System] [CHAT] 
[23:03:08] [Render thread/INFO]: [System] [CHAT]  Realitz_Zyntrax ᴡᴀs ᴋɪᴄᴋᴇᴅ ʙʏ  
[23:03:09] [Render thread/INFO]: [System] [CHAT] Bisherfr has reached the goal [Postmortal]
[23:03:10] [Render thread/WARN]: Entity class_745['DarkOakG1222'/2544285, l='ClientLevel', x=1001.82, y=-21.00, z=1002.07] does not have attribute null
[23:03:10] [Render thread/INFO]: [System] [CHAT] Manh2011 has made the advancement [Stone Age]
[23:03:10] [Render thread/WARN]: Entity class_745['tadas12345'/2521596, l='ClientLevel', x=1025.62, y=79.33, z=976.51] does not have attribute null
[23:03:11] [Render thread/WARN]: Entity class_745['tadas12345'/2521596, l='ClientLevel', x=1025.67, y=75.31, z=979.40] does not have attribute null
[23:03:11] [Render thread/WARN]: Entity class_745['tuananh23'/2459002, l='ClientLevel', x=1004.02, y=23.00, z=994.95] does not have attribute null
[23:03:11] [Render thread/INFO]: [System] [CHAT] GodVaibhav69: lol
[23:03:11] [Render thread/WARN]: Entity class_745['snowloveyouu'/2515904, l='ClientLevel', x=1001.75, y=-20.38, z=1017.51] does not have attribute null
[23:03:11] [Render thread/INFO]: [System] [CHAT] Spidy_plays has reached the goal [Postmortal]
[23:03:12] [Render thread/WARN]: Entity class_746['khanhnotbruh'/2395064, l='ClientLevel', x=1001.38, y=-20.72, z=1020.71] does not have attribute null
[23:03:12] [Render thread/INFO]: [System] [CHAT] Spidy_plays has made the advancement [Stone Age]
[23:03:12] [Render thread/WARN]: Entity class_745['snowloveyouu'/2515904, l='ClientLevel', x=1001.23, y=-21.00, z=1017.49] does not have attribute null
[23:03:13] [Render thread/WARN]: Entity class_745['CuSutThanSau'/2530962, l='ClientLevel', x=1000.86, y=100.98, z=1001.01] does not have attribute null
[23:03:13] [Render thread/INFO]: [System] [CHAT] MeTooNoob has reached the goal [Postmortal]
[23:03:13] [Render thread/WARN]: Entity class_745['Saad_Gaming_XD'/2543948, l='ClientLevel', x=991.76, y=-19.38, z=1005.64] does not have attribute null
[23:03:13] [Render thread/WARN]: Entity class_745['snowloveyouu'/2515904, l='ClientLevel', x=1001.14, y=-20.40, z=1017.37] does not have attribute null
[23:03:13] [Render thread/WARN]: Entity class_745['DarkOakG1222'/2544285, l='ClientLevel', x=1001.28, y=-20.99, z=1011.91] does not have attribute null
[23:03:13] [Render thread/WARN]: Entity class_745['kotmkings'/2370633, l='ClientLevel', x=1029.97, y=58.00, z=993.01] does not have attribute null
[23:03:15] [Render thread/WARN]: Entity class_745['snowloveyouu'/2515904, l='ClientLevel', x=998.22, y=-20.24, z=1012.50] does not have attribute null
[23:03:16] [Render thread/INFO]: [System] [CHAT] Zeus_VN: bi kick hoai ko chaan af
[23:03:16] [Render thread/INFO]: [System] [CHAT] OunTamafia has reached the goal [Postmortal]
[23:03:16] [Render thread/WARN]: Entity class_746['khanhnotbruh'/2395064, l='ClientLevel', x=1000.05, y=-21.00, z=1024.03] does not have attribute null
[23:03:17] [Render thread/INFO]: [System] [CHAT] GodVaibhav69: mf hacker got kick
[23:03:18] [Render thread/INFO]: [System] [CHAT] .GauzyChain3911: @kingFoxSTA tp mk
[23:03:19] [Render thread/WARN]: Entity class_746['khanhnotbruh'/2395064, l='ClientLevel', x=999.25, y=-21.00, z=1025.70] does not have attribute null
[23:03:19] [Render thread/WARN]: Entity class_745['DarkOakG1222'/2544285, l='ClientLevel', x=997.34, y=-20.96, z=1024.00] does not have attribute null
[23:03:19] [Render thread/INFO]: [System] [CHAT] 
[23:03:19] [Render thread/INFO]: [System] [CHAT]  Seafox_X_Ocean ᴡᴀs ᴋɪᴄᴋᴇᴅ ʙʏ  
[23:03:19] [Render thread/INFO]: [System] [CHAT] TaleCSC has reached the goal [Postmortal]
[23:03:19] [Render thread/WARN]: Entity class_746['khanhnotbruh'/2395064, l='ClientLevel', x=998.41, y=-20.20, z=1027.66] does not have attribute null
[23:03:19] [Render thread/WARN]: Entity class_745['DarkOakG1222'/2544285, l='ClientLevel', x=998.13, y=-20.94, z=1024.66] does not have attribute null
[23:03:21] [Render thread/INFO]: [System] [CHAT] Zeus_VN: kiem cai cw ngon hon di
[23:03:21] [Render thread/WARN]: Entity class_746['khanhnotbruh'/2395064, l='ClientLevel', x=997.06, y=-21.00, z=1028.70] does not have attribute null
[23:03:21] [Render thread/WARN]: Entity class_745['DarkOakG1222'/2544285, l='ClientLevel', x=996.02, y=-20.99, z=1025.89] does not have attribute null
[23:03:22] [Render thread/WARN]: Ignoring player info update for unknown player 56019dc1-092d-495f-932a-cc9b681b62e3
[23:03:22] [Render thread/INFO]: [System] [CHAT] .GauzyChain3911:  tp mk
[23:03:23] [Render thread/INFO]: [System] [CHAT] GodVaibhav69: mff
[23:03:24] [Render thread/WARN]: Entity class_745['Saad_Gaming_XD'/2543948, l='ClientLevel', x=996.70, y=-21.00, z=1019.26] does not have attribute null
[23:03:24] [Render thread/WARN]: Entity class_745['tuananh23'/2459002, l='ClientLevel', x=997.22, y=-21.00, z=1014.59] does not have attribute null
[23:03:25] [Render thread/WARN]: Entity class_745['Saad_Gaming_XD'/2543948, l='ClientLevel', x=996.02, y=-21.00, z=1017.54] does not have attribute null
[23:03:25] [Render thread/INFO]: [System] [CHAT] Linzx911 has reached the goal [Postmortal]
[23:03:26] [Render thread/WARN]: Entity class_746['khanhnotbruh'/2395064, l='ClientLevel', x=996.11, y=-21.00, z=1033.65] does not have attribute null
[23:03:26] [Render thread/WARN]: Entity class_745['DarkOakG1222'/2544285, l='ClientLevel', x=994.67, y=-21.00, z=1025.70] does not have attribute null
[23:03:26] [Render thread/WARN]: Entity class_745['R7yuk'/2501839, l='ClientLevel', x=982.63, y=46.02, z=994.40] does not have attribute null
[23:03:27] [Render thread/INFO]: [System] [CHAT] .SoleCereal4020 has made the advancement [Stone Age]
[23:03:27] [Render thread/INFO]: [System] [CHAT] LzyKnight has made the advancement [Stone Age]
[23:03:27] [Render thread/INFO]: [System] [CHAT] .GauzyChain3911:  tp mk
[23:03:27] [Render thread/INFO]: [System] [CHAT] BadXGood: ez
[23:03:27] [Render thread/WARN]: Ignoring player info update for unknown player 7d3a68e2-891b-3c72-9e50-f32ad37aa258
[23:03:27] [Render thread/WARN]: Entity class_746['khanhnotbruh'/2395064, l='ClientLevel', x=992.05, y=-20.82, z=1024.37] does not have attribute null
[23:03:28] [Render thread/WARN]: Ignoring player info update for unknown player cd75cda3-a64d-3c16-b1f8-87c2682f6d90
[23:03:28] [Render thread/INFO]: [System] [CHAT] -1 Points
[23:03:28] [Render thread/INFO]: [System] [CHAT] +1 Death
[23:03:28] [Render thread/WARN]: Entity class_746['khanhnotbruh'/2395064, l='ClientLevel', x=993.09, y=-20.49, z=1024.70] does not have attribute null
[23:03:28] [Render thread/INFO]: [System] [CHAT] 
[23:03:28] [Render thread/INFO]: [System] [CHAT]  NDS_ ᴡᴀs ᴋɪᴄᴋᴇᴅ ʙʏ  
[23:03:28] [Render thread/INFO]: [System] [CHAT] KillerMCN: who 1v1 ht4 tp
[23:03:28] [Render thread/WARN]: Entity class_745['DarkOakG1222'/2544285, l='ClientLevel', x=994.31, y=-20.21, z=1025.30] does not have attribute null
[23:03:29] [Render thread/INFO]: Stopping worker threads
[23:03:29] [Render thread/INFO]: Started 1 worker threads
[23:03:29] [Render thread/INFO]: Stopping worker threads
[23:03:29] [Render thread/INFO]: Started 1 worker threads
[23:03:29] [Render thread/WARN]: Entity class_746['khanhnotbruh'/2395064, l='ClientLevel', x=0.55, y=65.00, z=-6.49] does not have attribute null
[23:03:29] [Render thread/INFO]: [System] [CHAT] HT_5 has reached the goal [Postmortal]
[23:03:29] [Render thread/WARN]: Entity class_745['DeathFalls'/2497776, l='ClientLevel', x=0.64, y=65.00, z=-13.44] does not have attribute null
[23:03:29] [Render thread/WARN]: Entity class_745['snowloveyouu'/2515904, l='ClientLevel', x=6.53, y=65.06, z=-12.58] does not have attribute null
[23:03:29] [Render thread/WARN]: Entity class_745['yeunjim'/2302141, l='ClientLevel', x=0.91, y=65.00, z=-12.77] does not have attribute null
[23:03:29] [Render thread/WARN]: Entity class_745['notmebro'/2524313, l='ClientLevel', x=2.16, y=65.00, z=-7.34] does not have attribute null
[23:03:29] [Render thread/WARN]: Entity class_745['man3p3ar'/2496426, l='ClientLevel', x=4.86, y=65.00, z=-15.40] does not have attribute null
[23:03:29] [Render thread/WARN]: Entity class_745['nhiklopi'/2530109, l='ClientLevel', x=0.66, y=65.00, z=-6.24] does not have attribute null
[23:03:29] [Render thread/WARN]: Entity class_745['Nevernine'/2531561, l='ClientLevel', x=3.57, y=65.00, z=-11.21] does not have attribute null
[23:03:29] [Render thread/WARN]: Entity class_745['Seafox_X_Ocean'/2547968, l='ClientLevel', x=0.03, y=65.00, z=-8.67] does not have attribute null
[23:03:29] [Render thread/WARN]: Entity class_745['khang2kkk'/2034321, l='ClientLevel', x=0.55, y=65.00, z=-6.49] does not have attribute null
[23:03:29] [Render thread/WARN]: Entity class_745['PlentyWistle'/2416129, l='ClientLevel', x=0.55, y=65.00, z=-6.49] does not have attribute null
[23:03:29] [Render thread/WARN]: Entity class_745['PTADetagon'/2464741, l='ClientLevel', x=4.97, y=65.00, z=-15.57] does not have attribute null
[23:03:29] [Render thread/WARN]: Entity class_745['Real_DKG'/2548462, l='ClientLevel', x=0.55, y=65.00, z=-6.49] does not have attribute null
[23:03:29] [Render thread/WARN]: Entity class_745['khangnguyen02'/2530225, l='ClientLevel', x=0.55, y=65.00, z=-6.49] does not have attribute null
[23:03:29] [Render thread/WARN]: Entity class_745['MeTooNoob'/2535887, l='ClientLevel', x=1.39, y=65.00, z=-11.07] does not have attribute null
[23:03:30] [Render thread/WARN]: Entity class_745['pagal_da_putar'/2480474, l='ClientLevel', x=-3.39, y=65.00, z=-10.91] does not have attribute null
[23:03:30] [Render thread/WARN]: Entity class_745['User123name'/2493174, l='ClientLevel', x=-0.76, y=66.18, z=-12.42] does not have attribute null
[23:03:30] [Render thread/WARN]: Entity class_745['minhxinacpuy'/2357684, l='ClientLevel', x=2.46, y=65.00, z=-20.38] does not have attribute null
[23:03:30] [Render thread/WARN]: Entity class_745['XzermarketMC'/2082027, l='ClientLevel', x=28.32, y=65.00, z=-23.27] does not have attribute null
[23:03:30] [Render thread/WARN]: Entity class_745['.Jamewick3414'/2219310, l='ClientLevel', x=-5.38, y=65.06, z=-17.00] does not have attribute null
[23:03:30] [Render thread/INFO]: [System] [CHAT] .GauzyChain3911:  tp mk
[23:03:30] [Render thread/WARN]: Entity class_745['Azythera'/2413309, l='ClientLevel', x=-23.04, y=65.00, z=-12.49] does not have attribute null
[23:03:30] [Render thread/WARN]: Entity class_745['Sunset_Lov3r'/2413984, l='ClientLevel', x=-29.70, y=67.00, z=-6.30] does not have attribute null
[23:03:30] [Render thread/INFO]: [System] [CHAT] NotProKing has reached the goal [Postmortal]
[23:03:30] [Render thread/WARN]: Entity class_745['Manh2011'/2536655, l='ClientLevel', x=0.55, y=65.00, z=-6.49] does not have attribute null
[23:03:31] [Render thread/INFO]: [System] [CHAT] Kit 1 loaded!
[23:03:31] [Render thread/WARN]: Ignoring player info update for unknown player 7232378e-f7da-4bb3-a6ae-6c573da00ef5
[23:03:31] [Render thread/WARN]: Entity class_745['NDS_'/2548780, l='ClientLevel', x=0.55, y=65.00, z=-6.49] does not have attribute null
[23:03:31] [Render thread/WARN]: Entity class_745['NDS_'/2548780, l='ClientLevel', x=0.55, y=65.00, z=-6.49] does not have attribute null
[23:03:32] [Render thread/WARN]: Entity class_745['4KenJi_'/2295285, l='ClientLevel', x=0.55, y=65.00, z=-6.49] does not have attribute null
[23:03:32] [Render thread/INFO]: [System] [CHAT] Seafox_X_Ocean has made the advancement [The End?]
[23:03:32] [Render thread/INFO]: [System] [CHAT] BadXGood has made the advancement [The End?]
[23:03:32] [Render thread/WARN]: Entity class_745['LzyKnight'/2537468, l='ClientLevel', x=0.55, y=65.00, z=-6.49] does not have attribute null
[23:03:33] [Render thread/INFO]: [System] [CHAT] CPVP » You can send another request in 6sec.
[23:03:33] [Render thread/WARN]: Entity class_745['DangerMarlow_Jr'/2247315, l='ClientLevel', x=0.55, y=65.00, z=-6.49] does not have attribute null
[23:03:34] [Render thread/WARN]: Entity class_745['PlentyWistle'/2416129, l='ClientLevel', x=-1.12, y=65.00, z=-4.57] does not have attribute null
[23:03:34] [Render thread/INFO]: [System] [CHAT] .GauzyChain3911: @kingFoxSTA tp mk
[23:03:34] [Render thread/INFO]: [System] [CHAT] You have to wait 0sec. before you can use another command.
[23:03:35] [Render thread/WARN]: Entity class_745['.SoleCereal4020'/2526558, l='ClientLevel', x=0.55, y=65.00, z=-6.49] does not have attribute null
[23:03:35] [Render thread/WARN]: Entity class_745['Salut_Sor'/2506488, l='ClientLevel', x=0.55, y=65.00, z=-6.49] does not have attribute null
[23:03:35] [Render thread/WARN]: Entity class_745['NDS_'/2548780, l='ClientLevel', x=10.33, y=66.00, z=-17.36] does not have attribute null
[23:03:35] [Render thread/WARN]: Entity class_745['MeTooNoob'/2535887, l='ClientLevel', x=7.26, y=65.06, z=-7.88] does not have attribute null
[23:03:36] [Render thread/WARN]: Entity class_745['yeunjim'/2302141, l='ClientLevel', x=1.21, y=65.00, z=-19.12] does not have attribute null
[23:03:37] [Render thread/WARN]: Entity class_745['snowloveyouu'/2515904, l='ClientLevel', x=5.73, y=65.06, z=-14.93] does not have attribute null
[23:03:37] [Render thread/WARN]: Entity class_745['4KenJi_'/2295285, l='ClientLevel', x=12.62, y=65.00, z=-9.69] does not have attribute null
[23:03:37] [Render thread/WARN]: Entity class_745['lilpotato4'/2528717, l='ClientLevel', x=0.55, y=65.00, z=-6.49] does not have attribute null
[23:03:37] [Render thread/INFO]: [System] [CHAT] HT_5 has made the advancement [Stone Age]
[23:03:37] [Render thread/WARN]: Entity class_745['yeunjim'/2302141, l='ClientLevel', x=1.04, y=65.87, z=-23.18] does not have attribute null
[23:03:38] [Render thread/WARN]: Entity class_745['Lxiszzzz_'/2470822, l='ClientLevel', x=0.55, y=65.00, z=-6.49] does not have attribute null
[23:03:39] [Render thread/WARN]: Entity class_745['LzyKnight'/2537468, l='ClientLevel', x=5.20, y=65.00, z=-8.77] does not have attribute null
[23:03:39] [Render thread/INFO]: [System] [CHAT] NDS_ has completed the challenge [Cover Me in Debris]
[23:03:39] [Render thread/INFO]: [System] [CHAT] NDS_ has made the advancement [Ice Bucket Challenge]
[23:03:39] [Render thread/INFO]: [System] [CHAT] NDS_ has reached the goal [Sky's the Limit]
[23:03:40] [Render thread/INFO]: [System] [CHAT] Zarmloww: my chrager leagged wait
[23:03:41] [Render thread/INFO]: [System] [CHAT] .GauzyChain3911:  tp mk
[23:03:41] [Render thread/WARN]: Entity class_745['Real_DKG'/2548462, l='ClientLevel', x=10.51, y=65.00, z=-15.50] does not have attribute null
[23:03:41] [Render thread/INFO]: [System] [CHAT] Linzx911 has made the advancement [The City at the End of the Game]
[23:03:46] [Render thread/WARN]: Ignoring player info update for unknown player d59b12df-0406-37c5-9dfa-1bd553b2f9a0
[23:03:46] [Render thread/WARN]: Entity class_745['Realitz_Zyntrax'/2549780, l='ClientLevel', x=0.55, y=65.00, z=-6.49] does not have attribute null
[23:03:46] [Render thread/WARN]: Entity class_745['Realitz_Zyntrax'/2549780, l='ClientLevel', x=0.55, y=65.00, z=-6.49] does not have attribute null
[23:03:46] [Render thread/INFO]: [System] [CHAT] Bisherfr: sad
[23:03:46] [Render thread/INFO]: [System] [CHAT] GodVaibhav69 has made the advancement [The End?]
[23:03:46] [Render thread/INFO]: [System] [CHAT] LzyKnight has made the advancement [Take Aim]
[23:03:47] [Render thread/INFO]: [System] [CHAT] .GauzyChain3911: @kingFox
[23:03:47] [Render thread/WARN]: Entity class_745['82_PB'/2520419, l='ClientLevel', x=0.55, y=65.00, z=-6.49] does not have attribute null
[23:03:48] [Render thread/WARN]: Entity class_745['Tevada_Kai'/2543870, l='ClientLevel', x=0.55, y=65.00, z=-6.49] does not have attribute null
[23:03:49] [Render thread/INFO]: [System] [CHAT] CypherMcOfficial: Realitz_Zyntrax
[23:03:49] [Render thread/WARN]: Entity class_745['Realitz_Zyntrax'/2549780, l='ClientLevel', x=3.09, y=65.09, z=-17.90] does not have attribute null
[23:03:50] [Render thread/WARN]: Entity class_745['Salut_Sor'/2506488, l='ClientLevel', x=10.33, y=65.03, z=-3.49] does not have attribute null
[23:03:52] [Render thread/INFO]: [System] [CHAT] Seafox_X_Ocean has reached the goal [Postmortal]
[23:03:52] [Render thread/WARN]: Entity class_745['Realitz_Zyntrax'/2549780, l='ClientLevel', x=3.35, y=65.00, z=-20.28] does not have attribute null
[23:03:52] [Render thread/INFO]: [System] [CHAT] CuongDepTraii has reached the goal [Postmortal]
[23:03:52] [Render thread/INFO]: [System] [CHAT] .GauzyChain3911: mk
[23:03:53] [Render thread/WARN]: Entity class_745['GhostedPlayer'/2523257, l='ClientLevel', x=0.55, y=65.00, z=-6.49] does not have attribute null
[23:03:53] [Render thread/WARN]: Entity class_745['YunNoVa_chan'/2430650, l='ClientLevel', x=0.55, y=65.00, z=-6.49] does not have attribute null
[23:03:54] [Render thread/WARN]: Ignoring player info update for unknown player 33dbc4e2-9b1e-3ded-aa98-969e9771670a
[23:03:54] [Render thread/WARN]: Entity class_745['HT4_Soon3'/2550498, l='ClientLevel', x=0.55, y=65.00, z=-6.49] does not have attribute null
[23:03:54] [Render thread/WARN]: Entity class_745['HT4_Soon3'/2550498, l='ClientLevel', x=0.55, y=65.00, z=-6.49] does not have attribute null
[23:03:54] [Render thread/INFO]: [System] [CHAT] nhiklopi: 7kkk
[23:03:55] [Render thread/WARN]: Entity class_745['MeTooNoob'/2535887, l='ClientLevel', x=0.55, y=65.00, z=-6.49] does not have attribute null
[23:03:56] [Render thread/WARN]: Entity class_745['Zarmloww'/2372241, l='ClientLevel', x=0.55, y=65.00, z=-6.49] does not have attribute null
[23:03:56] [Render thread/WARN]: Entity class_745['PRIME_HARSH'/2467512, l='ClientLevel', x=0.55, y=65.00, z=-6.49] does not have attribute null
[23:03:57] [Render thread/WARN]: Entity class_745['Saad_Gaming_XD'/2543948, l='ClientLevel', x=0.55, y=65.00, z=-6.49] does not have attribute null
[23:03:58] [Render thread/WARN]: Ignoring player info update for unknown player d337e28a-73a9-3b1d-90b9-1e914fa270ae
[23:03:58] [Render thread/WARN]: Entity class_745['jordanbastiti'/2551038, l='ClientLevel', x=0.55, y=65.00, z=-6.49] does not have attribute null
[23:03:58] [Render thread/WARN]: Entity class_745['jordanbastiti'/2551038, l='ClientLevel', x=0.55, y=65.00, z=-6.49] does not have attribute null
[23:03:58] [Render thread/WARN]: Entity class_745['Tus_Dzg'/2510046, l='ClientLevel', x=31.66, y=69.48, z=-52.80] does not have attribute null
[23:03:58] [Render thread/WARN]: Entity class_745['User123name'/2493174, l='ClientLevel', x=0.55, y=65.00, z=-6.49] does not have attribute null
[23:03:59] [Render thread/INFO]: [System] [CHAT] ZIPREN has made the advancement [The End?]
[23:03:59] [Render thread/INFO]: [System] [CHAT] CuongDepTraii has made the advancement [The End?]
[23:03:59] [Render thread/WARN]: Entity class_745['NotHerAgain_'/2329698, l='ClientLevel', x=0.55, y=65.00, z=-6.49] does not have attribute null
[23:03:59] [Render thread/WARN]: Entity class_745['GhostedPlayer'/2523257, l='ClientLevel', x=0.73, y=65.00, z=-9.81] does not have attribute null
[23:04:00] [Render thread/WARN]: Entity class_745['MeTooNoob'/2535887, l='ClientLevel', x=6.27, y=65.06, z=-8.39] does not have attribute null
[23:04:00] [Render thread/WARN]: Entity class_745['4KenJi_'/2295285, l='ClientLevel', x=0.55, y=65.00, z=-6.49] does not have attribute null
[23:04:01] [Render thread/INFO]: [System] [CHAT] GRIFFIN_WARRIOR has reached the goal [Postmortal]
[23:04:01] [Render thread/INFO]: [System] [CHAT] 
[23:04:01] [Render thread/INFO]: [System] [CHAT]  Zeus_VN ᴡᴀs ᴋɪᴄᴋᴇᴅ ʙʏ  
[23:04:01] [Render thread/WARN]: Entity class_745['.Yuta3614'/2454216, l='ClientLevel', x=0.55, y=65.00, z=-6.49] does not have attribute null
[23:04:02] [Render thread/WARN]: Entity class_745['KillerMCN'/2527361, l='ClientLevel', x=0.55, y=65.00, z=-6.49] does not have attribute null
[23:04:02] [Render thread/WARN]: Entity class_745['DangerMarlow_Jr'/2247315, l='ClientLevel', x=0.55, y=65.00, z=-6.49] does not have attribute null
[23:04:03] [Render thread/WARN]: Entity class_745['snowloveyouu'/2515904, l='ClientLevel', x=0.55, y=65.00, z=-6.49] does not have attribute null
[23:04:04] [Render thread/INFO]: [System] [CHAT] BadXGood: ez
[23:04:04] [Render thread/INFO]: [System] [CHAT] Realitz_Zyntrax has reached the goal [Postmortal]
[23:04:05] [Render thread/INFO]: [System] [CHAT] ItzzNhaa__ has made the advancement [Cover Me with Diamonds]
[23:04:05] [Render thread/INFO]: [System] [CHAT] hoamoichs: wwwwwwwwwwwwwwwwwwwwwww
[23:04:05] [Render thread/WARN]: Entity class_745['4KenJi_'/2295285, l='ClientLevel', x=10.41, y=65.00, z=-7.88] does not have attribute null
[23:04:06] [Render thread/WARN]: Entity class_745['thanhlammc'/2509946, l='ClientLevel', x=0.55, y=65.00, z=-6.49] does not have attribute null
[23:04:07] [Render thread/INFO]: [System] [CHAT] ItzzNhaa__ has made the advancement [Suit Up]
[23:04:07] [Render thread/WARN]: Entity class_745['4KenJi_'/2295285, l='ClientLevel', x=10.41, y=65.00, z=-7.88] does not have attribute null
[23:04:08] [Render thread/INFO]: [System] [CHAT] SearfangGH_ has reached the goal [Postmortal]
[23:04:09] [Render thread/INFO]: [System] [CHAT] 
[23:04:09] [Render thread/INFO]: [System] [CHAT]  CuongDepTraii ᴡᴀs ᴋɪᴄᴋᴇᴅ ʙʏ  
[23:04:10] [Render thread/INFO]: [System] [CHAT] Tevada_Kai has reached the goal [Postmortal]
[23:04:12] [Render thread/INFO]: [System] [CHAT] .Yuta3614: vai muy tt sleep hz
[23:04:12] [Render thread/INFO]: [System] [CHAT] KillerMCN: back
[23:04:13] [Render thread/WARN]: Entity class_745['tuananh23'/2459002, l='ClientLevel', x=0.55, y=65.00, z=-6.49] does not have attribute null
[23:04:13] [Render thread/INFO]: [System] [CHAT] NDS_ has reached the goal [Postmortal]
[23:04:14] [Render thread/INFO]: [System] [CHAT] (⚔) Nevernine killed Tevada_Kai.
[23:04:14] [Render thread/WARN]: Entity class_745['Seafox_X_Ocean'/2547968, l='ClientLevel', x=0.55, y=65.00, z=-6.49] does not have attribute null
[23:04:14] [Render thread/INFO]: [System] [CHAT] Realitz_Zyntrax has made the advancement [Take Aim]
[23:04:15] [Render thread/WARN]: Entity class_745['Tevada_Kai'/2543870, l='ClientLevel', x=0.55, y=65.00, z=-6.49] does not have attribute null
[23:04:16] [Render thread/WARN]: Entity class_745['TurtleMaster101'/2353465, l='ClientLevel', x=0.55, y=65.00, z=-6.49] does not have attribute null
[23:04:16] [Render thread/WARN]: Entity class_745['GodVaibhav69'/2543331, l='ClientLevel', x=0.55, y=65.00, z=-6.49] does not have attribute null
[23:04:16] [Render thread/WARN]: Entity class_745['HT_5'/2545228, l='ClientLevel', x=0.55, y=65.00, z=-6.49] does not have attribute null
[23:04:16] [Render thread/WARN]: Entity class_745['snowloveyouu'/2515904, l='ClientLevel', x=12.31, y=66.12, z=-19.10] does not have attribute null
[23:04:17] [Render thread/WARN]: Entity class_745['SearfangGH_'/2540910, l='ClientLevel', x=0.55, y=65.00, z=-6.49] does not have attribute null
[23:04:19] [Render thread/WARN]: Entity class_745['BxngTo'/2001190, l='ClientLevel', x=0.55, y=65.00, z=-6.49] does not have attribute null
[23:04:21] [Render thread/WARN]: Entity class_745['Salut_Sor'/2506488, l='ClientLevel', x=0.55, y=65.00, z=-6.49] does not have attribute null
[23:04:21] [Render thread/INFO]: [System] [CHAT] HT_5 has made the advancement [The End?]
[23:04:21] [Render thread/INFO]: [System] [CHAT] HT_5 has made the advancement [Cover Me with Diamonds]
[23:04:21] [Render thread/INFO]: [System] [CHAT] HT_5 has reached the goal [Sky's the Limit]
[23:04:22] [Render thread/WARN]: Entity class_745['salverynigga'/2475321, l='ClientLevel', x=0.55, y=65.00, z=-6.49] does not have attribute null
[23:04:22] [Render thread/INFO]: [System] [CHAT] EpicZen has made the advancement [Not Today, Thank You]
[23:04:22] [Render thread/WARN]: Entity class_745['LzyKnight'/2537468, l='ClientLevel', x=0.55, y=65.00, z=-6.49] does not have attribute null
[23:04:23] [Render thread/WARN]: Entity class_745['Spidy_plays'/2545173, l='ClientLevel', x=0.55, y=65.00, z=-6.49] does not have attribute null
[23:04:23] [Render thread/WARN]: Ignoring player info update for unknown player 019f21e3-3a68-32f3-81c4-15abe9f83d3c
[23:04:23] [Render thread/WARN]: Entity class_745['CuongDepTraii'/2553047, l='ClientLevel', x=0.55, y=65.00, z=-6.49] does not have attribute null
[23:04:23] [Render thread/WARN]: Entity class_745['CuongDepTraii'/2553047, l='ClientLevel', x=0.55, y=65.00, z=-6.49] does not have attribute null
[23:04:23] [Render thread/INFO]: [System] [CHAT] snowloveyouu has made the advancement [Not Today, Thank You]
[23:04:23] [Render thread/INFO]: [System] [CHAT] Itz_Death9 has made the advancement [The End?]
[23:04:24] [Render thread/INFO]: [System] [CHAT] Okhuchbsdb has made the advancement [Stone Age]
[23:04:24] [Render thread/WARN]: Entity class_745['SearfangGH_'/2540910, l='ClientLevel', x=10.81, y=65.00, z=-7.52] does not have attribute null
[23:04:24] [Render thread/WARN]: Entity class_745['huyquanhoaaa'/2092743, l='ClientLevel', x=0.55, y=65.00, z=-6.49] does not have attribute null
[23:04:25] [Render thread/INFO]: [System] [CHAT] hoamoichs has made the advancement [Not Quite "Nine" Lives]
[23:04:25] [Render thread/INFO]: [System] [CHAT] thanhlammc has made the advancement [Ol' Betsy]
[23:04:25] [Render thread/INFO]: [System] [CHAT] thanhlammc has made the advancement [Take Aim]
[23:04:26] [Render thread/WARN]: Entity class_745['CuongDepTraii'/2553047, l='ClientLevel', x=0.55, y=65.00, z=-6.60] does not have attribute null
[23:04:28] [Render thread/INFO]: [System] [CHAT] jordanbastiti has reached the goal [Postmortal]
[23:04:28] [Render thread/INFO]: [System] [CHAT] .GauzyChain3911: @kingFox
[23:04:28] [Render thread/WARN]: Ignoring player info update for unknown player 00000000-0000-0000-0009-01f061a9674b
[23:04:29] [Render thread/WARN]: Ignoring player info update for unknown player 00000000-0000-0000-0009-01fb151cfe28
[23:04:31] [Render thread/WARN]: Ignoring player info update for unknown player d8285b56-8538-3a6b-832c-bc543a286003
[23:04:31] [Render thread/WARN]: Entity class_745['Seyhafu'/2553795, l='ClientLevel', x=0.55, y=65.00, z=-6.49] does not have attribute null
[23:04:31] [Render thread/WARN]: Entity class_745['Seyhafu'/2553795, l='ClientLevel', x=0.55, y=65.00, z=-6.49] does not have attribute null
[23:04:31] [Render thread/WARN]: Entity class_745['LzyKnight'/2537468, l='ClientLevel', x=7.22, y=65.06, z=-8.80] does not have attribute null
[23:04:32] [Render thread/WARN]: Entity class_745['82_PB'/2520419, l='ClientLevel', x=0.55, y=65.00, z=-6.49] does not have attribute null
[23:04:33] [Render thread/WARN]: Entity class_745['4KenJi_'/2295285, l='ClientLevel', x=0.55, y=65.00, z=-6.49] does not have attribute null
[23:04:34] [Render thread/WARN]: Entity class_745['Saad_Gaming_XD'/2543948, l='ClientLevel', x=0.55, y=65.00, z=-6.49] does not have attribute null
[23:04:34] [Render thread/WARN]: Entity class_745['.Sat_Sali'/2553638, l='ClientLevel', x=0.55, y=65.00, z=-6.49] does not have attribute null
[23:04:35] [Render thread/WARN]: Ignoring player info update for unknown player d168d2b9-1409-3979-848b-43c7fa17237d
[23:04:35] [Render thread/WARN]: Entity class_745['Zarmloww'/2554002, l='ClientLevel', x=0.55, y=65.00, z=-6.49] does not have attribute null
[23:04:35] [Render thread/WARN]: Entity class_745['Zarmloww'/2554002, l='ClientLevel', x=0.55, y=65.00, z=-6.49] does not have attribute null
[23:04:35] [Render thread/WARN]: Ignoring player info update for unknown player 00000000-0000-0000-0009-01f8a30eb888
[23:04:35] [Render thread/WARN]: Entity class_745['.KenshinCpvp'/2554030, l='ClientLevel', x=0.55, y=65.00, z=-6.49] does not have attribute null
[23:04:35] [Render thread/WARN]: Entity class_745['.KenshinCpvp'/2554030, l='ClientLevel', x=0.55, y=65.00, z=-6.49] does not have attribute null
[23:04:35] [Render thread/INFO]: [System] [CHAT] KillerMCN: who 1v1 ht4 tp
[23:04:36] [Render thread/INFO]: [System] [CHAT] CuongDepTraii has reached the goal [Postmortal]
[23:04:36] [Render thread/INFO]: [System] [CHAT] .GauzyChain3911: ah dog
[23:04:36] [Render thread/WARN]: Entity class_745['BxngTo'/2001190, l='ClientLevel', x=0.55, y=65.00, z=-6.49] does not have attribute null
[23:04:36] [Render thread/WARN]: Entity class_745['DarkOakG1222'/2544285, l='ClientLevel', x=0.55, y=65.00, z=-6.49] does not have attribute null
[23:04:36] [Render thread/INFO]: [System] [CHAT] BadXGood: Ezz 4KenJi_ running
[23:04:38] [Render thread/WARN]: Entity class_745['PlentyWistle'/2416129, l='ClientLevel', x=0.55, y=65.00, z=-6.49] does not have attribute null
[23:04:39] [Render thread/WARN]: Entity class_745['4KenJi_'/2295285, l='ClientLevel', x=6.99, y=65.06, z=-9.41] does not have attribute null
[23:04:40] [Render thread/INFO]: [System] [CHAT] 82_PB has made the advancement [The End?]
[23:04:40] [Render thread/WARN]: Entity class_745['DangerMarlow_Jr'/2247315, l='ClientLevel', x=0.55, y=65.00, z=-6.49] does not have attribute null
[23:04:43] [Render thread/INFO]: [System] [CHAT] SearfangGH_ has made the advancement [Stone Age]
[23:04:43] [Render thread/WARN]: Entity class_745['thanhlammc'/2509946, l='ClientLevel', x=0.55, y=65.00, z=-6.49] does not have attribute null
[23:04:44] [Render thread/WARN]: Entity class_745['salverynigga'/2475321, l='ClientLevel', x=0.55, y=65.00, z=-6.49] does not have attribute null
[23:04:44] [Render thread/WARN]: Entity class_745['PlentyWistle'/2416129, l='ClientLevel', x=0.55, y=65.00, z=-6.49] does not have attribute null
[23:04:44] [Render thread/WARN]: Entity class_745['EnvyHocux'/2470370, l='ClientLevel', x=0.55, y=65.00, z=-6.49] does not have attribute null
[23:04:44] [Render thread/INFO]: [System] [CHAT] Nevernine has made the advancement [The End?]
[23:04:46] [Render thread/WARN]: Entity class_745['PlentyWistle'/2416129, l='ClientLevel', x=0.55, y=65.00, z=-6.49] does not have attribute null
[23:04:47] [Render thread/WARN]: Entity class_745['DarkOakG1222'/2544285, l='ClientLevel', x=0.55, y=65.00, z=-6.49] does not have attribute null
[23:04:48] [Render thread/INFO]: [System] [CHAT] notimunda has made the advancement [The End?]
[23:04:48] [Render thread/INFO]: [System] [CHAT] TaleCSC has made the advancement [The End?]
[23:04:48] [Render thread/INFO]: [System] [CHAT] Real_DKG has made the advancement [Ol' Betsy]
[23:04:48] [Render thread/WARN]: Entity class_745['MEGAAMINE'/2548426, l='ClientLevel', x=0.55, y=65.00, z=-6.49] does not have attribute null
[23:04:48] [Render thread/INFO]: [System] [CHAT] Real_DKG has made the advancement [Take Aim]
[23:04:48] [Render thread/INFO]: [System] [CHAT] FMLTUN has reached the goal [Postmortal]
[23:04:49] [Render thread/WARN]: Entity class_745['TurtleMaster101'/2353465, l='ClientLevel', x=0.55, y=65.00, z=-6.49] does not have attribute null
[23:04:49] [Render thread/INFO]: [System] [CHAT] Tevada_Kai has made the advancement [The End?]
[23:04:49] [Render thread/INFO]: [System] [CHAT] SearfangGH_ has made the advancement [The End?]
[23:04:50] [Render thread/WARN]: Ignoring player info update for unknown player ccbe750e-500e-37a7-9798-a86baafc4c0a
[23:04:50] [Render thread/WARN]: Entity class_745['.Sat_Sali'/2553638, l='ClientLevel', x=0.75, y=65.00, z=-4.39] does not have attribute null
[23:04:50] [Render thread/WARN]: Entity class_745['TKB_BinhAn'/2509659, l='ClientLevel', x=0.55, y=65.00, z=-6.49] does not have attribute null
[23:04:51] [Render thread/WARN]: Entity class_745['K3rbz'/2509239, l='ClientLevel', x=0.55, y=65.00, z=-6.49] does not have attribute null
[23:04:51] [Render thread/WARN]: Entity class_745['Saad_Gaming_XD'/2543948, l='ClientLevel', x=0.55, y=65.00, z=-6.49] does not have attribute null
[23:04:52] [Render thread/WARN]: Entity class_745['lilpotato4'/2528717, l='ClientLevel', x=0.55, y=65.00, z=-6.49] does not have attribute null
[23:04:53] [Render thread/WARN]: Entity class_745['snowloveyouu'/2515904, l='ClientLevel', x=0.55, y=65.00, z=-6.49] does not have attribute null
[23:04:54] [Render thread/WARN]: Ignoring player info update for unknown player 99a0c63f-6b30-39a4-95d1-4122a45f2df9
[23:04:54] [Render thread/WARN]: Entity class_745['intrusday20'/2555523, l='ClientLevel', x=0.55, y=65.00, z=-6.49] does not have attribute null
[23:04:54] [Render thread/WARN]: Entity class_745['intrusday20'/2555523, l='ClientLevel', x=0.55, y=65.00, z=-6.49] does not have attribute null
[23:04:55] [Render thread/WARN]: Entity class_745['Seafox_X_Ocean'/2547968, l='ClientLevel', x=0.55, y=65.00, z=-6.49] does not have attribute null
[23:04:55] [Render thread/INFO]: [System] [CHAT] .GauzyChain3911: ah dog
[23:04:55] [Render thread/INFO]: [System] [CHAT] 
[23:04:55] [Render thread/INFO]: [System] [CHAT]  Tevada_Kai ᴡᴀs ᴋɪᴄᴋᴇᴅ ʙʏ  
[23:04:55] [Render thread/WARN]: Entity class_745['DangerMarlow_Jr'/2247315, l='ClientLevel', x=0.55, y=65.00, z=-6.49] does not have attribute null
[23:04:57] [Render thread/WARN]: Ignoring player info update for unknown player 8191cc8a-9c33-3f65-98cd-e63b576f3446
[23:04:57] [Render thread/WARN]: Entity class_745['xMohhamad'/2555839, l='ClientLevel', x=0.55, y=65.00, z=-6.49] does not have attribute null
[23:04:57] [Render thread/WARN]: Entity class_745['xMohhamad'/2555839, l='ClientLevel', x=0.55, y=65.00, z=-6.49] does not have attribute null
[23:04:57] [Render thread/WARN]: Entity class_745['K3rbz'/2509239, l='ClientLevel', x=9.19, y=65.69, z=-20.09] does not have attribute null
[23:04:57] [Render thread/WARN]: Ignoring player info update for unknown player 8389ac0e-3f4a-3f79-9aee-b4e9a2142fc6
[23:04:57] [Render thread/WARN]: Entity class_745['EIxCiro59_'/2555845, l='ClientLevel', x=0.55, y=65.00, z=-6.49] does not have attribute null
[23:04:57] [Render thread/WARN]: Entity class_745['EIxCiro59_'/2555845, l='ClientLevel', x=0.55, y=65.00, z=-6.49] does not have attribute null
[23:04:58] [Render thread/WARN]: Ignoring player info update for unknown player 00000000-0000-0000-0009-01fe2a058820
[23:04:58] [Render thread/WARN]: Entity class_745['.MCR_YIN'/2555952, l='ClientLevel', x=0.55, y=65.00, z=-6.49] does not have attribute null
[23:04:58] [Render thread/WARN]: Entity class_745['.MCR_YIN'/2555952, l='ClientLevel', x=0.55, y=65.00, z=-6.49] does not have attribute null
[23:04:59] [Render thread/INFO]: [System] [CHAT] KillerMCN: who 1v1 ht4 tp
[23:05:00] [Render thread/INFO]: [System] [CHAT] .GauzyChain3911: tp mkkkkk
[23:05:01] [Render thread/INFO]: [System] [CHAT] lilpotato4 has made the advancement [The End?]
[23:05:01] [Render thread/INFO]: [System] [CHAT] Real_DKG has reached the goal [Postmortal]
[23:05:02] [Render thread/WARN]: Entity class_745['snowloveyouu'/2515904, l='ClientLevel', x=13.23, y=65.00, z=-17.85] does not have attribute null
[23:05:03] [Render thread/INFO]: [System] [CHAT] Seyhafu: acc man
[23:05:03] [Render thread/WARN]: Entity class_745['intrusday20'/2555523, l='ClientLevel', x=0.90, y=65.00, z=-12.52] does not have attribute null
[23:05:03] [Render thread/INFO]: [System] [CHAT] intrusday20 has made the advancement [The End?]
[23:05:04] [Render thread/INFO]: [System] [CHAT] Realitz_Zyntrax has made the advancement [Stone Age]
[23:05:04] [Render thread/WARN]: Entity class_745['man3p3ar'/2496426, l='ClientLevel', x=0.55, y=65.00, z=-6.49] does not have attribute null
[23:05:04] [Render thread/INFO]: [System] [CHAT] Lxiszzzz_ has made the advancement [Not Quite "Nine" Lives]
[23:05:04] [Render thread/WARN]: Entity class_745['EIxCiro59_'/2555845, l='ClientLevel', x=3.64, y=65.00, z=-14.33] does not have attribute null
[23:05:04] [Render thread/WARN]: Entity class_745['82_PB'/2520419, l='ClientLevel', x=0.55, y=65.00, z=-6.49] does not have attribute null
[23:05:06] [Render thread/INFO]: [System] [CHAT] intrusday20 has reached the goal [Postmortal]
[23:05:06] [Render thread/WARN]: Entity class_745['4KenJi_'/2295285, l='ClientLevel', x=0.55, y=65.00, z=-6.49] does not have attribute null
[23:05:07] [Render thread/WARN]: Entity class_745['.MCR_YIN'/2555952, l='ClientLevel', x=1.23, y=65.00, z=-7.48] does not have attribute null
[23:05:07] [Render thread/WARN]: Entity class_745['.Livay2132'/2500924, l='ClientLevel', x=0.55, y=65.00, z=-6.49] does not have attribute null
[23:05:08] [Render thread/WARN]: Entity class_745['4KenJi_'/2295285, l='ClientLevel', x=0.55, y=65.00, z=-6.49] does not have attribute null
[23:05:08] [Render thread/WARN]: Entity class_745['thanhlammc'/2509946, l='ClientLevel', x=0.55, y=65.00, z=-6.49] does not have attribute null
[23:05:11] [Render thread/WARN]: Entity class_745['User123name'/2493174, l='ClientLevel', x=0.55, y=65.00, z=-6.49] does not have attribute null
[23:05:11] [Render thread/WARN]: Entity class_745['4KenJi_'/2295285, l='ClientLevel', x=7.52, y=65.00, z=-11.20] does not have attribute null
[23:05:12] [Render thread/INFO]: [System] [CHAT] 
[23:05:12] [Render thread/INFO]: [System] [CHAT]  Seafox_X_Ocean ᴡᴀs ᴋɪᴄᴋᴇᴅ ʙʏ  
[23:05:13] [Render thread/WARN]: Entity class_745['TurtleMaster101'/2353465, l='ClientLevel', x=9.95, y=65.88, z=-2.77] does not have attribute null
[23:05:13] [Render thread/WARN]: Entity class_745['Saad_Gaming_XD'/2543948, l='ClientLevel', x=0.55, y=65.00, z=-6.49] does not have attribute null
[23:05:14] [Render thread/WARN]: Entity class_745['ItzzNhaa__'/2501003, l='ClientLevel', x=0.55, y=65.00, z=-6.49] does not have attribute null
[23:05:14] [Render thread/WARN]: Ignoring player info update for unknown player 56019dc1-092d-495f-932a-cc9b681b62e3
[23:05:14] [Render thread/WARN]: Entity class_745['Seafox_X_Ocean'/2557321, l='ClientLevel', x=0.55, y=65.00, z=-6.49] does not have attribute null
[23:05:15] [Render thread/WARN]: Entity class_745['Seafox_X_Ocean'/2557321, l='ClientLevel', x=0.55, y=65.00, z=-6.49] does not have attribute null
[23:05:15] [Render thread/INFO]: [System] [CHAT] (⚔) OunTamafia killed hoamoichs.
[23:05:16] [Render thread/INFO]: [System] [CHAT] EIxCiro59_ has reached the goal [Postmortal]
[23:05:16] [Render thread/INFO]: [System] [CHAT] GhostedPlayer has made the advancement [The End?]
[23:05:16] [Render thread/WARN]: Entity class_745['hoamoichs'/2537195, l='ClientLevel', x=0.55, y=65.00, z=-6.49] does not have attribute null
[23:05:17] [Render thread/WARN]: Ignoring player info update for unknown player bdb7c8d4-7e61-35e8-8209-9301cb988521
[23:05:17] [Render thread/WARN]: Entity class_745['ak_kboy'/2557538, l='ClientLevel', x=0.55, y=65.00, z=-6.49] does not have attribute null
[23:05:17] [Render thread/WARN]: Entity class_745['ak_kboy'/2557538, l='ClientLevel', x=0.55, y=65.00, z=-6.49] does not have attribute null
[23:05:17] [Render thread/WARN]: Entity class_745['R7yuk'/2501839, l='ClientLevel', x=0.55, y=65.00, z=-6.49] does not have attribute null
[23:05:18] [Render thread/WARN]: Entity class_745['Real_DKG'/2548462, l='ClientLevel', x=0.55, y=65.00, z=-6.49] does not have attribute null
[23:05:19] [Render thread/WARN]: Ignoring player info update for unknown player 33dbc4e2-9b1e-3ded-aa98-969e9771670a
[23:05:19] [Render thread/WARN]: Entity class_745['HT4_Soon3'/2557756, l='ClientLevel', x=0.55, y=65.00, z=-6.49] does not have attribute null
[23:05:19] [Render thread/WARN]: Entity class_745['HT4_Soon3'/2557756, l='ClientLevel', x=0.55, y=65.00, z=-6.49] does not have attribute null
[23:05:19] [Render thread/WARN]: Entity class_745['Seafox_X_Ocean'/2557321, l='ClientLevel', x=0.55, y=65.00, z=-6.49] does not have attribute null
[23:05:20] [Render thread/WARN]: Ignoring player info update for unknown player 00cf4aac-2f7f-3d1d-b511-3537badf897d
[23:05:20] [Render thread/WARN]: Entity class_745['sang1209'/2557773, l='ClientLevel', x=0.55, y=65.00, z=-6.49] does not have attribute null
[23:05:20] [Render thread/WARN]: Entity class_745['sang1209'/2557773, l='ClientLevel', x=0.55, y=65.00, z=-6.49] does not have attribute null
[23:05:20] [Render thread/WARN]: Entity class_745['PlentyWistle'/2416129, l='ClientLevel', x=0.55, y=65.00, z=-6.49] does not have attribute null
[23:05:20] [Render thread/INFO]: [System] [CHAT] .ImAboutTocu1897 has made the advancement [Ol' Betsy]
[23:05:20] [Render thread/WARN]: Entity class_745['DangerMarlow_Jr'/2247315, l='ClientLevel', x=0.55, y=65.00, z=-6.49] does not have attribute null
[23:05:21] [Render thread/WARN]: Entity class_745['SearfangGH_'/2540910, l='ClientLevel', x=0.55, y=65.00, z=-6.49] does not have attribute null
[23:05:21] [Render thread/WARN]: Entity class_745['Zarmloww'/2554002, l='ClientLevel', x=3.50, y=65.00, z=-15.13] does not have attribute null
[23:05:21] [Render thread/WARN]: Entity class_745['CuSutThanSau'/2530962, l='ClientLevel', x=0.55, y=65.00, z=-6.49] does not have attribute null
[23:05:22] [Render thread/INFO]: [System] [CHAT] Seafox_X_Ocean has made the advancement [The End?]
[23:05:23] [Render thread/INFO]: [System] [CHAT] jordanbastiti has reached the goal [Sky's the Limit]
[23:05:23] [Render thread/WARN]: Entity class_745['Zarmloww'/2554002, l='ClientLevel', x=3.50, y=65.00, z=-15.13] does not have attribute null
[23:05:23] [Render thread/WARN]: Ignoring player info update for unknown player 202a1cc4-f9e0-3bd3-92b9-322c0cd84126
[23:05:23] [Render thread/WARN]: Entity class_745['1560k'/2558038, l='ClientLevel', x=0.55, y=65.00, z=-6.49] does not have attribute null
[23:05:23] [Render thread/WARN]: Entity class_745['1560k'/2558038, l='ClientLevel', x=0.55, y=65.00, z=-6.49] does not have attribute null
[23:05:23] [Render thread/INFO]: [System] [CHAT] Linzx911 has made the advancement [Who Needs Rockets?]
[23:05:25] [Render thread/WARN]: Entity class_745['Pwight_'/2507244, l='ClientLevel', x=0.55, y=65.00, z=-6.49] does not have attribute null
[23:05:27] [Render thread/WARN]: Entity class_745['Real_DKG'/2548462, l='ClientLevel', x=-0.92, y=66.17, z=-16.23] does not have attribute null
[23:05:28] [Render thread/WARN]: Entity class_745['.Yuta3614'/2454216, l='ClientLevel', x=0.55, y=65.00, z=-6.49] does not have attribute null
[23:05:28] [Render thread/WARN]: Entity class_745['hoamoichs'/2537195, l='ClientLevel', x=7.39, y=65.99, z=-9.89] does not have attribute null
[23:05:28] [Render thread/WARN]: Entity class_745['PlentyWistle'/2416129, l='ClientLevel', x=2.53, y=65.00, z=-5.58] does not have attribute null
[23:05:29] [Render thread/WARN]: Entity class_745['Azythera'/2413309, l='ClientLevel', x=0.55, y=65.00, z=-6.49] does not have attribute null
[23:05:29] [Render thread/WARN]: Entity class_745['TurtleMaster101'/2353465, l='ClientLevel', x=0.55, y=65.00, z=-6.49] does not have attribute null
[23:05:30] [Render thread/WARN]: Entity class_745['hoamoichs'/2537195, l='ClientLevel', x=7.65, y=66.50, z=-8.86] does not have attribute null
[23:05:31] [Render thread/WARN]: Ignoring player info update for unknown player eb0e3517-411c-3ee6-910d-5e5cd09cb716
[23:05:31] [Render thread/WARN]: Entity class_745['lilpotato4'/2558592, l='ClientLevel', x=0.55, y=65.00, z=-6.49] does not have attribute null
[23:05:31] [Render thread/WARN]: Entity class_745['lilpotato4'/2558592, l='ClientLevel', x=0.55, y=65.00, z=-6.49] does not have attribute null
[23:05:32] [Render thread/INFO]: [System] [CHAT] SearfangGH_ has made the advancement [Not Quite "Nine" Lives]
[23:05:33] [Render thread/INFO]: [System] [CHAT] .Yuta3614: sleep hz
[23:05:35] [Render thread/WARN]: Entity class_745['Pwight_'/2507244, l='ClientLevel', x=5.20, y=65.00, z=-11.55] does not have attribute null
[23:05:35] [Render thread/WARN]: Entity class_745['MeTooNoob'/2535887, l='ClientLevel', x=0.55, y=65.00, z=-6.49] does not have attribute null
[23:05:36] [Render thread/WARN]: Entity class_745['R7yuk'/2501839, l='ClientLevel', x=0.55, y=65.00, z=-6.49] does not have attribute null
[23:05:37] [Render thread/WARN]: Entity class_745['salverynigga'/2475321, l='ClientLevel', x=0.55, y=65.00, z=-6.49] does not have attribute null
[23:05:37] [Render thread/WARN]: Entity class_745['CypherMcOfficial'/2401844, l='ClientLevel', x=0.55, y=65.00, z=-6.49] does not have attribute null
[23:05:37] [Render thread/WARN]: Ignoring player info update for unknown player 129b60d7-68ec-3735-ad2c-bff382d3d70c
[23:05:37] [Render thread/WARN]: Entity class_745['Gothangelz'/2559149, l='ClientLevel', x=0.55, y=65.00, z=-6.49] does not have attribute null
[23:05:37] [Render thread/WARN]: Entity class_745['Gothangelz'/2559149, l='ClientLevel', x=0.55, y=65.00, z=-6.49] does not have attribute null
[23:05:38] [Render thread/INFO]: [System] [CHAT] .MCR_YIN has made the advancement [Not Quite "Nine" Lives]
[23:05:39] [Render thread/WARN]: Entity class_745['OunTamafia'/2538647, l='ClientLevel', x=0.55, y=65.00, z=-6.49] does not have attribute null
[23:05:40] [Render thread/WARN]: Entity class_745['BadXGood'/2532152, l='ClientLevel', x=0.55, y=65.00, z=-6.49] does not have attribute null
[23:05:40] [Render thread/WARN]: Entity class_745['Telesto_ww'/2513299, l='ClientLevel', x=0.55, y=65.00, z=-6.49] does not have attribute null
[23:05:41] [Render thread/WARN]: Entity class_745['intrusday20'/2555523, l='ClientLevel', x=0.55, y=65.00, z=-6.49] does not have attribute null
[23:05:41] [Render thread/INFO]: [System] [CHAT] .GauzyChain3911: tp mkkkkk
[23:05:42] [Render thread/WARN]: Ignoring player info update for unknown player 2e4b0500-a051-3ad6-8a8c-6ba8c7029dd5
[23:05:42] [Render thread/WARN]: Entity class_745['SonsyBaton33210'/2559591, l='ClientLevel', x=0.55, y=65.00, z=-6.49] does not have attribute null
[23:05:42] [Render thread/WARN]: Entity class_745['SonsyBaton33210'/2559591, l='ClientLevel', x=0.55, y=65.00, z=-6.49] does not have attribute null
[23:05:43] [Render thread/WARN]: Entity class_745['.KenshinCpvp'/2554030, l='ClientLevel', x=-2.26, y=65.00, z=-6.05] does not have attribute null
[23:05:43] [Render thread/INFO]: [System] [CHAT] .MCR_YIN has reached the goal [Postmortal]
[23:05:44] [Render thread/WARN]: Entity class_745['salverynigga'/2475321, l='ClientLevel', x=0.45, y=65.00, z=-5.43] does not have attribute null
[23:05:44] [Render thread/INFO]: [System] [CHAT] lilpotato4 has made the advancement [The End?]
[23:05:44] [Render thread/WARN]: Entity class_745['Lxiszzzz_'/2470822, l='ClientLevel', x=0.55, y=65.00, z=-6.49] does not have attribute null
[23:05:45] [Render thread/WARN]: Ignoring player info update for unknown player cb12085d-5b48-357b-a433-017e4393323f
[23:05:45] [Render thread/WARN]: Entity class_745['td12'/2559708, l='ClientLevel', x=0.55, y=65.00, z=-6.49] does not have attribute null
[23:05:45] [Render thread/WARN]: Ignoring player info update for unknown player 1e0b2b79-0ac0-49eb-96dc-00ddbd42749e
[23:05:45] [Render thread/WARN]: Entity class_745['FinalMugetsu'/2559544, l='ClientLevel', x=0.55, y=65.00, z=-6.49] does not have attribute null
[23:05:45] [Render thread/WARN]: Entity class_745['td12'/2559708, l='ClientLevel', x=0.55, y=65.00, z=-6.49] does not have attribute null
[23:05:45] [Render thread/WARN]: Entity class_745['FinalMugetsu'/2559544, l='ClientLevel', x=0.55, y=65.00, z=-6.49] does not have attribute null
[23:05:45] [Render thread/WARN]: Ignoring player info update for unknown player 26b1299b-b4a8-3df3-afac-c9290dff8831
[23:05:45] [Render thread/WARN]: Entity class_745['4KenJi_'/2295285, l='ClientLevel', x=0.55, y=65.00, z=-6.49] does not have attribute null
[23:05:47] [Render thread/WARN]: Entity class_745['hoamoichs'/2537195, l='ClientLevel', x=0.55, y=65.00, z=-6.49] does not have attribute null
[23:05:47] [Render thread/WARN]: Ignoring player info update for unknown player 564505e9-6f5a-3957-bed8-e81fd8362667
[23:05:47] [Render thread/WARN]: Entity class_745['Nexastrome'/2559861, l='ClientLevel', x=0.55, y=65.00, z=-6.49] does not have attribute null
[23:05:47] [Render thread/WARN]: Entity class_745['Nexastrome'/2559861, l='ClientLevel', x=0.55, y=65.00, z=-6.49] does not have attribute null
[23:05:48] [Render thread/WARN]: Entity class_745['Salut_Sor'/2506488, l='ClientLevel', x=0.55, y=65.00, z=-6.49] does not have attribute null
[23:05:49] [Render thread/WARN]: Entity class_745['OunTamafia'/2538647, l='ClientLevel', x=5.80, y=65.06, z=-10.28] does not have attribute null
[23:05:49] [Render thread/INFO]: [System] [CHAT] .GauzyChain3911: tp mkkkkk
[23:05:49] [Render thread/INFO]: [System] [CHAT] JTM_MIKILA: mix
[23:05:49] [Render thread/INFO]: [System] [CHAT] 
[23:05:49] [Render thread/INFO]: [System] [CHAT]  notimunda ᴡᴀs ᴋɪᴄᴋᴇᴅ ʙʏ  
[23:05:50] [Render thread/WARN]: Entity class_745['TaleCSC'/2541399, l='ClientLevel', x=0.55, y=65.00, z=-6.49] does not have attribute null
[23:05:51] [Render thread/WARN]: Entity class_745['intrusday20'/2555523, l='ClientLevel', x=0.55, y=65.00, z=-6.49] does not have attribute null
[23:05:51] [Render thread/INFO]: [System] [CHAT] 
[23:05:51] [Render thread/INFO]: [System] [CHAT]  Nevernine ᴡᴀs ᴋɪᴄᴋᴇᴅ ʙʏ  
[23:05:51] [Render thread/WARN]: Entity class_745['Pwight_'/2507244, l='ClientLevel', x=0.55, y=65.00, z=-6.49] does not have attribute null
[23:05:51] [Render thread/WARN]: Entity class_745['Saad_Gaming_XD'/2543948, l='ClientLevel', x=0.55, y=65.00, z=-6.49] does not have attribute null
[23:05:51] [Render thread/WARN]: Entity class_745['DarkOakG1222'/2544285, l='ClientLevel', x=0.55, y=65.00, z=-6.49] does not have attribute null
[23:05:51] [Render thread/WARN]: Entity class_745['Azythera'/2413309, l='ClientLevel', x=0.55, y=65.00, z=-6.49] does not have attribute null
[23:05:51] [Render thread/INFO]: [System] [CHAT] NotHerAgain_: FinalMugetsu
[23:05:52] [Render thread/INFO]: [System] [CHAT] Seyhafu has reached the goal [Postmortal]
[23:05:52] [Render thread/WARN]: Entity class_745['K3rbz'/2509239, l='ClientLevel', x=0.55, y=65.00, z=-6.49] does not have attribute null
[23:05:52] [Render thread/WARN]: Entity class_745['EnvyHocux'/2470370, l='ClientLevel', x=0.55, y=65.00, z=-6.49] does not have attribute null
[23:05:53] [Render thread/WARN]: Ignoring player info update for unknown player 7a8781e7-cc0e-3e90-bbd6-c2b74eea0c01
[23:05:53] [Render thread/WARN]: Entity class_745['NotProKing'/2560403, l='ClientLevel', x=0.55, y=65.00, z=-6.49] does not have attribute null
[23:05:53] [Render thread/WARN]: Entity class_745['NotProKing'/2560403, l='ClientLevel', x=0.55, y=65.00, z=-6.49] does not have attribute null
[23:05:53] [Render thread/WARN]: Entity class_745['Salut_Sor'/2506488, l='ClientLevel', x=3.92, y=65.00, z=-10.46] does not have attribute null
[23:05:53] [Render thread/INFO]: [System] [CHAT] thanhlammc has made the advancement [Not Quite "Nine" Lives]
[23:05:54] [Render thread/WARN]: Entity class_745['SieuNhanGao3669'/2378758, l='ClientLevel', x=0.55, y=65.00, z=-6.49] does not have attribute null
[23:05:54] [Render thread/INFO]: [System] [CHAT] NDS_ has made the advancement [The End?]
[23:05:54] [Render thread/WARN]: Entity class_745['OunTamafia'/2538647, l='ClientLevel', x=6.32, y=65.06, z=-10.25] does not have attribute null
[23:05:54] [Render thread/INFO]: [System] [CHAT] BadXGood: ez
[23:05:55] [Render thread/INFO]: [System] [CHAT] Azythera: Pwight_ lol
[23:05:55] [Render thread/INFO]: [System] [CHAT] EnvyHocux: bru
[23:05:55] [Render thread/WARN]: Entity class_745['DangerMarlow_Jr'/2247315, l='ClientLevel', x=0.55, y=65.00, z=-6.49] does not have attribute null
[23:05:55] [Render thread/WARN]: Entity class_745['Okhuchbsdb'/2480297, l='ClientLevel', x=0.55, y=65.00, z=-6.49] does not have attribute null
[23:05:57] [Render thread/WARN]: Entity class_745['Salut_Sor'/2506488, l='ClientLevel', x=11.01, y=65.00, z=-10.64] does not have attribute null
[23:05:57] [Render thread/WARN]: Entity class_745['salverynigga'/2475321, l='ClientLevel', x=0.55, y=65.00, z=-6.49] does not have attribute null
[23:05:58] [Render thread/WARN]: Entity class_745['td12'/2559708, l='ClientLevel', x=-4.55, y=65.00, z=-15.24] does not have attribute null
[23:05:58] [Render thread/WARN]: Entity class_745['K3rbz'/2509239, l='ClientLevel', x=9.99, y=65.91, z=-18.50] does not have attribute null
[23:05:58] [Render thread/WARN]: Entity class_745['PlentyWistle'/2416129, l='ClientLevel', x=0.55, y=65.00, z=-6.49] does not have attribute null
[23:05:59] [Render thread/WARN]: Ignoring player info update for unknown player 6df8bc83-94ce-344c-89a7-ab11d9653a72
[23:05:59] [Render thread/WARN]: Entity class_745['Goated_Walk'/2560868, l='ClientLevel', x=0.55, y=65.00, z=-6.49] does not have attribute null
[23:05:59] [Render thread/WARN]: Entity class_745['Goated_Walk'/2560868, l='ClientLevel', x=0.55, y=65.00, z=-6.49] does not have attribute null
[23:05:59] [Render thread/INFO]: [System] [CHAT] .MCR_YIN has made the advancement [Stone Age]
[23:05:59] [Render thread/WARN]: Entity class_745['Azythera'/2413309, l='ClientLevel', x=9.67, y=69.64, z=25.69] does not have attribute null
[23:06:00] [Render thread/WARN]: Ignoring player info update for unknown player 56019dc1-092d-495f-932a-cc9b681b62e3
[23:06:00] [Render thread/WARN]: Entity class_745['Seafox_X_Ocean'/2561007, l='ClientLevel', x=0.55, y=65.00, z=-6.49] does not have attribute null
[23:06:00] [Render thread/WARN]: Entity class_745['Seafox_X_Ocean'/2561007, l='ClientLevel', x=0.55, y=65.00, z=-6.49] does not have attribute null
[23:06:00] [Render thread/WARN]: Entity class_745['kotmkings'/2370633, l='ClientLevel', x=0.55, y=65.00, z=-6.49] does not have attribute null
[23:06:01] [Render thread/INFO]: [System] [CHAT] 
[23:06:01] [Render thread/INFO]: [System] [CHAT]  CuongDepTraii ᴡᴀs ᴋɪᴄᴋᴇᴅ ʙʏ  
[23:06:01] [Render thread/WARN]: Entity class_745['.JT_Sabito_7'/2349553, l='ClientLevel', x=0.55, y=65.00, z=-6.49] does not have attribute null
[23:06:03] [Render thread/WARN]: Entity class_745['Yoshihue'/2555173, l='ClientLevel', x=0.55, y=65.00, z=-6.49] does not have attribute null
[23:06:03] [Render thread/WARN]: Entity class_745['SearfangGH_'/2540910, l='ClientLevel', x=0.55, y=65.00, z=-6.49] does not have attribute null
[23:06:04] [Render thread/WARN]: Entity class_745['sang1209'/2557773, l='ClientLevel', x=-29.15, y=65.06, z=-30.54] does not have attribute null
[23:06:04] [Render thread/INFO]: [System] [CHAT] .GauzyChain3911: tp mkkkkk
[23:06:04] [Render thread/WARN]: Ignoring player info update for unknown player 00000000-0000-0000-0009-01fc18541b1a
[23:06:04] [Render thread/WARN]: Entity class_745['.KN7_SASUKE'/2561335, l='ClientLevel', x=0.55, y=65.00, z=-6.49] does not have attribute null
[23:06:04] [Render thread/WARN]: Entity class_745['.KN7_SASUKE'/2561335, l='ClientLevel', x=0.55, y=65.00, z=-6.49] does not have attribute null
[23:06:06] [Render thread/WARN]: Entity class_745['salverynigga'/2475321, l='ClientLevel', x=-0.02, y=66.06, z=-7.36] does not have attribute null
[23:06:06] [Render thread/INFO]: [System] [CHAT] MeTooNoob has made the advancement [Stone Age]
[23:06:07] [Render thread/WARN]: Entity class_745['Itz_Death9'/2503337, l='ClientLevel', x=0.55, y=65.00, z=-6.49] does not have attribute null
[23:06:07] [Render thread/WARN]: Entity class_745['NoMercyX'/2334312, l='ClientLevel', x=0.55, y=65.00, z=-6.49] does not have attribute null
[23:06:07] [Render thread/WARN]: Entity class_745['salverynigga'/2475321, l='ClientLevel', x=0.41, y=65.27, z=-6.74] does not have attribute null
[23:06:08] [Render thread/INFO]: [System] [CHAT] intrusday20 has completed the challenge [Over-Overkill]
[23:06:08] [Render thread/WARN]: Entity class_745['FinalMugetsu'/2559544, l='ClientLevel', x=0.55, y=65.00, z=-6.49] does not have attribute null
[23:06:09] [Render thread/WARN]: Entity class_745['Seafox_X_Ocean'/2561007, l='ClientLevel', x=-1.61, y=65.00, z=-13.11] does not have attribute null
[23:06:10] [Render thread/WARN]: Entity class_745['FinalMugetsu'/2559544, l='ClientLevel', x=0.55, y=65.00, z=-6.49] does not have attribute null
[23:06:10] [Render thread/INFO]: [System] [CHAT] td12 has reached the goal [Postmortal]
[23:06:11] [Render thread/INFO]: [System] [CHAT] Seafox_X_Ocean has made the advancement [The End?]
[23:06:11] [Render thread/INFO]: [System] [CHAT] FMLTUN: gg
[23:06:11] [Render thread/WARN]: Entity class_745['Itz_Death9'/2503337, l='ClientLevel', x=-0.83, y=65.00, z=-7.99] does not have attribute null
[23:06:12] [Render thread/WARN]: Entity class_745['FinalMugetsu'/2559544, l='ClientLevel', x=0.55, y=65.00, z=-6.49] does not have attribute null
[23:06:12] [Render thread/WARN]: Ignoring player info update for unknown player 897da5d9-be1f-4546-9cb6-c411b0f574f5
[23:06:12] [Render thread/WARN]: Entity class_745['STYLE_TH'/2561830, l='ClientLevel', x=0.55, y=65.00, z=-6.49] does not have attribute null
[23:06:12] [Render thread/WARN]: Entity class_745['STYLE_TH'/2561830, l='ClientLevel', x=0.55, y=65.00, z=-6.49] does not have attribute null
[23:06:12] [Render thread/WARN]: Ignoring player info update for unknown player 019f21e3-3a68-32f3-81c4-15abe9f83d3c
[23:06:12] [Render thread/WARN]: Entity class_745['CuongDepTraii'/2561768, l='ClientLevel', x=0.55, y=65.00, z=-6.49] does not have attribute null
[23:06:12] [Render thread/WARN]: Entity class_745['CuongDepTraii'/2561768, l='ClientLevel', x=0.55, y=65.00, z=-6.49] does not have attribute null
[23:06:12] [Render thread/WARN]: Entity class_745['Nexastrome'/2559861, l='ClientLevel', x=-0.91, y=65.00, z=-15.63] does not have attribute null
[23:06:13] [Render thread/WARN]: Entity class_745['Azythera'/2413309, l='ClientLevel', x=3.19, y=67.98, z=27.27] does not have attribute null
[23:06:13] [Render thread/WARN]: Ignoring player info update for unknown player a775d900-4832-4681-b8b1-ecaf4e097e1b
[23:06:13] [Render thread/WARN]: Entity class_745['Camiloooov'/2561914, l='ClientLevel', x=0.55, y=65.00, z=-6.49] does not have attribute null
[23:06:13] [Render thread/WARN]: Entity class_745['Camiloooov'/2561914, l='ClientLevel', x=0.55, y=65.00, z=-6.49] does not have attribute null
[23:06:13] [Render thread/WARN]: Ignoring player info update for unknown player 2e4b0500-a051-3ad6-8a8c-6ba8c7029dd5
[23:06:13] [Render thread/WARN]: Entity class_745['SonsyBaton33210'/2561922, l='ClientLevel', x=0.55, y=65.00, z=-6.49] does not have attribute null
[23:06:13] [Render thread/WARN]: Entity class_745['SonsyBaton33210'/2561922, l='ClientLevel', x=0.55, y=65.00, z=-6.49] does not have attribute null
[23:06:14] [Render thread/WARN]: Entity class_745['Yoshihue'/2555173, l='ClientLevel', x=0.55, y=65.00, z=-6.49] does not have attribute null
[23:06:14] [Render thread/INFO]: [System] [CHAT] Spidy_plays has made the advancement [Not Quite "Nine" Lives]
[23:06:16] [Render thread/INFO]: [System] [CHAT] Seafox_X_Ocean has reached the goal [Postmortal]
[23:06:17] [Render thread/WARN]: Entity class_745['PlentyWistle'/2416129, l='ClientLevel', x=-2.94, y=65.00, z=-6.93] does not have attribute null
[23:06:18] [Render thread/INFO]: [System] [CHAT] lilpotato4 has reached the goal [Postmortal]
[23:06:19] [Render thread/WARN]: Entity class_745['TaleCSC'/2541399, l='ClientLevel', x=0.55, y=65.00, z=-6.49] does not have attribute null
[23:06:19] [Render thread/WARN]: Entity class_745['Tus_Dzg'/2510046, l='ClientLevel', x=0.55, y=65.00, z=-6.49] does not have attribute null
[23:06:19] [Render thread/WARN]: Entity class_745['Azythera'/2413309, l='ClientLevel', x=-14.13, y=71.41, z=-61.14] does not have attribute null
[23:06:20] [Render thread/INFO]: [System] [CHAT] Real_DKG: ''/help'''
[23:06:20] [Render thread/WARN]: Entity class_745['SearfangGH_'/2540910, l='ClientLevel', x=0.55, y=65.00, z=-6.49] does not have attribute null
[23:06:21] [Render thread/WARN]: Entity class_745['snowloveyouu'/2515904, l='ClientLevel', x=0.55, y=65.00, z=-6.49] does not have attribute null
[23:06:22] [Render thread/WARN]: Entity class_745['Pwight_'/2507244, l='ClientLevel', x=0.55, y=65.00, z=-6.49] does not have attribute null
[23:06:23] [Render thread/WARN]: Entity class_745['Salut_Sor'/2506488, l='ClientLevel', x=0.55, y=65.00, z=-6.49] does not have attribute null
[23:06:23] [Render thread/WARN]: Entity class_745['CypherMcOfficial'/2401844, l='ClientLevel', x=0.55, y=65.00, z=-6.49] does not have attribute null
[23:06:23] [Render thread/WARN]: Entity class_745['NotHerAgain_'/2329698, l='ClientLevel', x=0.55, y=65.00, z=-6.49] does not have attribute null
[23:06:25] [Render thread/WARN]: Entity class_745['TaleCSC'/2541399, l='ClientLevel', x=4.91, y=65.00, z=-10.60] does not have attribute null
[23:06:26] [Render thread/WARN]: Entity class_745['sang1209'/2557773, l='ClientLevel', x=-30.96, y=65.06, z=-31.25] does not have attribute null
[23:06:27] [Render thread/WARN]: Entity class_745['Saad_Gaming_XD'/2543948, l='ClientLevel', x=0.55, y=65.00, z=-6.49] does not have attribute null
[23:06:27] [Render thread/INFO]: [System] [CHAT] intrusday20 has made the advancement [Stone Age]
[23:06:27] [Render thread/WARN]: Entity class_745['STYLE_TH'/2561830, l='ClientLevel', x=5.71, y=65.02, z=-12.30] does not have attribute null
[23:06:27] [Render thread/WARN]: Entity class_745['snowloveyouu'/2515904, l='ClientLevel', x=12.15, y=65.00, z=-18.48] does not have attribute null
[23:06:27] [Render thread/WARN]: Entity class_745['.MCR_YIN'/2555952, l='ClientLevel', x=0.55, y=65.00, z=-6.49] does not have attribute null
[23:06:28] [Render thread/INFO]: [System] [CHAT] Nexastrome has reached the goal [Postmortal]
[23:06:29] [Render thread/INFO]: [System] [CHAT] Nexastrome has made the advancement [Stone Age]
[23:06:29] [Render thread/INFO]: [System] [CHAT] EIxCiro59_ is your opponent!
[23:06:29] [Render thread/INFO]: [System] [CHAT] Camiloooov: blm
[23:06:30] [Render thread/INFO]: [System] [CHAT] lilpotato4 has made the advancement [Not Quite "Nine" Lives]
[23:06:31] [Render thread/WARN]: Ignoring player info update for unknown player 540b2ffe-5af8-317d-b9bd-d1dce6bc2ae2
[23:06:31] [Render thread/WARN]: Entity class_745['Quangdepzai3222'/2563180, l='ClientLevel', x=0.55, y=65.00, z=-6.49] does not have attribute null
[23:06:31] [Render thread/WARN]: Entity class_745['Quangdepzai3222'/2563180, l='ClientLevel', x=0.55, y=65.00, z=-6.49] does not have attribute null
[23:06:31] [Render thread/WARN]: Entity class_746['khanhnotbruh'/2395064, l='ClientLevel', x=2.89, y=65.00, z=-20.42] does not have attribute null
[23:06:31] [Render thread/INFO]: [System] [CHAT] SonsyBaton33210: yee
[23:06:32] [Render thread/INFO]: [System] [CHAT] EIxCiro59_ has made the advancement [The End?]
[23:06:32] [Render thread/INFO]: Stopping worker threads
[23:06:32] [Render thread/INFO]: Started 1 worker threads
[23:06:32] [Render thread/INFO]: Stopping worker threads
[23:06:32] [Render thread/INFO]: Started 1 worker threads
[23:06:32] [Render thread/WARN]: Entity class_746['khanhnotbruh'/2395064, l='ClientLevel', x=3302.00, y=57.00, z=1236.00] does not have attribute null
[23:06:32] [Render thread/INFO]: [System] [CHAT] khanhnotbruh has made the advancement [The End?]
[23:06:32] [Render thread/INFO]: [System] [CHAT] ✦ ʏᴏᴜ’ᴠᴇ ʙᴇᴇɴ ᴛᴇʟᴇᴘᴏʀᴛᴇᴅ ꜰᴏʀ ᴛʜᴇ ᴅᴜᴇʟ ᴀɢᴀɪɴsᴛ EIxCiro59_!
[23:06:32] [Render thread/INFO]: Loaded 137 advancements
[23:06:32] [Render thread/INFO]: [System] [CHAT] NotProKing has reached the goal [Postmortal]
[23:06:32] [Render thread/WARN]: Entity class_745['EIxCiro59_'/2555845, l='ClientLevel', x=3312.00, y=59.00, z=1246.00] does not have attribute null
[23:06:33] [Render thread/WARN]: Ignoring player info update for unknown player 7871722d-e1c9-3953-92d1-5a1bf2db4b6a
[23:06:33] [Render thread/WARN]: Entity class_746['khanhnotbruh'/2395064, l='ClientLevel', x=3302.00, y=57.00, z=1236.00] does not have attribute null
[23:06:33] [Render thread/WARN]: Ignoring player info update for unknown player b4cadd4f-8998-4c6c-9f1f-f62959d13c2c
[23:06:34] [Render thread/INFO]: [System] [CHAT] LzyKnight has completed the challenge [Over-Overkill]
[23:06:34] [Render thread/WARN]: Entity class_745['EIxCiro59_'/2555845, l='ClientLevel', x=3313.44, y=59.00, z=1248.17] does not have attribute null
[23:06:35] [Render thread/WARN]: Entity class_746['khanhnotbruh'/2395064, l='ClientLevel', x=3305.80, y=57.81, z=1238.48] does not have attribute null
[23:06:36] [Render thread/INFO]: [System] [CHAT] Real_DKG has made the advancement [Stone Age]
[23:06:36] [Render thread/INFO]: [System] [CHAT] HT4_Soon3 has reached the goal [Postmortal]
[23:06:37] [Render thread/INFO]: [System] [CHAT] 
[23:06:37] [Render thread/INFO]: [System] [CHAT]  NDS_ ᴡᴀs ᴋɪᴄᴋᴇᴅ ʙʏ  
[23:06:38] [Render thread/INFO]: [System] [CHAT] CuongDepTraii has made the advancement [Stone Age]
[23:06:39] [Render thread/INFO]: [System] [CHAT] TaleCSC has made the advancement [Stone Age]
[23:06:40] [Render thread/INFO]: [System] [CHAT] .Sat_Sali has reached the goal [Postmortal]
[23:06:40] [Render thread/WARN]: Ignoring player info update for unknown player 7232378e-f7da-4bb3-a6ae-6c573da00ef5
[23:06:41] [Render thread/INFO]: [System] [CHAT] td12 has made the advancement [Stone Age]
[23:06:43] [Render thread/INFO]: [System] [CHAT] STYLE_TH has reached the goal [Postmortal]
[23:06:43] [Render thread/WARN]: Entity class_745['EIxCiro59_'/2555845, l='ClientLevel', x=3307.53, y=56.00, z=1240.39] does not have attribute null
[23:06:44] [Render thread/INFO]: [System] [CHAT] LzyKnight: nooooo
[23:06:44] [Render thread/INFO]: [System] [CHAT] Zarmloww has reached the goal [Postmortal]
[23:06:45] [Render thread/WARN]: Entity class_746['khanhnotbruh'/2395064, l='ClientLevel', x=3304.30, y=54.00, z=1236.30] does not have attribute null
[23:06:45] [Render thread/INFO]: Loaded 142 advancements
[23:06:46] [Render thread/INFO]: [System] [CHAT] Real_DKG has made the advancement [Not Quite "Nine" Lives]
[23:06:46] [Render thread/INFO]: [System] [CHAT] EnvyHocux: gg
[23:06:46] [Render thread/INFO]: [System] [CHAT] Densos has reached the goal [Postmortal]
[23:06:48] [Render thread/WARN]: Entity class_745['EIxCiro59_'/2555845, l='ClientLevel', x=3310.06, y=56.99, z=1241.70] does not have attribute null
[23:06:49] [Render thread/INFO]: [System] [CHAT] Lxiszzzz_: NDS_ n*gga
[23:06:49] [Render thread/WARN]: Ignoring player info update for unknown player b7e4630a-3ca5-3bad-86c6-77acffbb5a42
[23:06:50] [Render thread/INFO]: [System] [CHAT] snowloveyouu has made the advancement [Stone Age]
[23:06:50] [Render thread/WARN]: Entity class_746['khanhnotbruh'/2395064, l='ClientLevel', x=3303.30, y=51.00, z=1235.30] does not have attribute null
[23:06:50] [Render thread/WARN]: Entity class_745['EIxCiro59_'/2555845, l='ClientLevel', x=3310.49, y=57.00, z=1241.43] does not have attribute null
[23:06:51] [Render thread/INFO]: [System] [CHAT] GodVaibhav69: ez
[23:06:51] [Render thread/WARN]: Entity class_746['khanhnotbruh'/2395064, l='ClientLevel', x=3303.30, y=51.00, z=1235.30] does not have attribute null
[23:06:52] [Render thread/INFO]: [System] [CHAT] Nexastrome has made the advancement [The End?]
[23:06:52] [Render thread/WARN]: Entity class_745['EIxCiro59_'/2555845, l='ClientLevel', x=3310.29, y=57.00, z=1241.69] does not have attribute null
[23:06:53] [Render thread/INFO]: [System] [CHAT] CuongDepTraii has reached the goal [Postmortal]
[23:06:53] [Render thread/INFO]: [System] [CHAT] NotHerAgain_: ghost horhq
[23:06:53] [Render thread/WARN]: Entity class_746['khanhnotbruh'/2395064, l='ClientLevel', x=3303.30, y=51.00, z=1235.30] does not have attribute null
[23:06:53] [Render thread/INFO]: [System] [CHAT] Densos has made the advancement [Stone Age]
[23:06:53] [Render thread/WARN]: Entity class_745['EIxCiro59_'/2555845, l='ClientLevel', x=3308.88, y=57.00, z=1239.95] does not have attribute null
[23:06:55] [Render thread/WARN]: Entity class_746['khanhnotbruh'/2395064, l='ClientLevel', x=3303.30, y=51.00, z=1235.30] does not have attribute null
[23:06:55] [Render thread/INFO]: [System] [CHAT] 
[23:06:55] [Render thread/INFO]: [System] [CHAT]  Seafox_X_Ocean ᴡᴀs ᴋɪᴄᴋᴇᴅ ʙʏ  
[23:06:55] [Render thread/INFO]: [System] [CHAT] GRIFFIN_WARRIOR has completed the challenge [Over-Overkill]
[23:06:56] [Render thread/INFO]: [System] [CHAT] SonsyBaton33210 has reached the goal [Postmortal]
[23:06:57] [Render thread/WARN]: Entity class_745['EIxCiro59_'/2555845, l='ClientLevel', x=3308.80, y=57.00, z=1239.29] does not have attribute null
[23:06:57] [Render thread/INFO]: [System] [CHAT] NDS_ has reached the goal [Postmortal]
[23:06:57] [Render thread/INFO]: [System] [CHAT] jordanbastiti has made the advancement [Stone Age]
[23:06:58] [Render thread/WARN]: Ignoring player info update for unknown player 56019dc1-092d-495f-932a-cc9b681b62e3
[23:06:58] [Render thread/INFO]: [System] [CHAT] NotProKing has made the advancement [Stone Age]
[23:06:59] [Render thread/INFO]: [System] [CHAT] Zarmloww has made the advancement [Ol' Betsy]
[23:06:59] [Render thread/INFO]: [System] [CHAT] OunTamafia has made the advancement [Not Quite "Nine" Lives]
[23:07:01] [Render thread/INFO]: [System] [CHAT] HT4_Soon3 has made the advancement [Stone Age]
[23:07:01] [Render thread/INFO]: [System] [CHAT] NDS_ has made the advancement [Stone Age]
[23:07:02] [Render thread/INFO]: [System] [CHAT] FinalMugetsu has reached the goal [Postmortal]
[23:07:02] [Render thread/WARN]: Entity class_745['EIxCiro59_'/2555845, l='ClientLevel', x=3311.60, y=57.00, z=1233.08] does not have attribute null
[23:07:03] [Render thread/WARN]: Entity class_746['khanhnotbruh'/2395064, l='ClientLevel', x=3303.30, y=51.00, z=1235.44] does not have attribute null
[23:07:04] [Render thread/INFO]: [System] [CHAT] Camiloooov: share kit sonsy
[23:07:05] [Render thread/WARN]: Entity class_746['khanhnotbruh'/2395064, l='ClientLevel', x=3303.30, y=51.00, z=1235.44] does not have attribute null
[23:07:05] [Render thread/WARN]: Ignoring player info update for unknown player edaef111-922d-47ab-88d2-f1cf9425b363
[23:07:06] [Render thread/INFO]: [System] [CHAT] Pwight_ has reached the goal [Sky's the Limit]
[23:07:06] [Render thread/INFO]: [System] [CHAT] FinalMugetsu has made the advancement [Stone Age]
[23:07:07] [Render thread/INFO]: [System] [CHAT] NoMercyX: don't used bow
[23:07:07] [Render thread/WARN]: Entity class_746['khanhnotbruh'/2395064, l='ClientLevel', x=3303.30, y=51.00, z=1235.44] does not have attribute null
[23:07:08] [Render thread/INFO]: [System] [CHAT] Seafox_X_Ocean has made the advancement [The End?]
[23:07:08] [Render thread/INFO]: [System] [CHAT] KillerMCN has made the advancement [The End?]
[23:07:09] [Render thread/INFO]: [System] [CHAT] 
[23:07:09] [Render thread/INFO]: [System] [CHAT]  CuongDepTraii ᴡᴀs ᴋɪᴄᴋᴇᴅ ʙʏ  
[23:07:11] [Render thread/WARN]: Entity class_746['khanhnotbruh'/2395064, l='ClientLevel', x=3303.34, y=50.00, z=1235.16] does not have attribute null
[23:07:11] [Render thread/WARN]: Entity class_745['EIxCiro59_'/2555845, l='ClientLevel', x=3311.70, y=54.00, z=1237.53] does not have attribute null
[23:07:11] [Render thread/INFO]: [System] [CHAT] cpvper_2010 has made the advancement [Not Today, Thank You]
[23:07:12] [Render thread/INFO]: [System] [CHAT] Seafox_X_Ocean has reached the goal [Postmortal]
[23:07:13] [Render thread/INFO]: [System] [CHAT] FMLTUN: ok, fine
[23:07:14] [Render thread/INFO]: [System] [CHAT] Quangdepzai3222 has reached the goal [Postmortal]
[23:07:18] [Render thread/WARN]: Entity class_745['EIxCiro59_'/2555845, l='ClientLevel', x=3309.60, y=46.05, z=1235.34] does not have attribute null
[23:07:19] [Render thread/WARN]: Entity class_746['khanhnotbruh'/2395064, l='ClientLevel', x=3310.82, y=46.00, z=1238.81] does not have attribute null
[23:07:20] [Render thread/INFO]: [System] [CHAT] -1 Points
[23:07:20] [Render thread/INFO]: [System] [CHAT] +1 Death
[23:07:20] [Render thread/WARN]: Entity class_746['khanhnotbruh'/2395064, l='ClientLevel', x=3311.48, y=46.08, z=1239.45] does not have attribute null
[23:07:20] [Render thread/WARN]: Ignoring player info update for unknown player 019f21e3-3a68-32f3-81c4-15abe9f83d3c
[23:07:21] [Render thread/INFO]: Stopping worker threads
[23:07:21] [Render thread/INFO]: Started 1 worker threads
[23:07:21] [Render thread/INFO]: Stopping worker threads
[23:07:21] [Render thread/INFO]: Started 1 worker threads
[23:07:21] [Render thread/WARN]: Entity class_746['khanhnotbruh'/2395064, l='ClientLevel', x=0.55, y=65.00, z=-6.49] does not have attribute null
[23:07:21] [Render thread/WARN]: Ignoring player info update for unknown player 334dba71-8968-41a3-99fd-71fa29de2ce7
[23:07:21] [Render thread/WARN]: Entity class_745['ITZ_FARHAN'/2507955, l='ClientLevel', x=0.55, y=65.00, z=-6.49] does not have attribute null
[23:07:21] [Render thread/WARN]: Entity class_745['.MCR_YIN'/2555952, l='ClientLevel', x=0.43, y=65.00, z=-15.17] does not have attribute null
[23:07:21] [Render thread/WARN]: Entity class_745['.Viisxal6897'/2002481, l='ClientLevel', x=0.55, y=65.00, z=-6.49] does not have attribute null
[23:07:21] [Render thread/WARN]: Entity class_745['khang2kkk'/2034321, l='ClientLevel', x=0.55, y=65.00, z=-6.49] does not have attribute null
[23:07:21] [Render thread/WARN]: Entity class_745['EnvyHocux'/2470370, l='ClientLevel', x=0.55, y=65.00, z=-6.49] does not have attribute null
[23:07:21] [Render thread/WARN]: Entity class_745['GRIFFIN_WARRIOR'/2510936, l='ClientLevel', x=0.71, y=65.00, z=-9.39] does not have attribute null
[23:07:21] [Render thread/WARN]: Entity class_745['CuongDepTraii'/2568497, l='ClientLevel', x=0.55, y=65.00, z=-6.49] does not have attribute null
[23:07:21] [Render thread/WARN]: Entity class_745['Okhuchbsdb'/2568738, l='ClientLevel', x=0.55, y=65.00, z=-6.49] does not have attribute null
[23:07:21] [Render thread/WARN]: Entity class_745['DeathFalls'/2497776, l='ClientLevel', x=-0.19, y=65.00, z=-13.40] does not have attribute null
[23:07:21] [Render thread/WARN]: Entity class_745['.MetBreak7414'/2263669, l='ClientLevel', x=-4.13, y=65.00, z=-13.50] does not have attribute null
[23:07:21] [Render thread/WARN]: Entity class_745['.KenshinCpvp'/2554030, l='ClientLevel', x=-2.26, y=65.00, z=-6.05] does not have attribute null
[23:07:21] [Render thread/WARN]: Entity class_745['KlajKdorAhNaHa_'/2567162, l='ClientLevel', x=5.16, y=65.00, z=0.56] does not have attribute null
[23:07:21] [Render thread/INFO]: [System] [CHAT] BadXGood: ez
[23:07:21] [Render thread/WARN]: Entity class_745['kotmkings'/2370633, l='ClientLevel', x=-12.70, y=65.00, z=1.70] does not have attribute null
[23:07:22] [Render thread/WARN]: Entity class_745['XzermarketMC'/2082027, l='ClientLevel', x=28.32, y=65.00, z=-23.27] does not have attribute null
[23:07:22] [Render thread/WARN]: Entity class_745['sang1209'/2557773, l='ClientLevel', x=-31.91, y=65.00, z=-31.37] does not have attribute null
[23:07:22] [Render thread/INFO]: [System] [CHAT] Kit 1 loaded!
[23:07:22] [Render thread/WARN]: Ignoring player info update for unknown player bd7a052d-e2d3-4b3b-a76a-5107b9414fe9
[23:07:22] [Render thread/WARN]: Entity class_745['ItzzNhaa__'/2568894, l='ClientLevel', x=0.55, y=65.00, z=-6.49] does not have attribute null
[23:07:22] [Render thread/WARN]: Entity class_745['ItzzNhaa__'/2568894, l='ClientLevel', x=0.55, y=65.00, z=-6.49] does not have attribute null
[23:07:22] [Render thread/WARN]: Entity class_745['Tus_Dzg'/2510046, l='ClientLevel', x=0.55, y=65.00, z=-6.49] does not have attribute null
[23:07:23] [Render thread/WARN]: Entity class_745['NotProKing'/2560403, l='ClientLevel', x=0.55, y=65.00, z=-6.49] does not have attribute null
[23:07:24] [Render thread/INFO]: [System] [CHAT] SonsyBaton33210 has made the advancement [Stone Age]
[23:07:24] [Render thread/WARN]: Entity class_745['FinalMugetsu'/2559544, l='ClientLevel', x=0.55, y=65.00, z=-6.49] does not have attribute null
[23:07:25] [Render thread/WARN]: Entity class_745['Okhuchbsdb'/2568738, l='ClientLevel', x=1.49, y=65.00, z=-12.45] does not have attribute null
[23:07:25] [Render thread/WARN]: Ignoring player info update for unknown player 9eb4592d-fb1c-3eb5-9179-76f9d383f616
[23:07:25] [Render thread/WARN]: Entity class_745['truongkokho'/2568692, l='ClientLevel', x=0.55, y=65.00, z=-6.49] does not have attribute null
[23:07:25] [Render thread/WARN]: Entity class_745['truongkokho'/2568692, l='ClientLevel', x=0.55, y=65.00, z=-6.49] does not have attribute null
[23:07:26] [Render thread/INFO]: [System] [CHAT] cpvper_2010 has reached the goal [Postmortal]
[23:07:26] [Render thread/WARN]: Entity class_745['TaleCSC'/2541399, l='ClientLevel', x=0.55, y=65.00, z=-6.49] does not have attribute null
[23:07:26] [Render thread/INFO]: [System] [CHAT] Lxiszzzz_ is your opponent!
[23:07:27] [Render thread/WARN]: Entity class_745['SearfangGH_'/2540910, l='ClientLevel', x=0.55, y=65.00, z=-6.49] does not have attribute null
[23:07:27] [Render thread/WARN]: Entity class_745['ZIPREN'/2485008, l='ClientLevel', x=0.55, y=65.00, z=-6.49] does not have attribute null
[23:07:27] [Render thread/WARN]: Entity class_745['NoMercyX'/2334312, l='ClientLevel', x=0.55, y=65.00, z=-6.49] does not have attribute null
[23:07:27] [Render thread/INFO]: [System] [CHAT] .KN7_SASUKE has made the advancement [Ol' Betsy]
[23:07:28] [Render thread/WARN]: Ignoring player info update for unknown player 0029ed34-4e12-4895-a403-8ca61833f3ce
[23:07:28] [Render thread/WARN]: Entity class_745['MrMooSap'/2569665, l='ClientLevel', x=0.55, y=65.00, z=-6.49] does not have attribute null
[23:07:28] [Render thread/WARN]: Entity class_745['MrMooSap'/2569665, l='ClientLevel', x=0.55, y=65.00, z=-6.49] does not have attribute null
[23:07:28] [Render thread/INFO]: [System] [CHAT] STYLE_TH has made the advancement [Stone Age]
[23:07:28] [Render thread/INFO]: [System] [CHAT] EnvyHocux: w***z
[23:07:29] [Render thread/WARN]: Entity class_746['khanhnotbruh'/2395064, l='ClientLevel', x=1.19, y=66.25, z=-15.31] does not have attribute null
[23:07:29] [Render thread/INFO]: Stopping worker threads
[23:07:29] [Render thread/INFO]: Started 1 worker threads
[23:07:29] [Render thread/INFO]: Stopping worker threads
[23:07:29] [Render thread/INFO]: Started 1 worker threads
[23:07:29] [Render thread/WARN]: Entity class_746['khanhnotbruh'/2395064, l='ClientLevel', x=-4519.00, y=64.00, z=2553.00] does not have attribute null
[23:07:29] [Render thread/INFO]: [System] [CHAT] ✦ ʏᴏᴜ’ᴠᴇ ʙᴇᴇɴ ᴛᴇʟᴇᴘᴏʀᴛᴇᴅ ꜰᴏʀ ᴛʜᴇ ᴅᴜᴇʟ ᴀɢᴀɪɴsᴛ Lxiszzzz_!
[23:07:30] [Render thread/WARN]: Entity class_745['Lxiszzzz_'/2470822, l='ClientLevel', x=-4509.00, y=64.00, z=2548.00] does not have attribute null
[23:07:30] [Render thread/WARN]: Ignoring player info update for unknown player 3a0218d7-c575-3311-8547-32cd9e5229f4
[23:07:30] [Render thread/WARN]: Entity class_746['khanhnotbruh'/2395064, l='ClientLevel', x=-4519.00, y=64.00, z=2553.00] does not have attribute null
[23:07:31] [Render thread/INFO]: [System] [CHAT] ak_kboy has made the advancement [Who Needs Rockets?]
[23:07:31] [Render thread/INFO]: [System] [CHAT] Quangdepzai3222 has made the advancement [Stone Age]
[23:07:32] [Render thread/WARN]: Entity class_745['Lxiszzzz_'/2470822, l='ClientLevel', x=-4505.21, y=64.01, z=2546.11] does not have attribute null
[23:07:32] [Render thread/WARN]: Entity class_746['khanhnotbruh'/2395064, l='ClientLevel', x=-4509.85, y=64.02, z=2549.26] does not have attribute null
[23:07:32] [Render thread/INFO]: [System] [CHAT] EnvyHocux: w***z
[23:07:32] [Render thread/INFO]: [System] [CHAT] (☠) ZIPREN fell from a high spot.
[23:07:33] [Render thread/INFO]: [System] [CHAT] ItzzNhaa__ has made the advancement [The End?]
[23:07:35] [Render thread/WARN]: Entity class_745['Lxiszzzz_'/2470822, l='ClientLevel', x=-4508.72, y=59.00, z=2545.46] does not have attribute null
[23:07:35] [Render thread/WARN]: Entity class_746['khanhnotbruh'/2395064, l='ClientLevel', x=-4503.63, y=59.00, z=2547.36] does not have attribute null
[23:07:37] [Render thread/INFO]: [System] [CHAT] ak_kboy has reached the goal [Postmortal]
[23:07:37] [Render thread/WARN]: Entity class_745['Lxiszzzz_'/2470822, l='ClientLevel', x=-4509.23, y=57.01, z=2546.95] does not have attribute null
[23:07:38] [Render thread/INFO]: [System] [CHAT] .Sat_Sali: free tpa bedrock
[23:07:38] [Render thread/WARN]: Entity class_746['khanhnotbruh'/2395064, l='ClientLevel', x=-4506.58, y=56.06, z=2545.26] does not have attribute null
[23:07:38] [Render thread/WARN]: Entity class_745['Lxiszzzz_'/2470822, l='ClientLevel', x=-4509.36, y=56.15, z=2547.24] does not have attribute null
[23:07:39] [Render thread/WARN]: Entity class_745['Lxiszzzz_'/2470822, l='ClientLevel', x=-4509.36, y=56.05, z=2547.24] does not have attribute null
[23:07:39] [Render thread/INFO]: [System] [CHAT] Camiloooov: shatre kit\
[23:07:40] [Render thread/INFO]: [System] [CHAT] 
[23:07:40] [Render thread/INFO]: [System] [CHAT]  GodVaibhav69 ᴡᴀs ᴋɪᴄᴋᴇᴅ ʙʏ  
[23:07:40] [Render thread/WARN]: Entity class_746['khanhnotbruh'/2395064, l='ClientLevel', x=-4507.70, y=55.00, z=2545.50] does not have attribute null
[23:07:40] [Render thread/WARN]: Ignoring player info update for unknown player 2b10ec62-3679-3c3a-aa3d-a2bfe5ed820f
[23:07:40] [Render thread/INFO]: [System] [CHAT] sang1209 has reached the goal [Postmortal]
[23:07:41] [Render thread/INFO]: [System] [CHAT] ItzzNhaa__ has reached the goal [Postmortal]
[23:07:41] [Render thread/INFO]: [System] [CHAT] NDS_ has made the advancement [The End?]
[23:07:42] [Render thread/INFO]: [System] [CHAT] CuongDepTraii has reached the goal [Postmortal]
[23:07:43] [Render thread/INFO]: [System] [CHAT] pagal_da_putar has made the advancement [Who Needs Rockets?]
[23:07:44] [Render thread/INFO]: [System] [CHAT] ibne67 has reached the goal [Postmortal]
[23:07:44] [Render thread/INFO]: [System] [CHAT] Densos has made the advancement [The End?]
[23:07:45] [Render thread/WARN]: Entity class_746['khanhnotbruh'/2395064, l='ClientLevel', x=-4507.59, y=57.00, z=2542.70] does not have attribute null
[23:07:45] [Render thread/WARN]: Ignoring player info update for unknown player 9eb4592d-fb1c-3eb5-9179-76f9d383f616
[23:07:45] [Render thread/INFO]: [System] [CHAT] 
[23:07:45] [Render thread/INFO]: [System] [CHAT]  HT_5 ᴡᴀs ᴋɪᴄᴋᴇᴅ ʙʏ  
[23:07:46] [Render thread/WARN]: Entity class_745['Lxiszzzz_'/2470822, l='ClientLevel', x=-4507.73, y=52.00, z=2545.30] does not have attribute null
[23:07:46] [Render thread/INFO]: [System] [CHAT] 
[23:07:46] [Render thread/INFO]: [System] [CHAT]  Seafox_X_Ocean ᴡᴀs ᴋɪᴄᴋᴇᴅ ʙʏ  
[23:07:47] [Render thread/WARN]: Entity class_746['khanhnotbruh'/2395064, l='ClientLevel', x=-4507.43, y=58.00, z=2543.60] does not have attribute null
[23:07:47] [Render thread/WARN]: Ignoring player info update for unknown player ff64ef31-bfa4-3b84-9e53-ae521548ed3c
[23:07:47] [Render thread/WARN]: Entity class_746['khanhnotbruh'/2395064, l='ClientLevel', x=-4507.47, y=58.13, z=2543.97] does not have attribute null
[23:07:49] [Render thread/WARN]: Entity class_745['Lxiszzzz_'/2470822, l='ClientLevel', x=-4507.72, y=51.00, z=2545.30] does not have attribute null
[23:07:49] [Render thread/WARN]: Ignoring player info update for unknown player 56019dc1-092d-495f-932a-cc9b681b62e3
[23:07:50] [Render thread/INFO]: [System] [CHAT] SonsyBaton33210: cara
[23:07:51] [Render thread/INFO]: [System] [CHAT] CuongDepTraii has made the advancement [Stone Age]
[23:07:52] [Render thread/WARN]: Ignoring player info update for unknown player b7eb3e98-ed8c-3b06-936b-846217ea1d4c
[23:07:53] [Render thread/WARN]: Entity class_746['khanhnotbruh'/2395064, l='ClientLevel', x=-4509.31, y=55.41, z=2545.46] does not have attribute null
[23:07:53] [Render thread/WARN]: Entity class_745['Lxiszzzz_'/2470822, l='ClientLevel', x=-4506.30, y=49.00, z=2545.30] does not have attribute null
[23:07:54] [Render thread/INFO]: [System] [CHAT] hoamoichs has made the advancement [Stone Age]
[23:07:55] [Render thread/WARN]: Entity class_745['Lxiszzzz_'/2470822, l='ClientLevel', x=-4506.40, y=49.00, z=2545.43] does not have attribute null
[23:07:55] [Render thread/WARN]: Entity class_746['khanhnotbruh'/2395064, l='ClientLevel', x=-4512.09, y=50.00, z=2548.69] does not have attribute null
[23:07:55] [Render thread/INFO]: [System] [CHAT] .KN7_SASUKE has reached the goal [Postmortal]
[23:07:56] [Render thread/INFO]: [System] [CHAT] Seafox_X_Ocean has made the advancement [The End?]
[23:07:56] [Render thread/INFO]: [System] [CHAT] ibne67 has made the advancement [The End?]
[23:07:57] [Render thread/WARN]: Entity class_745['Lxiszzzz_'/2470822, l='ClientLevel', x=-4505.09, y=47.65, z=2545.25] does not have attribute null
[23:07:58] [Render thread/WARN]: Ignoring player info update for unknown player eb0e3517-411c-3ee6-910d-5e5cd09cb716
[23:07:59] [Render thread/INFO]: [System] [CHAT] cpvper_2010 has made the advancement [Stone Age]
[23:07:59] [Render thread/WARN]: Entity class_746['khanhnotbruh'/2395064, l='ClientLevel', x=-4510.10, y=47.00, z=2545.29] does not have attribute null
[23:07:59] [Render thread/INFO]: [System] [CHAT] -1 Points
[23:07:59] [Render thread/INFO]: [System] [CHAT] +1 Death
[23:07:59] [Render thread/WARN]: Entity class_746['khanhnotbruh'/2395064, l='ClientLevel', x=-4511.22, y=47.08, z=2544.66] does not have attribute null
[23:08:00] [Render thread/INFO]: Stopping worker threads
[23:08:00] [Render thread/INFO]: Started 1 worker threads
[23:08:00] [Render thread/INFO]: Stopping worker threads
[23:08:00] [Render thread/INFO]: Started 1 worker threads
[23:08:00] [Render thread/WARN]: Entity class_746['khanhnotbruh'/2395064, l='ClientLevel', x=0.55, y=65.00, z=-6.49] does not have attribute null
[23:08:00] [Render thread/WARN]: Entity class_745['TaleCSC'/2541399, l='ClientLevel', x=0.55, y=65.00, z=-6.49] does not have attribute null
[23:08:00] [Render thread/WARN]: Entity class_745['.JT_Sabito_7'/2349553, l='ClientLevel', x=0.55, y=65.00, z=-6.49] does not have attribute null
[23:08:00] [Render thread/WARN]: Entity class_745['pagal_da_putar'/2480474, l='ClientLevel', x=10.83, y=65.00, z=-7.32] does not have attribute null
[23:08:00] [Render thread/WARN]: Entity class_745['PlentyWistle'/2416129, l='ClientLevel', x=0.55, y=65.00, z=-6.49] does not have attribute null
[23:08:00] [Render thread/WARN]: Entity class_745['khang2kkk'/2034321, l='ClientLevel', x=0.55, y=65.00, z=-6.49] does not have attribute null
[23:08:00] [Render thread/WARN]: Entity class_745['thanhlammc'/2509946, l='ClientLevel', x=0.76, y=65.00, z=-14.57] does not have attribute null
[23:08:00] [Render thread/WARN]: Entity class_745['truongkokho'/2571247, l='ClientLevel', x=0.55, y=65.00, z=-6.49] does not have attribute null
[23:08:01] [Render thread/WARN]: Entity class_745['FMLTUN'/2543084, l='ClientLevel', x=0.60, y=65.00, z=-7.50] does not have attribute null
[23:08:01] [Render thread/WARN]: Entity class_745['ZIPREN'/2485008, l='ClientLevel', x=0.55, y=65.12, z=-11.95] does not have attribute null
[23:08:01] [Render thread/WARN]: Entity class_745['lilpotato4'/2572529, l='ClientLevel', x=0.76, y=65.00, z=-6.75] does not have attribute null
[23:08:01] [Render thread/WARN]: Entity class_745['HT4_Soon3'/2557756, l='ClientLevel', x=0.55, y=65.00, z=-6.49] does not have attribute null
[23:08:01] [Render thread/WARN]: Entity class_745['snowloveyouu'/2515904, l='ClientLevel', x=0.55, y=65.00, z=-6.49] does not have attribute null
[23:08:01] [Render thread/INFO]: [System] [CHAT] .JT_Sabito_7: @.KingFoxSTA som rbeab dak totem der ng tix mkk
[23:08:01] [Render thread/WARN]: Entity class_745['DeathFalls'/2497776, l='ClientLevel', x=-0.19, y=65.00, z=-13.40] does not have attribute null
[23:08:01] [Render thread/WARN]: Entity class_745['Okhuchbsdb'/2568738, l='ClientLevel', x=-1.68, y=65.00, z=-12.76] does not have attribute null
[23:08:01] [Render thread/WARN]: Entity class_745['.KenshinCpvp'/2554030, l='ClientLevel', x=-2.26, y=65.00, z=-6.05] does not have attribute null
[23:08:01] [Render thread/WARN]: Entity class_745['ZedoxxyBxe'/2571292, l='ClientLevel', x=-2.82, y=65.00, z=-10.27] does not have attribute null
[23:08:01] [Render thread/WARN]: Entity class_745['.MetBreak7414'/2263669, l='ClientLevel', x=-1.65, y=65.00, z=-17.97] does not have attribute null
[23:08:01] [Render thread/WARN]: Entity class_745['KillerMCN'/2527361, l='ClientLevel', x=-14.33, y=65.42, z=-22.23] does not have attribute null
[23:08:01] [Render thread/WARN]: Entity class_745['XzermarketMC'/2082027, l='ClientLevel', x=28.32, y=65.00, z=-23.27] does not have attribute null
[23:08:01] [Render thread/WARN]: Entity class_745['R7yuk'/2501839, l='ClientLevel', x=26.26, y=65.06, z=-28.12] does not have attribute null
[23:08:01] [Render thread/WARN]: Entity class_745['KlajKdorAhNaHa_'/2567162, l='ClientLevel', x=-3.72, y=65.00, z=19.89] does not have attribute null
[23:08:02] [Render thread/INFO]: [System] [CHAT] Kit 1 loaded!
[23:08:02] [Render thread/INFO]: [System] [CHAT] Seafox_X_Ocean has reached the goal [Postmortal]
[23:08:03] [Render thread/WARN]: Entity class_745['lilpotato4'/2572529, l='ClientLevel', x=0.76, y=65.00, z=-6.75] does not have attribute null
[23:08:03] [Render thread/INFO]: [System] [CHAT] Unknown command. Type "/help" for help.
[23:08:04] [Render thread/WARN]: Entity class_745['Saad_Gaming_XD'/2543948, l='ClientLevel', x=0.55, y=65.00, z=-6.49] does not have attribute null
[23:08:04] [Render thread/INFO]: [System] [CHAT] sang1209 has made the advancement [Stone Age]
[23:08:05] [Render thread/WARN]: Ignoring player info update for unknown player 5b7eb123-7a94-489b-9958-634ff620e40c
[23:08:05] [Render thread/WARN]: Entity class_745['Taboo103'/2572928, l='ClientLevel', x=0.55, y=65.00, z=-6.49] does not have attribute null
[23:08:05] [Render thread/WARN]: Entity class_745['Taboo103'/2572928, l='ClientLevel', x=0.55, y=65.00, z=-6.49] does not have attribute null
[23:08:05] [Render thread/INFO]: [System] [CHAT] (⚔) man3p3ar killed jordanbastiti.
[23:08:06] [Render thread/INFO]: [System] [CHAT] Unknown command. Type "/help" for help.
[23:08:06] [Render thread/WARN]: Entity class_745['Tus_Dzg'/2510046, l='ClientLevel', x=0.55, y=65.00, z=-6.49] does not have attribute null
[23:08:06] [Render thread/WARN]: Entity class_745['jordanbastiti'/2551038, l='ClientLevel', x=0.55, y=65.00, z=-6.49] does not have attribute null
[23:08:07] [Render thread/WARN]: Entity class_745['Pwight_'/2507244, l='ClientLevel', x=0.55, y=65.00, z=-6.49] does not have attribute null
[23:08:07] [Render thread/WARN]: Entity class_745['snowloveyouu'/2515904, l='ClientLevel', x=10.31, y=65.00, z=-17.08] does not have attribute null
[23:08:07] [Render thread/INFO]: [System] [CHAT] thanhlammc has made the advancement [The End?]
[23:08:07] [Render thread/INFO]: [System] [CHAT] 
[23:08:07] [Render thread/INFO]: [System] [CHAT]  ItzzNhaa__ ᴡᴀs ᴋɪᴄᴋᴇᴅ ʙʏ  
[23:08:08] [Render thread/WARN]: Entity class_745['EnvyHocux'/2470370, l='ClientLevel', x=0.55, y=65.00, z=-6.49] does not have attribute null
[23:08:08] [Render thread/WARN]: Entity class_745['DangerMarlow_Jr'/2247315, l='ClientLevel', x=0.55, y=65.00, z=-6.49] does not have attribute null
[23:08:08] [Render thread/WARN]: Entity class_745['BadXGood'/2532152, l='ClientLevel', x=0.55, y=65.00, z=-6.49] does not have attribute null
[23:08:08] [Render thread/INFO]: [System] [CHAT] Sent teleport request to vinhminebk.
[23:08:09] [Render thread/INFO]: [System] [CHAT] 
[23:08:09] [Render thread/INFO]: [System] [CHAT]  Gothangelz ᴡᴀs ᴋɪᴄᴋᴇᴅ ʙʏ  
[23:08:10] [Render thread/WARN]: Entity class_745['nischc'/2405181, l='ClientLevel', x=0.55, y=65.00, z=-6.49] does not have attribute null
[23:08:11] [Render thread/WARN]: Entity class_746['khanhnotbruh'/2395064, l='ClientLevel', x=1.03, y=66.25, z=-18.55] does not have attribute null
[23:08:12] [Render thread/WARN]: Entity class_745['BadXGood'/2532152, l='ClientLevel', x=0.55, y=65.00, z=-6.49] does not have attribute null
[23:08:12] [Render thread/INFO]: Stopping worker threads
[23:08:12] [Render thread/INFO]: Started 1 worker threads
[23:08:12] [Render thread/INFO]: Stopping worker threads
[23:08:12] [Render thread/INFO]: Started 1 worker threads
[23:08:12] [Render thread/WARN]: Entity class_746['khanhnotbruh'/2395064, l='ClientLevel', x=-713.34, y=64.00, z=-816.44] does not have attribute null
[23:08:12] [Render thread/INFO]: [System] [CHAT] CPVP » vinhminebk accepted your teleport request!
[23:08:12] [Render thread/WARN]: Entity class_746['khanhnotbruh'/2395064, l='ClientLevel', x=-713.34, y=64.00, z=-816.44] does not have attribute null
[23:08:12] [Render thread/WARN]: Entity class_745['vinhminebk'/2394303, l='ClientLevel', x=-713.34, y=64.00, z=-816.44] does not have attribute null
[23:08:13] [Render thread/WARN]: Ignoring player info update for unknown player bd7a052d-e2d3-4b3b-a76a-5107b9414fe9
[23:08:14] [Render thread/WARN]: Ignoring player info update for unknown player 1ffb6423-5328-4125-83ef-d9f237d6aacc
[23:08:14] [Render thread/INFO]: [System] [CHAT] Camiloooov: itu ada di /k terus pilih bottle enchant
[23:08:15] [Render thread/WARN]: Entity class_746['khanhnotbruh'/2395064, l='ClientLevel', x=-714.52, y=62.02, z=-813.09] does not have attribute null
[23:08:17] [Render thread/INFO]: [System] [CHAT] lilpotato4 has made the advancement [The End?]
[23:08:18] [Render thread/WARN]: Entity class_746['khanhnotbruh'/2395064, l='ClientLevel', x=-717.80, y=58.00, z=-815.35] does not have attribute null
[23:08:20] [Render thread/WARN]: Entity class_746['khanhnotbruh'/2395064, l='ClientLevel', x=-717.80, y=58.00, z=-815.35] does not have attribute null
[23:08:21] [Render thread/INFO]: [System] [CHAT] EIxCiro59_ has made the advancement [Stone Age]
[23:08:21] [Render thread/WARN]: Entity class_745['vinhminebk'/2394303, l='ClientLevel', x=-722.32, y=60.23, z=-816.61] does not have attribute null
[23:08:21] [Render thread/WARN]: Entity class_746['khanhnotbruh'/2395064, l='ClientLevel', x=-717.80, y=58.00, z=-815.35] does not have attribute null
[23:08:22] [Render thread/WARN]: Entity class_746['khanhnotbruh'/2395064, l='ClientLevel', x=-717.56, y=58.00, z=-815.64] does not have attribute null
[23:08:22] [Render thread/WARN]: Ignoring player info update for unknown player 129b60d7-68ec-3735-ad2c-bff382d3d70c
[23:08:23] [Render thread/INFO]: [System] [CHAT] Camiloooov has completed the challenge [Cover Me in Debris]
[23:08:23] [Render thread/WARN]: Ignoring player info update for unknown player 757ab266-32e2-4819-96f7-6ea27bd03ec3
[23:08:24] [Render thread/INFO]: [System] [CHAT] ItzzNhaa__ has made the advancement [The End?]
[23:08:26] [Render thread/WARN]: Entity class_745['vinhminebk'/2394303, l='ClientLevel', x=-719.49, y=56.40, z=-812.68] does not have attribute null
[23:08:27] [Render thread/INFO]: [System] [CHAT] lilpotato4 has reached the goal [Postmortal]
[23:08:28] [Render thread/INFO]: [System] [CHAT] SonsyBaton33210: udh
[23:08:28] [Render thread/WARN]: Entity class_745['vinhminebk'/2394303, l='ClientLevel', x=-719.90, y=56.00, z=-811.59] does not have attribute null
[23:08:29] [Render thread/INFO]: [System] [CHAT] Okhuchbsdb has made the advancement [The End?]
[23:08:29] [Render thread/WARN]: Entity class_746['khanhnotbruh'/2395064, l='ClientLevel', x=-718.26, y=55.25, z=-818.11] does not have attribute null
[23:08:30] [Render thread/WARN]: Entity class_746['khanhnotbruh'/2395064, l='ClientLevel', x=-717.30, y=55.25, z=-819.87] does not have attribute null
[23:08:31] [Render thread/INFO]: [System] [CHAT] ItzzNhaa__ has reached the goal [Postmortal]
[23:08:33] [Render thread/WARN]: Entity class_746['khanhnotbruh'/2395064, l='ClientLevel', x=-717.04, y=57.17, z=-820.63] does not have attribute null
[23:08:35] [Render thread/INFO]: [System] [CHAT] CHINULOL: totem
[23:08:37] [Render thread/INFO]: [System] [CHAT] Camiloooov: kasih ke gw kodenya
[23:08:38] [Render thread/WARN]: Entity class_746['khanhnotbruh'/2395064, l='ClientLevel', x=-717.53, y=53.00, z=-821.58] does not have attribute null
[23:08:39] [Render thread/INFO]: [System] [CHAT] User123name has made the advancement [Not Quite "Nine" Lives]
[23:08:39] [Render thread/WARN]: Entity class_745['vinhminebk'/2394303, l='ClientLevel', x=-716.64, y=53.00, z=-817.32] does not have attribute null
[23:08:40] [Render thread/WARN]: Entity class_746['khanhnotbruh'/2395064, l='ClientLevel', x=-717.44, y=52.00, z=-821.55] does not have attribute null
[23:08:41] [Render thread/WARN]: Entity class_746['khanhnotbruh'/2395064, l='ClientLevel', x=-716.75, y=52.01, z=-823.87] does not have attribute null
[23:08:43] [Render thread/WARN]: Entity class_746['khanhnotbruh'/2395064, l='ClientLevel', x=-716.96, y=51.00, z=-818.43] does not have attribute null
[23:08:44] [Render thread/INFO]: [System] [CHAT] NotProKing has made the advancement [Not Quite "Nine" Lives]
[23:08:44] [Render thread/WARN]: Entity class_745['vinhminebk'/2394303, l='ClientLevel', x=-716.30, y=51.00, z=-817.71] does not have attribute null
[23:08:44] [Render thread/WARN]: Ignoring player info update for unknown player 2b10ec62-3679-3c3a-aa3d-a2bfe5ed820f
[23:08:45] [Render thread/INFO]: [System] [CHAT] DangerMarlow_Jr has made the advancement [Monster Hunter]
[23:08:45] [Render thread/INFO]: [System] [CHAT] 
[23:08:45] [Render thread/INFO]: [System] [CHAT]  Seafox_X_Ocean ᴡᴀs ᴋɪᴄᴋᴇᴅ ʙʏ  
[23:08:45] [Render thread/WARN]: Entity class_746['khanhnotbruh'/2395064, l='ClientLevel', x=-714.25, y=52.15, z=-819.54] does not have attribute null
[23:08:46] [Render thread/WARN]: Entity class_746['khanhnotbruh'/2395064, l='ClientLevel', x=-712.33, y=52.49, z=-819.82] does not have attribute null
[23:08:46] [Render thread/INFO]: [System] [CHAT] SonsyBaton33210: kode apa
[23:08:47] [Render thread/INFO]: [System] [CHAT] khangnguyen02: noob
[23:08:48] [Render thread/WARN]: Ignoring player info update for unknown player 56019dc1-092d-495f-932a-cc9b681b62e3
[23:08:49] [Render thread/INFO]: [System] [CHAT] SonsyBaton33210: k2
[23:08:50] [Render thread/WARN]: Entity class_746['khanhnotbruh'/2395064, l='ClientLevel', x=-713.30, y=51.40, z=-818.34] does not have attribute null
[23:08:51] [Render thread/WARN]: Ignoring player info update for unknown player 7b8de716-227a-4bdd-bd3f-e63723d64128
[23:08:51] [Render thread/WARN]: Entity class_745['vinhminebk'/2394303, l='ClientLevel', x=-717.30, y=51.00, z=-818.50] does not have attribute null
[23:08:52] [Render thread/WARN]: Entity class_746['khanhnotbruh'/2395064, l='ClientLevel', x=-714.35, y=52.14, z=-818.36] does not have attribute null
[23:08:53] [Render thread/WARN]: Ignoring player info update for unknown player 9eb4592d-fb1c-3eb5-9179-76f9d383f616
[23:08:53] [Render thread/WARN]: Entity class_746['khanhnotbruh'/2395064, l='ClientLevel', x=-712.14, y=53.14, z=-816.64] does not have attribute null
[23:08:54] [Render thread/INFO]: [System] [CHAT] 
[23:08:54] [Render thread/INFO]: [System] [CHAT]  CuongDepTraii ᴡᴀs ᴋɪᴄᴋᴇᴅ ʙʏ  
[23:08:54] [Render thread/INFO]: [System] [CHAT]  \nTeleport Request:\n \nPlayer JTM_MIKILA wants teleport to you.\nType /tpyes JTM_MIKILA to accept and summon him.\nor /tpno JTM_MIKILA to decline.\n \n            [Accept]      [Decline]\n 
[23:08:54] [Render thread/WARN]: Entity class_745['vinhminebk'/2394303, l='ClientLevel', x=-715.77, y=51.00, z=-817.77] does not have attribute null
[23:08:55] [Render thread/INFO]: [System] [CHAT] lilpotato4 has made the advancement [Not Quite "Nine" Lives]
[23:08:56] [Render thread/WARN]: Entity class_746['khanhnotbruh'/2395064, l='ClientLevel', x=-714.69, y=51.00, z=-818.51] does not have attribute null
[23:08:56] [Render thread/WARN]: Ignoring player info update for unknown player 220d5f76-af0b-3e93-8fcb-92c73dab73ed
[23:08:56] [Render thread/INFO]: [System] [CHAT] Seafox_X_Ocean has made the advancement [The End?]
[23:08:56] [Render thread/WARN]: Entity class_745['vinhminebk'/2394303, l='ClientLevel', x=-716.30, y=50.00, z=-817.86] does not have attribute null
[23:08:56] [Render thread/WARN]: Entity class_746['khanhnotbruh'/2395064, l='ClientLevel', x=-714.24, y=49.00, z=-818.51] does not have attribute null
[23:08:56] [Render thread/WARN]: Entity class_745['vinhminebk'/2394303, l='ClientLevel', x=-717.41, y=49.27, z=-817.05] does not have attribute null
[23:08:58] [Render thread/INFO]: [System] [CHAT] -1 Points
[23:08:58] [Render thread/INFO]: [System] [CHAT] +1 Death
[23:08:58] [Render thread/INFO]: [System] [CHAT] FinalMugetsu has made the advancement [Not Quite "Nine" Lives]
[23:08:58] [Render thread/WARN]: Entity class_746['khanhnotbruh'/2395064, l='ClientLevel', x=-713.30, y=48.08, z=-818.51] does not have attribute null
[23:09:00] [Render thread/INFO]: Stopping worker threads
[23:09:00] [Render thread/INFO]: Started 1 worker threads
[23:09:00] [Render thread/INFO]: Stopping worker threads
[23:09:00] [Render thread/INFO]: Started 1 worker threads
[23:09:00] [Render thread/WARN]: Entity class_746['khanhnotbruh'/2395064, l='ClientLevel', x=0.55, y=65.00, z=-6.49] does not have attribute null
[23:09:00] [Render thread/WARN]: Entity class_745['BxngTo'/2573619, l='ClientLevel', x=0.99, y=65.00, z=-14.18] does not have attribute null
[23:09:00] [Render thread/WARN]: Entity class_745['salverynigga'/2475321, l='ClientLevel', x=0.55, y=65.00, z=-6.49] does not have attribute null
[23:09:00] [Render thread/WARN]: Entity class_745['JTM_MIKILA'/2574086, l='ClientLevel', x=2.71, y=65.00, z=-6.35] does not have attribute null
[23:09:00] [Render thread/WARN]: Entity class_745['FMLTUN'/2543084, l='ClientLevel', x=1.79, y=65.00, z=-4.52] does not have attribute null
[23:09:00] [Render thread/WARN]: Entity class_745['.KN7_SASUKE'/2561335, l='ClientLevel', x=0.55, y=65.00, z=-6.49] does not have attribute null
[23:09:00] [Render thread/WARN]: Entity class_745['BadXGood'/2532152, l='ClientLevel', x=0.55, y=65.00, z=-6.49] does not have attribute null
[23:09:00] [Render thread/WARN]: Entity class_745['.Viisxal6897'/2002481, l='ClientLevel', x=0.55, y=65.00, z=-6.49] does not have attribute null
[23:09:00] [Render thread/WARN]: Entity class_745['Saad_Gaming_XD'/2543948, l='ClientLevel', x=0.55, y=65.00, z=-6.49] does not have attribute null
[23:09:00] [Render thread/WARN]: Entity class_745['tuananh23'/2459002, l='ClientLevel', x=0.55, y=65.00, z=-6.49] does not have attribute null
[23:09:00] [Render thread/WARN]: Entity class_745['DeathFalls'/2497776, l='ClientLevel', x=-0.19, y=65.00, z=-13.40] does not have attribute null
[23:09:00] [Render thread/WARN]: Entity class_745['Tus_Dzg'/2510046, l='ClientLevel', x=31.63, y=69.50, z=-11.29] does not have attribute null
[23:09:00] [Render thread/WARN]: Entity class_745['.KenshinCpvp'/2554030, l='ClientLevel', x=-2.26, y=65.00, z=-6.05] does not have attribute null
[23:09:00] [Render thread/WARN]: Entity class_745['truongkokho'/2576136, l='ClientLevel', x=-2.04, y=65.00, z=-13.54] does not have attribute null
[23:09:00] [Render thread/WARN]: Entity class_745['MrMooSap'/2569665, l='ClientLevel', x=-3.08, y=65.00, z=-10.38] does not have attribute null
[23:09:00] [Render thread/WARN]: Entity class_745['nischc'/2405181, l='ClientLevel', x=-7.14, y=65.00, z=-9.85] does not have attribute null
[23:09:00] [Render thread/WARN]: Entity class_745['KlajKdorAhNaHa_'/2567162, l='ClientLevel', x=0.05, y=66.17, z=-0.42] does not have attribute null
[23:09:00] [Render thread/WARN]: Entity class_745['XzermarketMC'/2082027, l='ClientLevel', x=28.32, y=65.00, z=-23.27] does not have attribute null
[23:09:01] [Render thread/INFO]: [System] [CHAT] Kit 1 loaded!
[23:09:03] [Render thread/INFO]: [System] [CHAT] Camiloooov: share kit terus lu klik itu
[23:09:03] [Render thread/INFO]: [System] [CHAT] You have to wait 0sec. before you can use another command.
[23:09:03] [Render thread/WARN]: Entity class_745['hoamoichs'/2537195, l='ClientLevel', x=0.55, y=65.00, z=-6.49] does not have attribute null
[23:09:03] [Render thread/INFO]: [System] [CHAT] Seafox_X_Ocean has reached the goal [Postmortal]
[23:09:03] [Render thread/WARN]: Ignoring player info update for unknown player bd7a052d-e2d3-4b3b-a76a-5107b9414fe9
[23:09:03] [Render thread/WARN]: Entity class_745['ItzzNhaa__'/2577649, l='ClientLevel', x=0.55, y=65.00, z=-6.49] does not have attribute null
[23:09:03] [Render thread/WARN]: Entity class_745['ItzzNhaa__'/2577649, l='ClientLevel', x=0.55, y=65.00, z=-6.49] does not have attribute null
[23:09:03] [Render thread/INFO]: [System] [CHAT] JTM_MIKILA: acc
[23:09:04] [Render thread/INFO]: [System] [CHAT] Kit 2 loaded!
[23:09:05] [Render thread/WARN]: Ignoring player info update for unknown player dcf9e5a4-b4cb-3223-8e95-6493efa8f3a0
[23:09:05] [Render thread/WARN]: Entity class_745['Imurwalker'/2577750, l='ClientLevel', x=0.55, y=65.00, z=-6.49] does not have attribute null
[23:09:05] [Render thread/WARN]: Entity class_745['Imurwalker'/2577750, l='ClientLevel', x=0.55, y=65.00, z=-6.49] does not have attribute null
[23:09:05] [Render thread/INFO]: [System] [CHAT] Mochiii1ii has reached the goal [Postmortal]
[23:09:05] [Render thread/WARN]: Entity class_745['Pwight_'/2507244, l='ClientLevel', x=0.55, y=65.00, z=-6.49] does not have attribute null
[23:09:06] [Render thread/INFO]: Stopping worker threads
[23:09:06] [Render thread/INFO]: Started 1 worker threads
[23:09:06] [Render thread/INFO]: Stopping worker threads
[23:09:06] [Render thread/INFO]: Started 1 worker threads
[23:09:06] [Render thread/WARN]: Entity class_746['khanhnotbruh'/2395064, l='ClientLevel', x=-713.51, y=48.00, z=-818.51] does not have attribute null
[23:09:06] [Render thread/WARN]: Entity class_745['vinhminebk'/2394303, l='ClientLevel', x=-718.41, y=48.00, z=-816.40] does not have attribute null
[23:09:09] [Render thread/WARN]: Entity class_746['khanhnotbruh'/2395064, l='ClientLevel', x=-713.51, y=47.00, z=-818.51] does not have attribute null
[23:09:09] [Render thread/INFO]: [System] [CHAT] 
[23:09:09] [Render thread/INFO]: [System] [CHAT]  NDS_ ᴡᴀs ᴋɪᴄᴋᴇᴅ ʙʏ  
[23:09:10] [Render thread/WARN]: Entity class_746['khanhnotbruh'/2395064, l='ClientLevel', x=-713.62, y=47.00, z=-818.46] does not have attribute null
[23:09:11] [Render thread/WARN]: Entity class_746['khanhnotbruh'/2395064, l='ClientLevel', x=-713.47, y=47.00, z=-818.34] does not have attribute null
[23:09:15] [Render thread/INFO]: [System] [CHAT] SonsyBaton33210: gabisa /sharekit
[23:09:17] [Render thread/WARN]: Entity class_745['vinhminebk'/2394303, l='ClientLevel', x=-717.01, y=44.10, z=-817.30] does not have attribute null
[23:09:17] [Render thread/WARN]: Entity class_746['khanhnotbruh'/2395064, l='ClientLevel', x=-716.21, y=44.00, z=-820.55] does not have attribute null
[23:09:18] [Render thread/WARN]: Entity class_746['khanhnotbruh'/2395064, l='ClientLevel', x=-716.61, y=43.00, z=-821.70] does not have attribute null
[23:09:20] [Render thread/WARN]: Ignoring player info update for unknown player 019f21e3-3a68-32f3-81c4-15abe9f83d3c
[23:09:22] [Render thread/INFO]: [System] [CHAT] Camiloooov: ./sharekit k?
[23:09:22] [Render thread/WARN]: Entity class_745['vinhminebk'/2394303, l='ClientLevel', x=-718.38, y=43.82, z=-818.62] does not have attribute null
[23:09:22] [Render thread/WARN]: Ignoring player info update for unknown player ae1c19d2-d64b-3fc3-a7c7-b3cf401cd1ba
[23:09:23] [Render thread/WARN]: Entity class_746['khanhnotbruh'/2395064, l='ClientLevel', x=-715.98, y=40.00, z=-822.49] does not have attribute null
[23:09:27] [Render thread/WARN]: Entity class_746['khanhnotbruh'/2395064, l='ClientLevel', x=-713.19, y=41.61, z=-825.20] does not have attribute null
[23:09:28] [Render thread/WARN]: Entity class_746['khanhnotbruh'/2395064, l='ClientLevel', x=-711.30, y=41.00, z=-826.70] does not have attribute null
[23:09:29] [Render thread/WARN]: Ignoring player info update for unknown player 2b10ec62-3679-3c3a-aa3d-a2bfe5ed820f
[23:09:30] [Render thread/WARN]: Entity class_746['khanhnotbruh'/2395064, l='ClientLevel', x=-709.30, y=42.04, z=-827.70] does not have attribute null
[23:09:30] [Render thread/INFO]: [System] [CHAT] -1 Points
[23:09:30] [Render thread/INFO]: [System] [CHAT] +1 Death
[23:09:30] [Render thread/WARN]: Entity class_746['khanhnotbruh'/2395064, l='ClientLevel', x=-707.71, y=42.50, z=-827.09] does not have attribute null
[23:09:31] [Render thread/WARN]: Entity class_745['vinhminebk'/2394303, l='ClientLevel', x=-710.88, y=41.00, z=-827.70] does not have attribute null
[23:09:31] [Render thread/INFO]: [System] [CHAT] .ImAboutTocu1897 has made the advancement [Take Aim]
[23:09:31] [Render thread/WARN]: Ignoring player info update for unknown player 22914bd1-f895-3bb7-b82f-f1e8fd86c26a
[23:09:32] [Render thread/INFO]: Stopping worker threads
[23:09:32] [Render thread/INFO]: Started 1 worker threads
[23:09:32] [Render thread/INFO]: Stopping worker threads
[23:09:32] [Render thread/INFO]: Started 1 worker threads
[23:09:32] [Render thread/WARN]: Entity class_746['khanhnotbruh'/2395064, l='ClientLevel', x=0.55, y=65.00, z=-6.49] does not have attribute null
[23:09:32] [Render thread/WARN]: Entity class_745['BxngTo'/2573619, l='ClientLevel', x=0.99, y=65.00, z=-14.18] does not have attribute null
[23:09:32] [Render thread/WARN]: Entity class_745['epann'/2579230, l='ClientLevel', x=2.57, y=65.00, z=-4.25] does not have attribute null
[23:09:32] [Render thread/WARN]: Entity class_745['JTM_MIKILA'/2574086, l='ClientLevel', x=9.49, y=65.00, z=-6.61] does not have attribute null
[23:09:32] [Render thread/WARN]: Entity class_745['TaleCSC'/2541399, l='ClientLevel', x=1.23, y=65.00, z=-10.68] does not have attribute null
[23:09:32] [Render thread/WARN]: Entity class_745['KlajKdorAhNaHa_'/2567162, l='ClientLevel', x=8.09, y=65.00, z=-5.17] does not have attribute null
[23:09:32] [Render thread/WARN]: Entity class_745['Quangdepzai3222'/2563180, l='ClientLevel', x=0.66, y=65.00, z=-8.51] does not have attribute null
[23:09:32] [Render thread/WARN]: Entity class_745['BadXGood'/2532152, l='ClientLevel', x=0.55, y=65.00, z=-6.49] does not have attribute null
[23:09:32] [Render thread/WARN]: Entity class_745['Mochiii1ii'/2576763, l='ClientLevel', x=1.04, y=65.00, z=-12.05] does not have attribute null
[23:09:32] [Render thread/WARN]: Entity class_745['Imurwalker'/2577750, l='ClientLevel', x=7.89, y=65.00, z=-8.26] does not have attribute null
[23:09:32] [Render thread/WARN]: Entity class_745['PlentyWistle'/2416129, l='ClientLevel', x=0.55, y=65.00, z=-6.49] does not have attribute null
[23:09:32] [Render thread/WARN]: Entity class_745['DarkOakG1222'/2544285, l='ClientLevel', x=0.55, y=65.00, z=-6.49] does not have attribute null
[23:09:32] [Render thread/WARN]: Ignoring player info update for unknown player 5cbf10d6-48ae-3322-a48a-43421bd0d570
[23:09:32] [Render thread/WARN]: Entity class_745['DeathFalls'/2497776, l='ClientLevel', x=-0.19, y=65.00, z=-13.40] does not have attribute null
[23:09:32] [Render thread/WARN]: Entity class_745['.KenshinCpvp'/2554030, l='ClientLevel', x=-2.26, y=65.00, z=-6.05] does not have attribute null
[23:09:32] [Render thread/WARN]: Entity class_745['MrMooSap'/2569665, l='ClientLevel', x=-3.08, y=65.00, z=-10.38] does not have attribute null
[23:09:32] [Render thread/WARN]: Entity class_745['nischc'/2405181, l='ClientLevel', x=-7.14, y=65.00, z=-9.85] does not have attribute null
[23:09:32] [Render thread/WARN]: Entity class_745['.Viisxal6897'/2002481, l='ClientLevel', x=-5.46, y=65.06, z=-1.74] does not have attribute null
[23:09:32] [Render thread/WARN]: Entity class_745['ZedoxxyBxe'/2571292, l='ClientLevel', x=-1.13, y=65.00, z=-17.59] does not have attribute null
[23:09:32] [Render thread/WARN]: Entity class_745['huyquanhoaaa'/2092743, l='ClientLevel', x=-5.01, y=65.06, z=-18.70] does not have attribute null
[23:09:32] [Render thread/WARN]: Entity class_745['XzermarketMC'/2082027, l='ClientLevel', x=28.32, y=65.00, z=-23.27] does not have attribute null
[23:09:33] [Render thread/INFO]: [System] [CHAT] Kit 1 loaded!
[23:09:34] [Render thread/INFO]: [System] [CHAT] You have to wait 0sec. before you can use another command.
[23:09:34] [Render thread/WARN]: Entity class_745['Quangdepzai3222'/2563180, l='ClientLevel', x=0.82, y=65.00, z=-11.78] does not have attribute null
[23:09:35] [Render thread/INFO]: Stopping worker threads
[23:09:35] [Render thread/INFO]: Started 1 worker threads
[23:09:35] [Render thread/INFO]: Stopping worker threads
[23:09:35] [Render thread/INFO]: Started 1 worker threads
[23:09:35] [Render thread/WARN]: Entity class_746['khanhnotbruh'/2395064, l='ClientLevel', x=-708.26, y=42.11, z=-827.32] does not have attribute null
[23:09:35] [Render thread/INFO]: [System] [CHAT] SonsyBaton33210: iy ngk b isa
[23:09:36] [Render thread/WARN]: Entity class_745['vinhminebk'/2394303, l='ClientLevel', x=-716.77, y=40.00, z=-822.30] does not have attribute null
[23:09:36] [Render thread/WARN]: Entity class_745['vinhminebk'/2394303, l='ClientLevel', x=-716.75, y=40.00, z=-822.30] does not have attribute null
[23:09:38] [Render thread/WARN]: Entity class_746['khanhnotbruh'/2395064, l='ClientLevel', x=-708.19, y=42.00, z=-826.66] does not have attribute null
[23:09:39] [Render thread/WARN]: Entity class_745['vinhminebk'/2394303, l='ClientLevel', x=-716.65, y=40.00, z=-822.30] does not have attribute null
[23:09:40] [Render thread/WARN]: Entity class_746['khanhnotbruh'/2395064, l='ClientLevel', x=-708.19, y=42.00, z=-826.66] does not have attribute null
[23:09:42] [Render thread/WARN]: Ignoring player info update for unknown player 093e112c-4c0d-49f3-85a4-c90a4117575b
[23:09:42] [Render thread/WARN]: Entity class_746['khanhnotbruh'/2395064, l='ClientLevel', x=-709.18, y=41.04, z=-827.70] does not have attribute null
[23:09:43] [Render thread/WARN]: Entity class_745['vinhminebk'/2394303, l='ClientLevel', x=-711.59, y=40.15, z=-824.93] does not have attribute null
[23:09:43] [Render thread/INFO]: [System] [CHAT] Quangdepzai3222 has made the advancement [The End?]
[23:09:44] [Render thread/WARN]: Entity class_745['vinhminebk'/2394303, l='ClientLevel', x=-711.02, y=39.65, z=-825.30] does not have attribute null
[23:09:45] [Render thread/WARN]: Entity class_746['khanhnotbruh'/2395064, l='ClientLevel', x=-708.42, y=38.00, z=-827.80] does not have attribute null
[23:09:47] [Render thread/INFO]: [System] [CHAT] ak_kboy has made the advancement [Stone Age]
[23:09:47] [Render thread/WARN]: Entity class_745['vinhminebk'/2394303, l='ClientLevel', x=-712.96, y=38.86, z=-823.98] does not have attribute null
[23:09:47] [Render thread/WARN]: Entity class_745['vinhminebk'/2394303, l='ClientLevel', x=-713.72, y=38.22, z=-822.54] does not have attribute null
[23:09:47] [Render thread/WARN]: Entity class_746['khanhnotbruh'/2395064, l='ClientLevel', x=-709.58, y=37.00, z=-826.35] does not have attribute null
[23:09:50] [Render thread/WARN]: Entity class_746['khanhnotbruh'/2395064, l='ClientLevel', x=-712.28, y=38.00, z=-823.09] does not have attribute null
[23:09:50] [Render thread/INFO]: [System] [CHAT] epann has made the advancement [The End?]
[23:09:50] [Render thread/INFO]: [System] [CHAT] (☠) lnbnguyen fell from a high spot.
[23:09:51] [Render thread/WARN]: Entity class_745['vinhminebk'/2394303, l='ClientLevel', x=-712.39, y=37.00, z=-827.18] does not have attribute null
[23:09:54] [Render thread/INFO]: [System] [CHAT] Imurwalker has reached the goal [Postmortal]
[23:09:55] [Render thread/WARN]: Entity class_745['vinhminebk'/2394303, l='ClientLevel', x=-711.40, y=35.00, z=-824.22] does not have attribute null
[23:09:55] [Render thread/WARN]: Entity class_746['khanhnotbruh'/2395064, l='ClientLevel', x=-710.95, y=35.00, z=-823.44] does not have attribute null
[23:09:56] [Render thread/WARN]: Ignoring player info update for unknown player 83f934f9-2925-3b29-8a6e-ba6ab9fa5b85
[23:09:57] [Render thread/WARN]: Entity class_746['khanhnotbruh'/2395064, l='ClientLevel', x=-710.02, y=36.04, z=-823.30] does not have attribute null
[23:09:57] [Render thread/WARN]: Entity class_745['vinhminebk'/2394303, l='ClientLevel', x=-711.30, y=35.00, z=-824.70] does not have attribute null
[23:09:57] [Render thread/INFO]: [System] [CHAT] -1 Points
[23:09:57] [Render thread/INFO]: [System] [CHAT] +1 Death
[23:09:57] [Render thread/WARN]: Entity class_746['khanhnotbruh'/2395064, l='ClientLevel', x=-709.52, y=36.48, z=-822.40] does not have attribute null
[23:09:58] [Render thread/INFO]: [System] [CHAT] madercond: lt3 tpa me
[23:09:58] [Render thread/INFO]: [System] [CHAT] Gxrio: hold on
[23:09:58] [Render thread/INFO]: Stopping worker threads
[23:09:58] [Render thread/INFO]: Started 1 worker threads
[23:09:58] [Render thread/INFO]: Stopping worker threads
[23:09:58] [Render thread/INFO]: Started 1 worker threads
[23:09:58] [Render thread/WARN]: Entity class_746['khanhnotbruh'/2395064, l='ClientLevel', x=0.55, y=65.00, z=-6.49] does not have attribute null
[23:09:58] [Render thread/WARN]: Entity class_745['Saad_Gaming_XD'/2543948, l='ClientLevel', x=0.55, y=65.00, z=-6.49] does not have attribute null
[23:09:58] [Render thread/WARN]: Entity class_745['BxngTo'/2573619, l='ClientLevel', x=0.99, y=65.00, z=-14.18] does not have attribute null
[23:09:58] [Render thread/WARN]: Entity class_745['User123name'/2493174, l='ClientLevel', x=2.23, y=66.17, z=-13.22] does not have attribute null
[23:09:58] [Render thread/WARN]: Entity class_745['.KN7_SASUKE'/2561335, l='ClientLevel', x=0.55, y=65.00, z=-6.49] does not have attribute null
[23:09:58] [Render thread/WARN]: Entity class_745['BadXGood'/2532152, l='ClientLevel', x=0.55, y=65.00, z=-6.49] does not have attribute null
[23:09:58] [Render thread/WARN]: Entity class_745['lilpotato4'/2572529, l='ClientLevel', x=0.87, y=65.00, z=-8.45] does not have attribute null
[23:09:58] [Render thread/WARN]: Entity class_745['EIxCiro59_'/2555845, l='ClientLevel', x=0.55, y=65.00, z=-6.49] does not have attribute null
[23:09:58] [Render thread/WARN]: Entity class_745['TKB_BinhAn'/2509659, l='ClientLevel', x=0.55, y=65.00, z=-6.49] does not have attribute null
[23:09:58] [Render thread/WARN]: Entity class_745['Salut_Sor'/2506488, l='ClientLevel', x=5.94, y=65.06, z=-8.05] does not have attribute null
[23:09:58] [Render thread/INFO]: [System] [CHAT] Quangdepzai3222 has made the advancement [Ol' Betsy]
[23:09:58] [Render thread/WARN]: Entity class_745['DeathFalls'/2497776, l='ClientLevel', x=-0.19, y=65.00, z=-13.40] does not have attribute null
[23:09:58] [Render thread/WARN]: Entity class_745['.KenshinCpvp'/2554030, l='ClientLevel', x=-2.26, y=65.00, z=-6.05] does not have attribute null
[23:09:58] [Render thread/WARN]: Entity class_745['MrMooSap'/2569665, l='ClientLevel', x=-3.08, y=65.00, z=-10.38] does not have attribute null
[23:09:58] [Render thread/WARN]: Entity class_745['nischc'/2405181, l='ClientLevel', x=-7.14, y=65.00, z=-9.85] does not have attribute null
[23:09:58] [Render thread/WARN]: Entity class_745['.Viisxal6897'/2002481, l='ClientLevel', x=-5.46, y=65.06, z=-1.74] does not have attribute null
[23:09:58] [Render thread/WARN]: Entity class_745['Gothangelz'/2574389, l='ClientLevel', x=0.55, y=65.00, z=-6.49] does not have attribute null
[23:09:59] [Render thread/WARN]: Entity class_745['_The_Elite_'/2581678, l='ClientLevel', x=2.48, y=72.29, z=-31.60] does not have attribute null
[23:09:59] [Render thread/WARN]: Entity class_745['XzermarketMC'/2082027, l='ClientLevel', x=28.32, y=65.00, z=-23.27] does not have attribute null
[23:09:59] [Render thread/WARN]: Entity class_745['_The_Elite_'/2581678, l='ClientLevel', x=3.13, y=72.80, z=-40.17] does not have attribute null
[23:09:59] [Render thread/INFO]: [System] [CHAT] Quangdepzai3222 has made the advancement [Take Aim]
[23:09:59] [Render thread/WARN]: Entity class_745['Realitz_Zyntrax'/2549780, l='ClientLevel', x=0.55, y=65.00, z=-6.49] does not have attribute null
[23:09:59] [Render thread/INFO]: [System] [CHAT] Kit 1 loaded!
[23:09:59] [Render thread/WARN]: Entity class_745['LzyKnight'/2537468, l='ClientLevel', x=0.55, y=65.00, z=-6.49] does not have attribute null
[23:10:00] [Render thread/WARN]: Entity class_745['hoamoichs'/2537195, l='ClientLevel', x=0.55, y=65.00, z=-6.49] does not have attribute null
[23:10:01] [Render thread/WARN]: Entity class_745['Okhuchbsdb'/2568738, l='ClientLevel', x=0.55, y=65.00, z=-6.49] does not have attribute null
[23:10:01] [Render thread/WARN]: Ignoring player info update for unknown player 604afa5e-7c3c-3042-8f2a-3603e961055c
[23:10:01] [Render thread/WARN]: Entity class_745['cqs'/2582229, l='ClientLevel', x=0.55, y=65.00, z=-6.49] does not have attribute null
[23:10:01] [Render thread/WARN]: Entity class_745['cqs'/2582229, l='ClientLevel', x=0.55, y=65.00, z=-6.49] does not have attribute null
[23:10:03] [Render thread/INFO]: Stopping worker threads
[23:10:03] [Render thread/INFO]: Started 1 worker threads
[23:10:03] [Render thread/INFO]: Stopping worker threads
[23:10:03] [Render thread/INFO]: Started 1 worker threads
[23:10:03] [Render thread/WARN]: Entity class_746['khanhnotbruh'/2395064, l='ClientLevel', x=-709.89, y=36.17, z=-823.10] does not have attribute null
[23:10:03] [Render thread/WARN]: Entity class_745['vinhminebk'/2394303, l='ClientLevel', x=-710.30, y=35.00, z=-825.30] does not have attribute null
[23:10:04] [Render thread/WARN]: Entity class_745['vinhminebk'/2394303, l='ClientLevel', x=-710.30, y=35.00, z=-825.30] does not have attribute null
[23:10:06] [Render thread/INFO]: [System] [CHAT] Duydeptrais1vn has made the advancement [The End?]
[23:10:08] [Render thread/INFO]: [System] [CHAT] SonsyBaton33210: lu manual aja
[23:10:11] [Render thread/INFO]: [System] [CHAT] madercond: lt3 tpa me
[23:10:12] [Render thread/INFO]: [System] [CHAT] Camiloooov: di forza mau gak
[23:10:14] [Render thread/WARN]: Entity class_746['khanhnotbruh'/2395064, l='ClientLevel', x=-711.70, y=34.00, z=-823.33] does not have attribute null
[23:10:14] [Render thread/INFO]: [System] [CHAT] epann has reached the goal [Postmortal]
[23:10:16] [Render thread/WARN]: Entity class_745['vinhminebk'/2394303, l='ClientLevel', x=-710.56, y=37.00, z=-823.03] does not have attribute null
[23:10:16] [Render thread/WARN]: Ignoring player info update for unknown player 89c4ece2-512a-35c1-a75a-00d6bdb9fe2e
[23:10:16] [Render thread/INFO]: [System] [CHAT] CuongDepTraii: tpa pv
[23:10:17] [Render thread/WARN]: Entity class_746['khanhnotbruh'/2395064, l='ClientLevel', x=-711.70, y=33.00, z=-823.33] does not have attribute null
[23:10:17] [Render thread/INFO]: [System] [CHAT] hoamoichs has made the advancement [The End?]
[23:10:17] [Render thread/INFO]: [System] [CHAT] JTM_MIKILA has made the advancement [The End?]
[23:10:17] [Render thread/INFO]: [System] [CHAT] KlajKdorAhNaHa_ has made the advancement [The End?]
[23:10:18] [Render thread/WARN]: Entity class_746['khanhnotbruh'/2395064, l='ClientLevel', x=-711.78, y=32.95, z=-822.98] does not have attribute null
[23:10:19] [Render thread/WARN]: Entity class_745['vinhminebk'/2394303, l='ClientLevel', x=-711.29, y=37.00, z=-823.78] does not have attribute null
[23:10:21] [Render thread/WARN]: Entity class_745['vinhminebk'/2394303, l='ClientLevel', x=-711.51, y=37.00, z=-823.21] does not have attribute null
[23:10:21] [Render thread/INFO]: [System] [CHAT] ItzzNhaa__ has made the advancement [The End?]
[23:10:25] [Render thread/INFO]: [System] [CHAT] SonsyBaton33210: ga ada kitnya gw'
[23:10:25] [Render thread/INFO]: [System] [CHAT] Camiloooov: oi
[23:10:26] [Render thread/WARN]: Entity class_745['vinhminebk'/2394303, l='ClientLevel', x=-711.71, y=32.00, z=-822.31] does not have attribute null
[23:10:29] [Render thread/INFO]: [System] [CHAT] SonsyBaton33210: disini aj
[23:10:30] [Render thread/WARN]: Entity class_746['khanhnotbruh'/2395064, l='ClientLevel', x=-711.30, y=30.56, z=-823.39] does not have attribute null
[23:10:31] [Render thread/INFO]: [System] [CHAT] -1 Points
[23:10:31] [Render thread/INFO]: [System] [CHAT] +1 Death
[23:10:31] [Render thread/WARN]: Entity class_745['vinhminebk'/2394303, l='ClientLevel', x=-711.06, y=30.03, z=-821.43] does not have attribute null
[23:10:31] [Render thread/WARN]: Entity class_746['khanhnotbruh'/2395064, l='ClientLevel', x=-711.08, y=30.14, z=-823.35] does not have attribute null
[23:10:32] [Render thread/INFO]: Stopping worker threads
[23:10:32] [Render thread/INFO]: Started 1 worker threads
[23:10:32] [Render thread/INFO]: Stopping worker threads
[23:10:32] [Render thread/INFO]: Started 1 worker threads
[23:10:32] [Render thread/WARN]: Entity class_746['khanhnotbruh'/2395064, l='ClientLevel', x=0.55, y=65.00, z=-6.49] does not have attribute null
[23:10:32] [Render thread/WARN]: Ignoring player info update for unknown player a84ba849-a62e-3cdf-a391-79039bb9895f
[23:10:32] [Render thread/WARN]: Entity class_745['khangnguyen02'/2530225, l='ClientLevel', x=0.55, y=65.00, z=-6.49] does not have attribute null
[23:10:32] [Render thread/WARN]: Entity class_745['Pio'/2583585, l='ClientLevel', x=0.55, y=65.00, z=-6.49] does not have attribute null
[23:10:32] [Render thread/WARN]: Entity class_745['.KN7_SASUKE'/2561335, l='ClientLevel', x=9.46, y=65.00, z=-10.96] does not have attribute null
[23:10:32] [Render thread/WARN]: Entity class_745['User123name'/2493174, l='ClientLevel', x=5.90, y=65.86, z=-7.07] does not have attribute null
[23:10:32] [Render thread/WARN]: Entity class_745['CuSutThanSau'/2530962, l='ClientLevel', x=0.56, y=65.00, z=-6.66] does not have attribute null
[23:10:32] [Render thread/WARN]: Entity class_745['BadXGood'/2532152, l='ClientLevel', x=0.55, y=65.00, z=-6.49] does not have attribute null
[23:10:32] [Render thread/WARN]: Entity class_745['lochoanganhdznha'/2584835, l='ClientLevel', x=0.55, y=65.00, z=-6.49] does not have attribute null
[23:10:32] [Render thread/WARN]: Entity class_745['DeathFalls'/2497776, l='ClientLevel', x=-0.19, y=65.00, z=-13.40] does not have attribute null
[23:10:32] [Render thread/WARN]: Entity class_745['.Sat_Sali'/2553638, l='ClientLevel', x=-11.53, y=65.00, z=-4.41] does not have attribute null
[23:10:32] [Render thread/WARN]: Entity class_745['.KenshinCpvp'/2554030, l='ClientLevel', x=-2.26, y=65.00, z=-6.05] does not have attribute null
[23:10:32] [Render thread/WARN]: Entity class_745['Salut_Sor'/2506488, l='ClientLevel', x=-5.25, y=65.50, z=-3.08] does not have attribute null
[23:10:32] [Render thread/WARN]: Entity class_745['MrMooSap'/2569665, l='ClientLevel', x=-3.08, y=65.00, z=-10.38] does not have attribute null
[23:10:32] [Render thread/WARN]: Entity class_745['.Viisxal6897'/2002481, l='ClientLevel', x=-5.46, y=65.06, z=-1.74] does not have attribute null
[23:10:32] [Render thread/WARN]: Entity class_745['lilpotato4'/2572529, l='ClientLevel', x=-3.44, y=65.56, z=-2.61] does not have attribute null
[23:10:32] [Render thread/WARN]: Entity class_745['Quangdepzai3222'/2563180, l='ClientLevel', x=0.55, y=65.00, z=-6.49] does not have attribute null
[23:10:32] [Render thread/WARN]: Entity class_745['CypherMcOfficial'/2401844, l='ClientLevel', x=0.55, y=65.00, z=-6.49] does not have attribute null
[23:10:33] [Render thread/WARN]: Entity class_745['XzermarketMC'/2082027, l='ClientLevel', x=28.32, y=65.00, z=-23.27] does not have attribute null
[23:10:33] [Render thread/WARN]: Entity class_745['BxngTo'/2573619, l='ClientLevel', x=-6.30, y=65.00, z=-16.84] does not have attribute null
[23:10:33] [Render thread/INFO]: [System] [CHAT] Kit 1 loaded!
[23:10:34] [Render thread/INFO]: [System] [CHAT] You have to wait 0sec. before you can use another command.
[23:10:35] [Render thread/WARN]: Entity class_745['HT4_Soon3'/2557756, l='ClientLevel', x=0.55, y=65.00, z=-6.49] does not have attribute null
[23:10:36] [Render thread/INFO]: [System] [CHAT] .Mengchou1204 has completed the challenge [Over-Overkill]
[23:10:36] [Render thread/WARN]: Entity class_745['Nexastrome'/2559861, l='ClientLevel', x=0.55, y=65.00, z=-6.49] does not have attribute null
[23:10:36] [Render thread/INFO]: [System] [CHAT] (☠) .MCR_YIN fell from a high spot.
[23:10:36] [Render thread/INFO]: Stopping worker threads
[23:10:36] [Render thread/INFO]: Started 1 worker threads
[23:10:36] [Render thread/INFO]: Stopping worker threads
[23:10:36] [Render thread/INFO]: Started 1 worker threads
[23:10:36] [Render thread/WARN]: Entity class_746['khanhnotbruh'/2395064, l='ClientLevel', x=-711.31, y=30.00, z=-823.22] does not have attribute null
[23:10:36] [Render thread/WARN]: Entity class_745['vinhminebk'/2394303, l='ClientLevel', x=-711.23, y=28.00, z=-821.34] does not have attribute null
[23:10:37] [Render thread/WARN]: Entity class_745['vinhminebk'/2394303, l='ClientLevel', x=-711.23, y=28.00, z=-821.34] does not have attribute null
[23:10:37] [Render thread/INFO]: [System] [CHAT] Camiloooov: main di forza disana drain dh ada
[23:10:38] [Render thread/INFO]: [System] [CHAT] hoamoichs has made the advancement [Monster Hunter]
[23:10:39] [Render thread/INFO]: [System] [CHAT] SonsyBaton33210: lancar disini
[23:10:41] [Render thread/WARN]: Entity class_745['vinhminebk'/2394303, l='ClientLevel', x=-710.44, y=28.00, z=-822.71] does not have attribute null
[23:10:42] [Render thread/INFO]: [System] [CHAT] KlajKdorAhNaHa_ has made the advancement [Monster Hunter]
[23:10:43] [Render thread/INFO]: [System] [CHAT] KlajKdorAhNaHa_ has reached the goal [Postmortal]
[23:10:43] [Render thread/INFO]: [System] [CHAT] SonsyBaton33210: ip
[23:10:44] [Render thread/INFO]: [System] [CHAT] JTM_MIKILA has made the advancement [Monster Hunter]
[23:10:46] [Render thread/INFO]: [System] [CHAT] Camiloooov has reached the goal [Postmortal]
[23:10:48] [Render thread/INFO]: [System] [CHAT] CuongDepTraii has reached the goal [Postmortal]
[23:10:48] [Render thread/INFO]: [System] [CHAT] madercond has reached the goal [Postmortal]
[23:10:48] [Render thread/WARN]: Entity class_745['vinhminebk'/2394303, l='ClientLevel', x=-709.11, y=25.58, z=-824.69] does not have attribute null
[23:10:48] [Render thread/WARN]: Entity class_746['khanhnotbruh'/2395064, l='ClientLevel', x=-706.94, y=26.15, z=-823.64] does not have attribute null
[23:10:49] [Render thread/WARN]: Ignoring player info update for unknown player 912fb473-0410-413e-afbb-1cd9bd89ac0a
[23:10:52] [Render thread/INFO]: [System] [CHAT] (⚔) tadas12345 killed kotmkings.
[23:10:53] [Render thread/INFO]: [System] [CHAT] lochoanganhdznha has made the advancement [The End?]
[23:10:53] [Render thread/WARN]: Entity class_745['vinhminebk'/2394303, l='ClientLevel', x=-707.75, y=26.09, z=-826.09] does not have attribute null
[23:10:53] [Render thread/WARN]: Entity class_746['khanhnotbruh'/2395064, l='ClientLevel', x=-706.30, y=23.00, z=-824.05] does not have attribute null
[23:10:55] [Render thread/INFO]: [System] [CHAT] cqs has reached the goal [Postmortal]
[23:10:56] [Render thread/WARN]: Entity class_745['vinhminebk'/2394303, l='ClientLevel', x=-707.56, y=26.08, z=-825.74] does not have attribute null
[23:10:57] [Render thread/INFO]: [System] [CHAT] JTM_MIKILA has reached the goal [Postmortal]
[23:10:57] [Render thread/INFO]: [System] [CHAT] cqs has made the advancement [Stone Age]
[23:10:58] [Render thread/WARN]: Entity class_746['khanhnotbruh'/2395064, l='ClientLevel', x=-706.49, y=22.00, z=-824.79] does not have attribute null
[23:10:59] [Render thread/WARN]: Entity class_745['vinhminebk'/2394303, l='ClientLevel', x=-708.66, y=22.07, z=-828.30] does not have attribute null
[23:10:59] [Render thread/INFO]: [System] [CHAT] ibne67 has made the advancement [Stone Age]
[23:10:59] [Render thread/WARN]: Ignoring player info update for unknown player a8cdf62e-b331-45f9-a2aa-f106112005b0
[23:10:59] [Render thread/INFO]: [System] [CHAT] Okhuchbsdb has made the advancement [Stone Age]
[23:10:59] [Render thread/INFO]: [System] [CHAT] 
[23:10:59] [Render thread/INFO]: [System] [CHAT]  Seafox_X_Ocean ᴡᴀs ᴋɪᴄᴋᴇᴅ ʙʏ  
[23:11:01] [Render thread/INFO]: [System] [CHAT] lochoanganhdznha has reached the goal [Postmortal]
[23:11:01] [Render thread/WARN]: Entity class_746['khanhnotbruh'/2395064, l='ClientLevel', x=-707.48, y=19.00, z=-824.30] does not have attribute null
[23:11:02] [Render thread/WARN]: Entity class_746['khanhnotbruh'/2395064, l='ClientLevel', x=-707.44, y=19.00, z=-824.30] does not have attribute null
[23:11:02] [Render thread/WARN]: Entity class_745['vinhminebk'/2394303, l='ClientLevel', x=-706.36, y=19.35, z=-828.30] does not have attribute null
[23:11:02] [Render thread/INFO]: [System] [CHAT] CuongDepTraii has made the advancement [Stone Age]
[23:11:03] [Render thread/WARN]: Entity class_745['vinhminebk'/2394303, l='ClientLevel', x=-706.13, y=19.01, z=-828.23] does not have attribute null
[23:11:05] [Render thread/WARN]: Ignoring player info update for unknown player 56019dc1-092d-495f-932a-cc9b681b62e3
[23:11:06] [Render thread/INFO]: [System] [CHAT] CHINULOL: tpa for 1v1
[23:11:07] [Render thread/WARN]: Entity class_746['khanhnotbruh'/2395064, l='ClientLevel', x=-706.49, y=17.00, z=-824.70] does not have attribute null
[23:11:07] [Render thread/WARN]: Entity class_745['vinhminebk'/2394303, l='ClientLevel', x=-708.72, y=17.52, z=-825.92] does not have attribute null
[23:11:09] [Render thread/WARN]: Entity class_745['vinhminebk'/2394303, l='ClientLevel', x=-710.70, y=16.03, z=-827.45] does not have attribute null
[23:11:09] [Render thread/WARN]: Entity class_746['khanhnotbruh'/2395064, l='ClientLevel', x=-706.11, y=16.00, z=-824.87] does not have attribute null
[23:11:11] [Render thread/WARN]: Ignoring player info update for unknown player 8391b2e8-6972-3dda-82c1-0cb5adc4e6cb
[23:11:11] [Render thread/WARN]: Ignoring player info update for unknown player 062325b1-ae24-4463-9ed1-aba99f66dbef
[23:11:11] [Render thread/WARN]: Entity class_746['khanhnotbruh'/2395064, l='ClientLevel', x=-704.18, y=15.01, z=-822.79] does not have attribute null
[23:11:12] [Render thread/INFO]: [System] [CHAT] Seafox_X_Ocean has made the advancement [The End?]
[23:11:13] [Render thread/INFO]: [System] [CHAT] MafangFento has reached the goal [Postmortal]
[23:11:14] [Render thread/WARN]: Entity class_745['vinhminebk'/2394303, l='ClientLevel', x=-707.68, y=13.90, z=-824.40] does not have attribute null
[23:11:15] [Render thread/WARN]: Entity class_746['khanhnotbruh'/2395064, l='ClientLevel', x=-704.34, y=14.04, z=-828.46] does not have attribute null
[23:11:16] [Render thread/WARN]: Entity class_746['khanhnotbruh'/2395064, l='ClientLevel', x=-704.70, y=13.00, z=-828.02] does not have attribute null
[23:11:17] [Render thread/INFO]: [System] [CHAT] -1 Points
[23:11:17] [Render thread/INFO]: [System] [CHAT] +1 Death
[23:11:17] [Render thread/WARN]: Entity class_745['vinhminebk'/2394303, l='ClientLevel', x=-705.49, y=13.00, z=-826.45] does not have attribute null
[23:11:17] [Render thread/WARN]: Entity class_746['khanhnotbruh'/2395064, l='ClientLevel', x=-704.13, y=14.12, z=-828.87] does not have attribute null
[23:11:17] [Render thread/INFO]: [System] [CHAT] Seafox_X_Ocean has reached the goal [Postmortal]
[23:11:18] [Render thread/INFO]: Stopping worker threads
[23:11:18] [Render thread/INFO]: Started 1 worker threads
[23:11:18] [Render thread/INFO]: Stopping worker threads
[23:11:18] [Render thread/INFO]: Started 1 worker threads
[23:11:18] [Render thread/WARN]: Entity class_746['khanhnotbruh'/2395064, l='ClientLevel', x=0.55, y=65.00, z=-6.49] does not have attribute null
[23:11:19] [Render thread/WARN]: Entity class_745['STYLE_TH'/2561830, l='ClientLevel', x=7.02, y=65.06, z=-10.16] does not have attribute null
[23:11:19] [Render thread/WARN]: Entity class_745['GokuGear4'/2588222, l='ClientLevel', x=0.55, y=65.00, z=-6.49] does not have attribute null
[23:11:19] [Render thread/WARN]: Entity class_745['hoamoichs'/2537195, l='ClientLevel', x=0.55, y=65.00, z=-6.49] does not have attribute null
[23:11:19] [Render thread/WARN]: Entity class_745['91sttV1'/2588280, l='ClientLevel', x=0.82, y=65.00, z=-9.63] does not have attribute null
[23:11:19] [Render thread/WARN]: Entity class_745['KlajKdorAhNaHa_'/2567162, l='ClientLevel', x=1.16, y=65.00, z=-8.92] does not have attribute null
[23:11:19] [Render thread/WARN]: Entity class_745['kotmkings'/2370633, l='ClientLevel', x=0.69, y=65.00, z=-9.08] does not have attribute null
[23:11:19] [Render thread/WARN]: Entity class_745['CuSutThanSau'/2530962, l='ClientLevel', x=0.56, y=65.00, z=-6.66] does not have attribute null
[23:11:19] [Render thread/WARN]: Entity class_745['BadXGood'/2532152, l='ClientLevel', x=0.55, y=65.00, z=-6.49] does not have attribute null
[23:11:19] [Render thread/WARN]: Entity class_745['DeathFalls'/2497776, l='ClientLevel', x=-0.19, y=65.00, z=-13.40] does not have attribute null
[23:11:19] [Render thread/WARN]: Entity class_745['.Sat_Sali'/2553638, l='ClientLevel', x=-0.59, y=65.00, z=-6.50] does not have attribute null
[23:11:19] [Render thread/WARN]: Entity class_745['.KenshinCpvp'/2554030, l='ClientLevel', x=-2.26, y=65.00, z=-6.05] does not have attribute null
[23:11:19] [Render thread/WARN]: Entity class_745['MrMooSap'/2569665, l='ClientLevel', x=-3.08, y=65.00, z=-10.38] does not have attribute null
[23:11:19] [Render thread/WARN]: Entity class_745['lilpotato4'/2572529, l='ClientLevel', x=-4.33, y=65.00, z=-1.30] does not have attribute null
[23:11:19] [Render thread/WARN]: Entity class_745['Pio'/2583585, l='ClientLevel', x=12.74, y=65.80, z=-17.15] does not have attribute null
[23:11:19] [Render thread/WARN]: Entity class_745['Okhuchbsdb'/2568738, l='ClientLevel', x=-1.96, y=65.00, z=-16.88] does not have attribute null
[23:11:19] [Render thread/INFO]: [System] [CHAT] .Jamewick3414: mace
[23:11:19] [Render thread/WARN]: Entity class_745['Pio'/2583585, l='ClientLevel', x=12.50, y=65.43, z=-17.04] does not have attribute null
[23:11:19] [Render thread/WARN]: Entity class_745['XzermarketMC'/2082027, l='ClientLevel', x=28.32, y=65.00, z=-23.27] does not have attribute null
[23:11:19] [Render thread/WARN]: Entity class_745['.Viisxal6897'/2002481, l='ClientLevel', x=-4.44, y=65.00, z=0.88] does not have attribute null
[23:11:19] [Render thread/WARN]: Entity class_745['.Sat_Sali'/2553638, l='ClientLevel', x=-0.78, y=65.00, z=-6.27] does not have attribute null
[23:11:19] [Render thread/WARN]: Entity class_745['sang1209'/2557773, l='ClientLevel', x=0.55, y=65.00, z=-6.49] does not have attribute null
[23:11:20] [Render thread/INFO]: [System] [CHAT] Kit 1 loaded!
[23:11:20] [Render thread/WARN]: Entity class_745['STYLE_TH'/2561830, l='ClientLevel', x=7.03, y=65.06, z=-10.21] does not have attribute null
[23:11:22] [Render thread/WARN]: Entity class_745['Saad_Gaming_XD'/2543948, l='ClientLevel', x=0.55, y=65.00, z=-6.49] does not have attribute null
[23:11:23] [Render thread/INFO]: [System] [CHAT] Mochiii1ii has made the advancement [Stone Age]
[23:11:23] [Render thread/WARN]: Entity class_745['GokuGear4'/2588222, l='ClientLevel', x=1.14, y=65.00, z=-10.28] does not have attribute null
[23:11:24] [Render thread/WARN]: Entity class_745['.KN7_SASUKE'/2561335, l='ClientLevel', x=0.55, y=65.00, z=-6.49] does not have attribute null
[23:11:24] [Render thread/WARN]: Entity class_745['Lxiszzzz_'/2470822, l='ClientLevel', x=0.55, y=65.00, z=-6.49] does not have attribute null
[23:11:25] [Render thread/WARN]: Entity class_745['DangerMarlow_Jr'/2247315, l='ClientLevel', x=0.55, y=65.00, z=-6.49] does not have attribute null
[23:11:25] [Render thread/INFO]: Stopping worker threads
[23:11:25] [Render thread/INFO]: Started 1 worker threads
[23:11:25] [Render thread/INFO]: Stopping worker threads
[23:11:25] [Render thread/INFO]: Started 1 worker threads
[23:11:25] [Render thread/WARN]: Entity class_746['khanhnotbruh'/2395064, l='ClientLevel', x=-704.30, y=14.14, z=-828.70] does not have attribute null
[23:11:25] [Render thread/WARN]: Entity class_745['vinhminebk'/2394303, l='ClientLevel', x=-707.12, y=13.00, z=-824.48] does not have attribute null
[23:11:26] [Render thread/INFO]: [System] [CHAT] madercond has made the advancement [Stone Age]
[23:11:26] [Render thread/WARN]: Ignoring player info update for unknown player 46f15506-a88a-322f-8038-54c586e68b3d
[23:11:27] [Render thread/INFO]: [System] [CHAT] Duydeptrais1vn: pls give me full netherite
[23:11:27] [Render thread/WARN]: Entity class_745['vinhminebk'/2394303, l='ClientLevel', x=-705.10, y=14.00, z=-827.09] does not have attribute null
[23:11:34] [Render thread/INFO]: [System] [CHAT] CHINULOL: tpa for 1v1
[23:11:34] [Render thread/INFO]: [System] [CHAT] 
[23:11:34] [Render thread/INFO]: [System] [CHAT]  CuongDepTraii ᴡᴀs ᴋɪᴄᴋᴇᴅ ʙʏ  
[23:11:36] [Render thread/WARN]: Entity class_745['vinhminebk'/2394303, l='ClientLevel', x=-702.64, y=14.25, z=-824.48] does not have attribute null
[23:11:36] [Render thread/WARN]: Ignoring player info update for unknown player c526b9ee-781d-3ae5-8cfa-7901558d28d0
[23:11:36] [Render thread/INFO]: [System] [CHAT] 
[23:11:36] [Render thread/INFO]: [System] [CHAT]  khangnguyen02 ᴡᴀs ᴋɪᴄᴋᴇᴅ ʙʏ  
[23:11:37] [Render thread/WARN]: Ignoring player info update for unknown player 334dba71-8968-41a3-99fd-71fa29de2ce7
[23:11:38] [Render thread/WARN]: Entity class_746['khanhnotbruh'/2395064, l='ClientLevel', x=-702.60, y=12.00, z=-828.76] does not have attribute null
[23:11:38] [Render thread/INFO]: [System] [CHAT] cqs has made the advancement [The End?]
[23:11:38] [Render thread/WARN]: Entity class_745['vinhminebk'/2394303, l='ClientLevel', x=-702.45, y=15.00, z=-823.13] does not have attribute null
[23:11:39] [Render thread/INFO]: [System] [CHAT] Quangdepzai3222 has made the advancement [Monster Hunter]
[23:11:39] [Render thread/INFO]: [System] [CHAT] SnowySaki has reached the goal [Postmortal]
[23:11:39] [Render thread/INFO]: [System] [CHAT] Duydeptrais1vn: pls bro
[23:11:43] [Render thread/WARN]: Entity class_746['khanhnotbruh'/2395064, l='ClientLevel', x=-703.30, y=9.00, z=-826.50] does not have attribute null
[23:11:44] [Render thread/WARN]: Entity class_745['vinhminebk'/2394303, l='ClientLevel', x=-703.02, y=16.00, z=-823.97] does not have attribute null
[23:11:45] [Render thread/INFO]: [System] [CHAT] 91sttV1 has reached the goal [Postmortal]
[23:11:45] [Render thread/WARN]: Entity class_745['vinhminebk'/2394303, l='ClientLevel', x=-703.02, y=16.00, z=-823.97] does not have attribute null
[23:11:46] [Render thread/INFO]: [System] [CHAT] 91sttV1 has made the advancement [Stone Age]
[23:11:46] [Render thread/INFO]: [System] [CHAT] 
[23:11:46] [Render thread/INFO]: [System] [CHAT]  NoMercyX ᴡᴀs ᴋɪᴄᴋᴇᴅ ʙʏ  
[23:11:47] [Render thread/WARN]: Ignoring player info update for unknown player 019f21e3-3a68-32f3-81c4-15abe9f83d3c
[23:11:47] [Render thread/WARN]: Entity class_745['vinhminebk'/2394303, l='ClientLevel', x=-703.02, y=16.00, z=-823.97] does not have attribute null
[23:11:47] [Render thread/WARN]: Entity class_746['khanhnotbruh'/2395064, l='ClientLevel', x=-703.30, y=9.00, z=-826.50] does not have attribute null
[23:11:49] [Render thread/WARN]: Entity class_746['khanhnotbruh'/2395064, l='ClientLevel', x=-703.30, y=9.00, z=-826.50] does not have attribute null
[23:11:50] [Render thread/INFO]: [System] [CHAT] CHINULOL: tpa for 1v1
[23:11:50] [Render thread/INFO]: [System] [CHAT] SnowySaki has made the advancement [Stone Age]
[23:11:50] [Render thread/WARN]: Ignoring player info update for unknown player 956196b1-5309-37a6-ae2a-9101583e5179
[23:11:50] [Render thread/INFO]: [System] [CHAT] CuongDepTraii has made the advancement [The End?]
[23:11:51] [Render thread/WARN]: Entity class_746['khanhnotbruh'/2395064, l='ClientLevel', x=-703.70, y=9.00, z=-826.70] does not have attribute null
[23:11:52] [Render thread/INFO]: [System] [CHAT] Camiloooov: forzasmp(titik)net
[23:11:52] [Render thread/WARN]: Entity class_746['khanhnotbruh'/2395064, l='ClientLevel', x=-703.70, y=9.00, z=-826.70] does not have attribute null
[23:11:52] [Render thread/WARN]: Ignoring player info update for unknown player 5fd912c6-fb51-3034-a754-8efd1e1c0203
[23:11:55] [Render thread/WARN]: Entity class_746['khanhnotbruh'/2395064, l='ClientLevel', x=-703.88, y=9.16, z=-826.88] does not have attribute null
[23:11:55] [Render thread/INFO]: [System] [CHAT] EnvyHocux: ez
[23:11:55] [Render thread/WARN]: Entity class_746['khanhnotbruh'/2395064, l='ClientLevel', x=-705.13, y=9.00, z=-828.13] does not have attribute null
[23:11:55] [Render thread/WARN]: Entity class_745['vinhminebk'/2394303, l='ClientLevel', x=-702.55, y=8.02, z=-824.33] does not have attribute null
[23:11:56] [Render thread/INFO]: [System] [CHAT] (☠) .Jamewick3414 fell from a high spot.
[23:11:56] [Render thread/WARN]: Ignoring player info update for unknown player b7eb3e98-ed8c-3b06-936b-846217ea1d4c
[23:11:59] [Render thread/INFO]: [System] [CHAT] GokuGear4 has reached the goal [Postmortal]
[23:11:59] [Render thread/WARN]: Ignoring player info update for unknown player 68799dbe-8a8f-39d2-9ce9-92a35f8a9eea
[23:12:00] [Render thread/WARN]: Ignoring player info update for unknown player 334dba71-8968-41a3-99fd-71fa29de2ce7
[23:12:00] [Render thread/INFO]: [System] [CHAT] (⚔) _TAKINO_ killed .Mengchou1204.
[23:12:00] [Render thread/WARN]: Entity class_746['khanhnotbruh'/2395064, l='ClientLevel', x=-707.50, y=9.00, z=-829.05] does not have attribute null
[23:12:00] [Render thread/WARN]: Ignoring player info update for unknown player 206ff8c8-7a0c-43e5-b05d-fdba9a2a81f7
[23:12:03] [Render thread/INFO]: [System] [CHAT] _TAKINO_ has made the advancement [Ice Bucket Challenge]
[23:12:04] [Render thread/INFO]: [System] [CHAT] Camiloooov: itu baca sonsy
[23:12:04] [Render thread/WARN]: Entity class_746['khanhnotbruh'/2395064, l='ClientLevel', x=-708.13, y=7.00, z=-828.84] does not have attribute null
[23:12:04] [Render thread/WARN]: Entity class_745['vinhminebk'/2394303, l='ClientLevel', x=-711.05, y=7.60, z=-827.52] does not have attribute null
[23:12:05] [Render thread/INFO]: [System] [CHAT] CHINULOL: tpa for 1v1
[23:12:08] [Render thread/INFO]: [System] [CHAT] CHINULOL: tpa for 1v1
[23:12:08] [Render thread/WARN]: Entity class_746['khanhnotbruh'/2395064, l='ClientLevel', x=-707.00, y=5.00, z=-829.32] does not have attribute null
[23:12:09] [Render thread/WARN]: Entity class_745['vinhminebk'/2394303, l='ClientLevel', x=-709.49, y=5.00, z=-829.43] does not have attribute null
[23:12:09] [Render thread/WARN]: Entity class_746['khanhnotbruh'/2395064, l='ClientLevel', x=-706.18, y=4.00, z=-829.31] does not have attribute null
[23:12:09] [Render thread/WARN]: Entity class_745['vinhminebk'/2394303, l='ClientLevel', x=-709.62, y=4.00, z=-829.58] does not have attribute null
[23:12:09] [Render thread/INFO]: [System] [CHAT] PlentyWistle has made the advancement [Not Quite "Nine" Lives]
[23:12:09] [Render thread/INFO]: [System] [CHAT] Pio has reached the goal [Postmortal]
[23:12:10] [Render thread/WARN]: Entity class_745['vinhminebk'/2394303, l='ClientLevel', x=-710.20, y=3.06, z=-829.30] does not have attribute null
[23:12:11] [Render thread/INFO]: [System] [CHAT] -1 Points
[23:12:11] [Render thread/INFO]: [System] [CHAT] +1 Death
[23:12:11] [Render thread/WARN]: Entity class_745['vinhminebk'/2394303, l='ClientLevel', x=-710.59, y=2.03, z=-828.82] does not have attribute null
[23:12:11] [Render thread/INFO]: [System] [CHAT] 
[23:12:11] [Render thread/INFO]: [System] [CHAT]  Seafox_X_Ocean ᴡᴀs ᴋɪᴄᴋᴇᴅ ʙʏ  
[23:12:11] [Render thread/WARN]: Entity class_746['khanhnotbruh'/2395064, l='ClientLevel', x=-705.36, y=1.93, z=-828.20] does not have attribute null
[23:12:12] [Render thread/INFO]: Stopping worker threads
[23:12:12] [Render thread/INFO]: Started 1 worker threads
[23:12:12] [Render thread/INFO]: Stopping worker threads
[23:12:12] [Render thread/INFO]: Started 1 worker threads
[23:12:12] [Render thread/WARN]: Entity class_746['khanhnotbruh'/2395064, l='ClientLevel', x=0.55, y=65.00, z=-6.49] does not have attribute null
[23:12:12] [Render thread/WARN]: Entity class_745['.Mengchou1204'/2420515, l='ClientLevel', x=6.88, y=65.06, z=-5.20] does not have attribute null
[23:12:12] [Render thread/WARN]: Entity class_745['STYLE_TH'/2561830, l='ClientLevel', x=2.25, y=65.00, z=-12.23] does not have attribute null
[23:12:12] [Render thread/WARN]: Entity class_745['BadXGood'/2532152, l='ClientLevel', x=0.55, y=65.00, z=-6.49] does not have attribute null
[23:12:12] [Render thread/WARN]: Entity class_745['lochoanganhdznha'/2584835, l='ClientLevel', x=0.55, y=65.00, z=-6.49] does not have attribute null
[23:12:12] [Render thread/WARN]: Entity class_745['.Jamewick3414'/2219310, l='ClientLevel', x=0.55, y=65.00, z=-6.49] does not have attribute null
[23:12:12] [Render thread/WARN]: Entity class_745['FinalMugetsu'/2559544, l='ClientLevel', x=0.55, y=65.00, z=-6.49] does not have attribute null
[23:12:12] [Render thread/WARN]: Entity class_745['snowloveyouu'/2515904, l='ClientLevel', x=0.55, y=65.00, z=-6.49] does not have attribute null
[23:12:12] [Render thread/WARN]: Entity class_745['EIxCiro59_'/2555845, l='ClientLevel', x=0.55, y=65.00, z=-6.49] does not have attribute null
[23:12:12] [Render thread/WARN]: Entity class_745['CypherMcOfficial'/2401844, l='ClientLevel', x=0.55, y=65.00, z=-6.49] does not have attribute null
[23:12:12] [Render thread/WARN]: Entity class_745['DeathFalls'/2497776, l='ClientLevel', x=-0.19, y=65.00, z=-13.40] does not have attribute null
[23:12:12] [Render thread/WARN]: Entity class_745['.KenshinCpvp'/2554030, l='ClientLevel', x=-2.26, y=65.00, z=-6.05] does not have attribute null
[23:12:12] [Render thread/WARN]: Entity class_745['lilpotato4'/2572529, l='ClientLevel', x=-5.21, y=65.06, z=-4.11] does not have attribute null
[23:12:12] [Render thread/WARN]: Entity class_745['MrMooSap'/2569665, l='ClientLevel', x=-3.08, y=65.00, z=-10.38] does not have attribute null
[23:12:12] [Render thread/WARN]: Entity class_745['CuongDepTraii'/2591840, l='ClientLevel', x=0.21, y=65.50, z=-21.40] does not have attribute null
[23:12:12] [Render thread/WARN]: Entity class_745['Tus_Dzg'/2510046, l='ClientLevel', x=1.35, y=65.00, z=-16.66] does not have attribute null
[23:12:12] [Render thread/WARN]: Entity class_745['jordanbastiti'/2551038, l='ClientLevel', x=0.55, y=65.00, z=-6.49] does not have attribute null
[23:12:12] [Render thread/WARN]: Entity class_745['varazy_zinchenko'/2590678, l='ClientLevel', x=-0.21, y=65.00, z=9.81] does not have attribute null
[23:12:12] [Render thread/WARN]: Entity class_745['.Viisxal6897'/2002481, l='ClientLevel', x=-4.44, y=65.00, z=0.88] does not have attribute null
[23:12:12] [Render thread/WARN]: Entity class_745['XzermarketMC'/2082027, l='ClientLevel', x=28.32, y=65.00, z=-23.27] does not have attribute null
[23:12:13] [Render thread/WARN]: Ignoring player info update for unknown player 56019dc1-092d-495f-932a-cc9b681b62e3
[23:12:13] [Render thread/WARN]: Entity class_745['Seafox_X_Ocean'/2594720, l='ClientLevel', x=0.55, y=65.00, z=-6.49] does not have attribute null
[23:12:13] [Render thread/WARN]: Entity class_745['Seafox_X_Ocean'/2594720, l='ClientLevel', x=0.55, y=65.00, z=-6.49] does not have attribute null
[23:12:13] [Render thread/INFO]: [System] [CHAT] Kit 1 loaded!
[23:12:14] [Render thread/WARN]: Entity class_745['DangerMarlow_Jr'/2247315, l='ClientLevel', x=0.55, y=65.00, z=-6.49] does not have attribute null
[23:12:16] [Render thread/INFO]: Stopping worker threads
[23:12:16] [Render thread/INFO]: Started 1 worker threads
[23:12:16] [Render thread/INFO]: Stopping worker threads
[23:12:16] [Render thread/INFO]: Started 1 worker threads
[23:12:16] [Render thread/WARN]: Entity class_746['khanhnotbruh'/2395064, l='ClientLevel', x=-705.60, y=2.00, z=-828.30] does not have attribute null
[23:12:16] [Render thread/WARN]: Entity class_745['vinhminebk'/2394303, l='ClientLevel', x=-708.90, y=3.00, z=-829.78] does not have attribute null
[23:12:17] [Render thread/WARN]: Entity class_745['vinhminebk'/2394303, l='ClientLevel', x=-708.90, y=3.00, z=-829.78] does not have attribute null
[23:12:17] [Render thread/INFO]: [System] [CHAT] ItzzNhaa__ has reached the goal [Postmortal]
[23:12:18] [Render thread/INFO]: [System] [CHAT] Pio has made the advancement [Stone Age]
[23:12:19] [Render thread/WARN]: Entity class_746['khanhnotbruh'/2395064, l='ClientLevel', x=-705.90, y=1.00, z=-828.14] does not have attribute null
[23:12:20] [Render thread/WARN]: Entity class_746['khanhnotbruh'/2395064, l='ClientLevel', x=-705.62, y=1.00, z=-827.69] does not have attribute null
[23:12:21] [Render thread/INFO]: [System] [CHAT] Seafox_X_Ocean has made the advancement [The End?]
[23:12:21] [Render thread/INFO]: [System] [CHAT] Mochiii1ii has made the advancement [The End?]
[23:12:22] [Render thread/WARN]: Entity class_745['vinhminebk'/2394303, l='ClientLevel', x=-709.25, y=3.00, z=-829.54] does not have attribute null
[23:12:23] [Render thread/WARN]: Ignoring player info update for unknown player 36400a13-c497-3488-8f38-dd1aa08aa7b0
[23:12:24] [Render thread/WARN]: Entity class_745['vinhminebk'/2394303, l='ClientLevel', x=-708.75, y=3.00, z=-829.36] does not have attribute null
[23:12:24] [Render thread/INFO]: [System] [CHAT] FinalMugetsu has made the advancement [Ol' Betsy]
[23:12:24] [Render thread/INFO]: [System] [CHAT] FinalMugetsu has made the advancement [Take Aim]
[23:12:27] [Render thread/WARN]: Entity class_746['khanhnotbruh'/2395064, l='ClientLevel', x=-705.30, y=-2.00, z=-828.46] does not have attribute null
[23:12:27] [Render thread/WARN]: Entity class_745['vinhminebk'/2394303, l='ClientLevel', x=-707.61, y=-0.95, z=-828.36] does not have attribute null
[23:12:27] [Render thread/WARN]: Entity class_746['khanhnotbruh'/2395064, l='ClientLevel', x=-704.08, y=-2.92, z=-829.48] does not have attribute null
[23:12:28] [Render thread/WARN]: Entity class_746['khanhnotbruh'/2395064, l='ClientLevel', x=-703.30, y=-4.00, z=-830.42] does not have attribute null
[23:12:28] [Render thread/INFO]: [System] [CHAT] .Sat_Sali has made the advancement [Stone Age]
[23:12:29] [Render thread/WARN]: Entity class_745['vinhminebk'/2394303, l='ClientLevel', x=-707.96, y=-4.95, z=-829.09] does not have attribute null
[23:12:29] [Render thread/WARN]: Ignoring player info update for unknown player 7c8f689c-be10-43ef-bf1b-52a166502d2c
[23:12:30] [Render thread/INFO]: [System] [CHAT] Seafox_X_Ocean has reached the goal [Postmortal]
[23:12:33] [Render thread/WARN]: Entity class_746['khanhnotbruh'/2395064, l='ClientLevel', x=-710.15, y=-5.00, z=-829.70] does not have attribute null
[23:12:34] [Render thread/WARN]: Entity class_745['vinhminebk'/2394303, l='ClientLevel', x=-706.51, y=-6.00, z=-826.63] does not have attribute null
[23:12:34] [Render thread/INFO]: [System] [CHAT] MafangFento has made the advancement [The End?]
[23:12:35] [Render thread/WARN]: Entity class_746['khanhnotbruh'/2395064, l='ClientLevel', x=-711.98, y=-5.93, z=-829.70] does not have attribute null
[23:12:37] [Render thread/WARN]: Entity class_745['vinhminebk'/2394303, l='ClientLevel', x=-710.26, y=-7.03, z=-829.62] does not have attribute null
[23:12:38] [Render thread/INFO]: [System] [CHAT] (⚔) MafangFento killed Duydeptrais1vn.
[23:12:39] [Render thread/INFO]: [System] [CHAT] CuongDepTraii has made the advancement [Stone Age]
[23:12:40] [Render thread/WARN]: Entity class_746['khanhnotbruh'/2395064, l='ClientLevel', x=-714.30, y=-5.00, z=-830.30] does not have attribute null
[23:12:41] [Render thread/INFO]: [System] [CHAT] CHINULOL: tpa for 1v1
[23:12:41] [Render thread/INFO]: [System] [CHAT] hoanggiaminh has reached the goal [Postmortal]
[23:12:42] [Render thread/INFO]: [System] [CHAT] thanhk3 has reached the goal [Postmortal]
[23:12:42] [Render thread/WARN]: Entity class_745['vinhminebk'/2394303, l='ClientLevel', x=-710.01, y=-8.49, z=-829.61] does not have attribute null
[23:12:44] [Render thread/WARN]: Ignoring player info update for unknown player c8e026f5-a3ad-37a1-b477-6d24138a225d
[23:12:46] [Render thread/INFO]: [System] [CHAT] cpvper_2010 has made the advancement [The End?]
[23:12:46] [Render thread/INFO]: [System] [CHAT] GokuGear4 has made the advancement [Stone Age]
[23:12:46] [Render thread/WARN]: Ignoring player info update for unknown player 115dbbd2-0bd6-3351-a601-d16429bf0c4a
[23:12:47] [Render thread/INFO]: [System] [CHAT] Okhuchbsdb has reached the goal [Postmortal]
[23:12:47] [Render thread/WARN]: Entity class_745['vinhminebk'/2394303, l='ClientLevel', x=-707.68, y=-9.26, z=-830.70] does not have attribute null
[23:12:48] [Render thread/INFO]: [System] [CHAT] jordanbastiti has made the advancement [Not Today, Thank You]
[23:12:48] [Render thread/INFO]: [System] [CHAT] CuongDepTraii has reached the goal [Postmortal]
[23:12:49] [Render thread/INFO]: [System] [CHAT] thanhk3 has made the advancement [Stone Age]
[23:12:49] [Render thread/INFO]: [System] [CHAT] (☠) .MCR_YIN fell from a high spot.
[23:12:50] [Render thread/WARN]: Entity class_746['khanhnotbruh'/2395064, l='ClientLevel', x=-711.70, y=-7.47, z=-830.30] does not have attribute null
[23:12:52] [Render thread/INFO]: [System] [CHAT] CHINULOL: v
[23:12:52] [Render thread/WARN]: Entity class_746['khanhnotbruh'/2395064, l='ClientLevel', x=-711.70, y=-8.00, z=-830.30] does not have attribute null
[23:12:53] [Render thread/WARN]: Entity class_745['vinhminebk'/2394303, l='ClientLevel', x=-708.62, y=-10.56, z=-831.57] does not have attribute null
[23:12:54] [Render thread/INFO]: [System] [CHAT] MafangFento has made the advancement [Stone Age]
[23:12:54] [Render thread/WARN]: Entity class_746['khanhnotbruh'/2395064, l='ClientLevel', x=-711.70, y=-8.00, z=-830.46] does not have attribute null
[23:12:54] [Render thread/WARN]: Entity class_745['vinhminebk'/2394303, l='ClientLevel', x=-709.52, y=-11.00, z=-831.16] does not have attribute null
[23:12:57] [Render thread/WARN]: Entity class_746['khanhnotbruh'/2395064, l='ClientLevel', x=-711.08, y=-6.00, z=-830.85] does not have attribute null
[23:13:00] [Render thread/INFO]: [System] [CHAT] 
[23:13:00] [Render thread/INFO]: [System] [CHAT]  Seafox_X_Ocean ᴡᴀs ᴋɪᴄᴋᴇᴅ ʙʏ  
[23:13:00] [Render thread/WARN]: Entity class_746['khanhnotbruh'/2395064, l='ClientLevel', x=-709.38, y=-8.69, z=-832.01] does not have attribute null
[23:13:02] [Render thread/WARN]: Entity class_746['khanhnotbruh'/2395064, l='ClientLevel', x=-710.81, y=-10.96, z=-833.42] does not have attribute null
[23:13:03] [Render thread/WARN]: Ignoring player info update for unknown player 56019dc1-092d-495f-932a-cc9b681b62e3
[23:13:04] [Render thread/INFO]: [System] [CHAT] (☠) Duydeptrais1vn fell from a high spot.
[23:13:06] [Render thread/INFO]: [System] [CHAT] pagal_da_putar has made the advancement [Stone Age]
[23:13:07] [Render thread/INFO]: [System] [CHAT] (⚔) Tus_Dzg killed CuSutThanSau.
[23:13:10] [Render thread/INFO]: [System] [CHAT] 
[23:13:10] [Render thread/INFO]: [System] [CHAT]  lilpotato4 ᴡᴀs ᴋɪᴄᴋᴇᴅ ʙʏ  
[23:13:13] [Render thread/WARN]: Ignoring player info update for unknown player 8c3964b6-b2f2-31cc-8346-0888a02c628b
[23:13:14] [Render thread/INFO]: [System] [CHAT] Seafox_X_Ocean has made the advancement [The End?]
[23:13:14] [Render thread/WARN]: Ignoring player info update for unknown player a5e7f2ef-2197-4d5f-8144-47b7b4b47196
[23:13:14] [Render thread/WARN]: Entity class_746['khanhnotbruh'/2395064, l='ClientLevel', x=-709.53, y=-17.00, z=-829.86] does not have attribute null
[23:13:15] [Render thread/WARN]: Entity class_745['vinhminebk'/2394303, l='ClientLevel', x=-709.61, y=-14.95, z=-832.31] does not have attribute null
[23:13:15] [Render thread/INFO]: [System] [CHAT] +1 Points
[23:13:15] [Render thread/WARN]: Entity class_745['vinhminebk'/2394303, l='ClientLevel', x=-709.96, y=-15.82, z=-832.45] does not have attribute null
[23:13:17] [Render thread/INFO]: [System] [CHAT] Kit 1 loaded!
[23:13:17] [Render thread/WARN]: Entity class_746['khanhnotbruh'/2395064, l='ClientLevel', x=-709.70, y=-17.00, z=-831.70] does not have attribute null
[23:13:20] [Render thread/WARN]: Entity class_746['khanhnotbruh'/2395064, l='ClientLevel', x=-709.63, y=-17.00, z=-831.70] does not have attribute null
[23:13:21] [Render thread/WARN]: Entity class_745['vinhminebk'/2394303, l='ClientLevel', x=-710.04, y=-15.83, z=-832.47] does not have attribute null
[23:13:25] [Render thread/INFO]: [System] [CHAT] hoctructuy23 has made the advancement [The End?]
[23:13:25] [Render thread/WARN]: Entity class_746['khanhnotbruh'/2395064, l='ClientLevel', x=-709.50, y=-18.05, z=-831.38] does not have attribute null
[23:13:28] [Render thread/INFO]: [System] [CHAT] hoctructuy23 has reached the goal [Postmortal]
[23:13:30] [Render thread/WARN]: Entity class_745['vinhminebk'/2394303, l='ClientLevel', x=-706.51, y=-21.00, z=-830.70] does not have attribute null
[23:13:30] [Render thread/WARN]: Entity class_746['khanhnotbruh'/2395064, l='ClientLevel', x=-707.46, y=-20.87, z=-828.30] does not have attribute null
[23:13:30] [Render thread/INFO]: [System] [CHAT] -1 Points
[23:13:30] [Render thread/INFO]: [System] [CHAT] +1 Death
[23:13:30] [Render thread/WARN]: Entity class_746['khanhnotbruh'/2395064, l='ClientLevel', x=-708.12, y=-21.78, z=-827.82] does not have attribute null
[23:13:31] [Render thread/INFO]: Stopping worker threads
[23:13:31] [Render thread/INFO]: Started 1 worker threads
[23:13:31] [Render thread/INFO]: Stopping worker threads
[23:13:31] [Render thread/INFO]: Started 1 worker threads
[23:13:32] [Render thread/WARN]: Entity class_746['khanhnotbruh'/2395064, l='ClientLevel', x=0.55, y=65.00, z=-6.49] does not have attribute null
[23:13:32] [Render thread/WARN]: Entity class_745['epann'/2579230, l='ClientLevel', x=0.97, y=65.00, z=-6.67] does not have attribute null
[23:13:32] [Render thread/WARN]: Entity class_745['tadas12345'/2521596, l='ClientLevel', x=0.91, y=65.80, z=-10.53] does not have attribute null
[23:13:32] [Render thread/WARN]: Entity class_745['man3p3ar'/2496426, l='ClientLevel', x=0.55, y=65.00, z=-6.49] does not have attribute null
[23:13:32] [Render thread/WARN]: Entity class_745['pagal_da_putar'/2480474, l='ClientLevel', x=0.55, y=65.00, z=-6.49] does not have attribute null
[23:13:32] [Render thread/WARN]: Entity class_745['hoanggiaminh'/2595217, l='ClientLevel', x=7.51, y=65.00, z=-9.36] does not have attribute null
[23:13:32] [Render thread/WARN]: Entity class_745['CuSutThanSau'/2530962, l='ClientLevel', x=0.55, y=65.00, z=-6.49] does not have attribute null
[23:13:32] [Render thread/WARN]: Entity class_745['BadXGood'/2532152, l='ClientLevel', x=0.55, y=65.00, z=-6.49] does not have attribute null
[23:13:32] [Render thread/WARN]: Entity class_745['lochoanganhdznha'/2584835, l='ClientLevel', x=0.55, y=65.00, z=-6.49] does not have attribute null
[23:13:32] [Render thread/WARN]: Entity class_745['DeathFalls'/2497776, l='ClientLevel', x=-0.19, y=65.00, z=-13.40] does not have attribute null
[23:13:32] [Render thread/WARN]: Entity class_745['.KenshinCpvp'/2554030, l='ClientLevel', x=-2.26, y=65.00, z=-6.05] does not have attribute null
[23:13:32] [Render thread/WARN]: Entity class_745['MrMooSap'/2569665, l='ClientLevel', x=-3.08, y=65.00, z=-10.38] does not have attribute null
[23:13:32] [Render thread/WARN]: Entity class_745['sang1209'/2557773, l='ClientLevel', x=6.32, y=65.06, z=-19.86] does not have attribute null
[23:13:32] [Render thread/WARN]: Entity class_745['OGGY_XxX'/2600631, l='ClientLevel', x=3.05, y=65.00, z=-18.12] does not have attribute null
[23:13:32] [Render thread/WARN]: Entity class_745['.Viisxal6897'/2002481, l='ClientLevel', x=-5.17, y=65.06, z=1.08] does not have attribute null
[23:13:32] [Render thread/WARN]: Entity class_745['Densos'/2563359, l='ClientLevel', x=-7.03, y=65.56, z=-17.21] does not have attribute null
[23:13:33] [Render thread/INFO]: [System] [CHAT] Kit 1 loaded!
[23:13:33] [Render thread/WARN]: Entity class_745['Densos'/2563359, l='ClientLevel', x=-9.52, y=65.61, z=-16.71] does not have attribute null
[23:13:34] [Render thread/INFO]: [System] [CHAT] DangerMarlow_Jr has made the advancement [Not Quite "Nine" Lives]
[23:13:35] [Render thread/INFO]: Stopping worker threads
[23:13:35] [Render thread/INFO]: Started 1 worker threads
[23:13:35] [Render thread/INFO]: Stopping worker threads
[23:13:35] [Render thread/INFO]: Started 1 worker threads
[23:13:35] [Render thread/WARN]: Entity class_746['khanhnotbruh'/2395064, l='ClientLevel', x=-707.89, y=-22.00, z=-828.30] does not have attribute null
[23:13:35] [Render thread/INFO]: [System] [CHAT] STYLE_TH has made the advancement [Not Today, Thank You]
[23:13:35] [Render thread/WARN]: Entity class_745['vinhminebk'/2394303, l='ClientLevel', x=-705.99, y=-23.00, z=-832.70] does not have attribute null
[23:13:37] [Render thread/WARN]: Entity class_746['khanhnotbruh'/2395064, l='ClientLevel', x=-708.40, y=-23.00, z=-829.31] does not have attribute null
[23:13:38] [Render thread/INFO]: [System] [CHAT] CHINULOL: tpa for 1v1
[23:13:39] [Render thread/WARN]: Ignoring player info update for unknown player e0002f5a-4b47-4ec5-9772-6fb9da1f6fc9
[23:13:39] [Render thread/WARN]: Entity class_746['khanhnotbruh'/2395064, l='ClientLevel', x=-708.75, y=-23.00, z=-829.79] does not have attribute null
[23:13:42] [Render thread/WARN]: Entity class_746['khanhnotbruh'/2395064, l='ClientLevel', x=-708.30, y=-23.29, z=-829.30] does not have attribute null
[23:13:44] [Render thread/WARN]: Ignoring player info update for unknown player 04e8183c-2de0-4382-8c68-6d08ade35505
[23:13:44] [Render thread/INFO]: [System] [CHAT] jordanbastiti has made the advancement [Ol' Betsy]
[23:13:44] [Render thread/INFO]: [System] [CHAT] jordanbastiti has made the advancement [Take Aim]
[23:13:45] [Render thread/WARN]: Entity class_746['khanhnotbruh'/2395064, l='ClientLevel', x=-709.74, y=-23.41, z=-829.55] does not have attribute null
[23:13:45] [Render thread/INFO]: [System] [CHAT] (⚔) epann killed Duydeptrais1vn.
[23:13:45] [Render thread/INFO]: [System] [CHAT] Seafox_X_Ocean has reached the goal [Postmortal]
[23:13:46] [Render thread/WARN]: Entity class_746['khanhnotbruh'/2395064, l='ClientLevel', x=-707.89, y=-22.80, z=-829.56] does not have attribute null
[23:13:46] [Render thread/WARN]: Entity class_746['khanhnotbruh'/2395064, l='ClientLevel', x=-707.30, y=-22.91, z=-828.98] does not have attribute null
[23:13:47] [Render thread/WARN]: Entity class_746['khanhnotbruh'/2395064, l='ClientLevel', x=-707.17, y=-22.90, z=-828.20] does not have attribute null
[23:13:48] [Render thread/WARN]: Entity class_745['vinhminebk'/2394303, l='ClientLevel', x=-710.70, y=-24.00, z=-829.26] does not have attribute null
[23:13:48] [Render thread/WARN]: Entity class_746['khanhnotbruh'/2395064, l='ClientLevel', x=-705.33, y=-23.00, z=-825.11] does not have attribute null
[23:13:48] [Render thread/INFO]: [System] [CHAT] OunTamafia has made the advancement [Stone Age]
[23:13:48] [Render thread/WARN]: Ignoring player info update for unknown player 649d7136-dab6-3c25-bb9e-dbd90fcfc54b
[23:13:49] [Render thread/INFO]: [System] [CHAT] CHINULOL: tpa for 1v1
[23:13:50] [Render thread/WARN]: Ignoring player info update for unknown player e4ee1840-bd03-3bc4-b7e4-cb4619f01140
[23:13:51] [Render thread/WARN]: Ignoring player info update for unknown player 0611bcf0-89f6-3061-a982-b35b43eb8fad
[23:13:53] [Render thread/WARN]: Entity class_745['vinhminebk'/2394303, l='ClientLevel', x=-708.35, y=-24.19, z=-827.47] does not have attribute null
[23:13:54] [Render thread/WARN]: Entity class_746['khanhnotbruh'/2395064, l='ClientLevel', x=-705.47, y=-26.00, z=-824.28] does not have attribute null
[23:13:54] [Render thread/WARN]: Entity class_745['vinhminebk'/2394303, l='ClientLevel', x=-708.70, y=-25.78, z=-827.69] does not have attribute null
[23:13:54] [Render thread/WARN]: Entity class_746['khanhnotbruh'/2395064, l='ClientLevel', x=-705.10, y=-25.58, z=-823.42] does not have attribute null
[23:13:56] [Render thread/WARN]: Ignoring player info update for unknown player 10c95c60-f346-4e44-a979-be98f5285e0f
[23:13:58] [Render thread/WARN]: Ignoring player info update for unknown player 7f7cb843-0157-4b32-b894-3ecff612842f
[23:13:58] [Render thread/WARN]: Ignoring player info update for unknown player 652198fb-e6da-3132-a344-f3f5b9b43053
[23:13:59] [Render thread/WARN]: Entity class_745['vinhminebk'/2394303, l='ClientLevel', x=-706.57, y=-29.00, z=-825.08] does not have attribute null
[23:13:59] [Render thread/INFO]: [System] [CHAT] CHINULOL: tpa for 1v1
[23:13:59] [Render thread/INFO]: [System] [CHAT] Okhuchbsdb has made the advancement [Stone Age]
[23:14:01] [Render thread/WARN]: Ignoring player info update for unknown player bea242fa-19d4-4731-846c-e0cad35d0df5
[23:14:02] [Render thread/WARN]: Entity class_746['khanhnotbruh'/2395064, l='ClientLevel', x=-703.30, y=-29.12, z=-823.30] does not have attribute null
[23:14:02] [Render thread/WARN]: Entity class_746['khanhnotbruh'/2395064, l='ClientLevel', x=-703.30, y=-29.58, z=-823.30] does not have attribute null
[23:14:03] [Render thread/WARN]: Entity class_745['vinhminebk'/2394303, l='ClientLevel', x=-703.33, y=-30.00, z=-824.70] does not have attribute null
[23:14:03] [Render thread/WARN]: Entity class_746['khanhnotbruh'/2395064, l='ClientLevel', x=-703.40, y=-28.85, z=-823.30] does not have attribute null
[23:14:03] [Render thread/INFO]: [System] [CHAT] ItzSnuker_ has made the advancement [The End?]
[23:14:03] [Render thread/INFO]: [System] [CHAT] International has made the advancement [The End?]
[23:14:07] [Render thread/INFO]: [System] [CHAT] 
[23:14:07] [Render thread/INFO]: [System] [CHAT]  CuongDepTraii ᴡᴀs ᴋɪᴄᴋᴇᴅ ʙʏ  
[23:14:08] [Render thread/WARN]: Entity class_746['khanhnotbruh'/2395064, l='ClientLevel', x=-702.50, y=-28.68, z=-821.95] does not have attribute null
[23:14:08] [Render thread/INFO]: [System] [CHAT] 
[23:14:08] [Render thread/INFO]: [System] [CHAT]  Seafox_X_Ocean ᴡᴀs ᴋɪᴄᴋᴇᴅ ʙʏ  
[23:14:08] [Render thread/WARN]: Entity class_745['vinhminebk'/2394303, l='ClientLevel', x=-700.74, y=-29.00, z=-823.30] does not have attribute null
[23:14:08] [Render thread/WARN]: Entity class_746['khanhnotbruh'/2395064, l='ClientLevel', x=-703.57, y=-29.00, z=-820.50] does not have attribute null
[23:14:09] [Render thread/WARN]: Entity class_745['vinhminebk'/2394303, l='ClientLevel', x=-701.05, y=-29.00, z=-823.76] does not have attribute null
[23:14:09] [Render thread/WARN]: Entity class_746['khanhnotbruh'/2395064, l='ClientLevel', x=-704.59, y=-28.95, z=-819.76] does not have attribute null
[23:14:10] [Render thread/WARN]: Entity class_746['khanhnotbruh'/2395064, l='ClientLevel', x=-705.70, y=-29.96, z=-818.30] does not have attribute null
[23:14:10] [Render thread/WARN]: Entity class_745['vinhminebk'/2394303, l='ClientLevel', x=-701.66, y=-30.00, z=-822.23] does not have attribute null
[23:14:11] [Render thread/WARN]: Ignoring player info update for unknown player 56019dc1-092d-495f-932a-cc9b681b62e3
[23:14:13] [Render thread/INFO]: [System] [CHAT] (⚔) Renn_NeverWin killed Duydeptrais1vn.
[23:14:13] [Render thread/WARN]: Entity class_745['vinhminebk'/2394303, l='ClientLevel', x=-702.98, y=-32.00, z=-819.20] does not have attribute null
[23:14:13] [Render thread/WARN]: Ignoring player info update for unknown player 6d94383a-a56c-389a-a13e-50c06386f22b
[23:14:13] [Render thread/WARN]: Entity class_746['khanhnotbruh'/2395064, l='ClientLevel', x=-707.12, y=-30.90, z=-815.45] does not have attribute null
[23:14:14] [Render thread/INFO]: [System] [CHAT] International has reached the goal [Postmortal]
[23:14:14] [Render thread/INFO]: [System] [CHAT] ItzSnuker_ has reached the goal [Postmortal]
[23:14:14] [Render thread/INFO]: [System] [CHAT] hoctructuy23 has completed the challenge [Cover Me in Debris]
[23:14:14] [Render thread/INFO]: [System] [CHAT] hoctructuy23 has reached the goal [Sky's the Limit]
[23:14:14] [Render thread/INFO]: [System] [CHAT] glor5y has made the advancement [The End?]
[23:14:15] [Render thread/WARN]: Entity class_746['khanhnotbruh'/2395064, l='ClientLevel', x=-708.70, y=-32.00, z=-814.23] does not have attribute null
[23:14:17] [Render thread/WARN]: Entity class_746['khanhnotbruh'/2395064, l='ClientLevel', x=-708.70, y=-32.00, z=-814.23] does not have attribute null
[23:14:18] [Render thread/WARN]: Entity class_745['vinhminebk'/2394303, l='ClientLevel', x=-701.56, y=-32.00, z=-820.30] does not have attribute null
[23:14:18] [Render thread/INFO]: [System] [CHAT] Seafox_X_Ocean has made the advancement [The End?]
[23:14:18] [Render thread/INFO]: [System] [CHAT] Renn_NeverWin has made the advancement [The End?]
[23:14:18] [Render thread/INFO]: [System] [CHAT] 
[23:14:18] [Render thread/INFO]: [System] [CHAT]  Gothangelz ᴡᴀs ᴋɪᴄᴋᴇᴅ ʙʏ  
[23:14:18] [Render thread/INFO]: [System] [CHAT] Itz_Death9: Seafox_X_Ocean ezzzz
[23:14:19] [Render thread/WARN]: Entity class_745['vinhminebk'/2394303, l='ClientLevel', x=-701.66, y=-32.00, z=-819.82] does not have attribute null
[23:14:19] [Render thread/WARN]: Ignoring player info update for unknown player 019f21e3-3a68-32f3-81c4-15abe9f83d3c
[23:14:19] [Render thread/WARN]: Ignoring player info update for unknown player 6c0dc00b-2fb2-3cb8-8496-8bba1c84f687
[23:14:20] [Render thread/WARN]: Entity class_746['khanhnotbruh'/2395064, l='ClientLevel', x=-704.84, y=-30.98, z=-816.14] does not have attribute null
[23:14:20] [Render thread/WARN]: Entity class_745['vinhminebk'/2394303, l='ClientLevel', x=-701.65, y=-32.00, z=-817.70] does not have attribute null
[23:14:20] [Render thread/INFO]: [System] [CHAT] glor5y has reached the goal [Postmortal]
[23:14:21] [Render thread/INFO]: [System] [CHAT] CHINULOL: tpa for 1v1
[23:14:21] [Render thread/WARN]: Entity class_745['vinhminebk'/2394303, l='ClientLevel', x=-700.35, y=-30.96, z=-818.06] does not have attribute null
[23:14:22] [Render thread/WARN]: Entity class_746['khanhnotbruh'/2395064, l='ClientLevel', x=-705.80, y=-29.64, z=-815.91] does not have attribute null
[23:14:23] [Render thread/INFO]: [System] [CHAT] .CV_qrzzzzz has made the advancement [The End?]
[23:14:23] [Render thread/INFO]: [System] [CHAT] FMLTUN has made the advancement [The End?]
[23:14:25] [Render thread/WARN]: Ignoring player info update for unknown player 5709cd8b-1b04-3c9b-bc46-df0867a460b2
[23:14:26] [Render thread/INFO]: [System] [CHAT] hoctructuy23 has made the advancement [Stone Age]
[23:14:26] [Render thread/INFO]: [System] [CHAT] CHINULOL: tpa for 1v1
[23:14:26] [Render thread/INFO]: [System] [CHAT] epann has made the advancement [Stone Age]
[23:14:27] [Render thread/INFO]: [System] [CHAT] kobietnx has made the advancement [The End?]
[23:14:28] [Render thread/WARN]: Entity class_745['vinhminebk'/2394303, l='ClientLevel', x=-707.69, y=-34.00, z=-815.57] does not have attribute null
[23:14:30] [Render thread/WARN]: Entity class_745['vinhminebk'/2394303, l='ClientLevel', x=-706.34, y=-34.00, z=-813.75] does not have attribute null
[23:14:31] [Render thread/WARN]: Entity class_746['khanhnotbruh'/2395064, l='ClientLevel', x=-700.64, y=-32.00, z=-807.86] does not have attribute null
[23:14:31] [Render thread/INFO]: [System] [CHAT] Renn_NeverWin has reached the goal [Postmortal]
[23:14:32] [Render thread/WARN]: Ignoring player info update for unknown player cd75cda3-a64d-3c16-b1f8-87c2682f6d90
[23:14:33] [Render thread/INFO]: [System] [CHAT] madercond: k
[23:14:33] [Render thread/WARN]: Ignoring player info update for unknown player 00000000-0000-0000-0009-01f75d444812
[23:14:34] [Render thread/WARN]: Entity class_745['vinhminebk'/2394303, l='ClientLevel', x=-703.71, y=-32.28, z=-809.65] does not have attribute null
[23:14:34] [Render thread/WARN]: Entity class_746['khanhnotbruh'/2395064, l='ClientLevel', x=-701.11, y=-31.85, z=-809.78] does not have attribute null
[23:14:34] [Render thread/INFO]: [System] [CHAT] Seafox_X_Ocean has reached the goal [Postmortal]
[23:14:34] [Render thread/INFO]: [System] [CHAT] +1 Points
[23:14:35] [Render thread/WARN]: Entity class_745['vinhminebk'/2394303, l='ClientLevel', x=-703.51, y=-31.64, z=-809.23] does not have attribute null
[23:14:36] [Render thread/INFO]: [System] [CHAT] kobietnx has reached the goal [Postmortal]
[23:14:36] [Render thread/INFO]: [System] [CHAT] Kit 1 loaded!
[23:14:37] [Render thread/INFO]: [System] [CHAT] You have to wait 0sec. before you can use another command.
[23:14:39] [Render thread/INFO]: [System] [CHAT] Kit 2 loaded!
[23:14:41] [Render thread/WARN]: Entity class_746['khanhnotbruh'/2395064, l='ClientLevel', x=-707.52, y=-33.00, z=-810.84] does not have attribute null
[23:14:42] [Render thread/WARN]: Entity class_745['vinhminebk'/2394303, l='ClientLevel', x=-703.40, y=-31.53, z=-808.97] does not have attribute null
[23:14:43] [Render thread/WARN]: Entity class_746['khanhnotbruh'/2395064, l='ClientLevel', x=-707.52, y=-33.00, z=-810.84] does not have attribute null
[23:14:45] [Render thread/WARN]: Entity class_745['vinhminebk'/2394303, l='ClientLevel', x=-703.40, y=-32.00, z=-808.97] does not have attribute null
[23:14:47] [Render thread/INFO]: [System] [CHAT] (⚔) MafangFento killed .MCR_YIN.
[23:14:49] [Render thread/INFO]: [System] [CHAT] 
[23:14:49] [Render thread/INFO]: [System] [CHAT]  CuongDepTraii ᴡᴀs ᴋɪᴄᴋᴇᴅ ʙʏ  
[23:14:50] [Render thread/INFO]: [System] [CHAT] (☠) Duydeptrais1vn fell from a high spot.
[23:14:51] [Render thread/WARN]: Entity class_746['khanhnotbruh'/2395064, l='ClientLevel', x=-709.74, y=-34.06, z=-812.93] does not have attribute null
[23:14:51] [Render thread/WARN]: Entity class_745['vinhminebk'/2394303, l='ClientLevel', x=-706.88, y=-30.00, z=-811.38] does not have attribute null
[23:14:54] [Render thread/INFO]: [System] [CHAT] hoanggiaminh has made the advancement [Stone Age]
[23:14:56] [Render thread/INFO]: [System] [CHAT] onlycheata899 has made the advancement [The End?]
[23:14:57] [Render thread/WARN]: Ignoring player info update for unknown player 10c95c60-f346-4e44-a979-be98f5285e0f
[23:14:58] [Render thread/INFO]: [System] [CHAT] madercond: lt3 tpa me
[23:14:59] [Render thread/WARN]: Entity class_746['khanhnotbruh'/2395064, l='ClientLevel', x=-711.70, y=-38.00, z=-814.70] does not have attribute null
[23:15:00] [Render thread/WARN]: Entity class_745['vinhminebk'/2394303, l='ClientLevel', x=-710.35, y=-35.00, z=-813.58] does not have attribute null
[23:15:00] [Render thread/INFO]: [System] [CHAT] Real_DKG has reached the goal [Postmortal]
[23:15:00] [Render thread/INFO]: [System] [CHAT] +1 Points
[23:15:00] [Render thread/INFO]: [System] [CHAT] NotProKing has made the advancement [The End?]
[23:15:00] [Render thread/WARN]: Entity class_745['vinhminebk'/2394303, l='ClientLevel', x=-709.84, y=-34.76, z=-813.61] does not have attribute null
[23:15:00] [Render thread/WARN]: Ignoring player info update for unknown player 019f21e3-3a68-32f3-81c4-15abe9f83d3c
[23:15:02] [Render thread/INFO]: [System] [CHAT] Kit 1 loaded!
[23:15:02] [Render thread/WARN]: Entity class_746['khanhnotbruh'/2395064, l='ClientLevel', x=-711.91, y=-38.00, z=-815.10] does not have attribute null
[23:15:03] [Render thread/INFO]: [System] [CHAT] .Keanpogiy has made the advancement [The End?]
[23:15:04] [Render thread/WARN]: Entity class_746['khanhnotbruh'/2395064, l='ClientLevel', x=-711.91, y=-38.00, z=-815.10] does not have attribute null
[23:15:05] [Render thread/INFO]: [System] [CHAT] madercond: lt3 tpa me
[23:15:05] [Render thread/INFO]: [System] [CHAT] Crazixx_ has reached the goal [Postmortal]
[23:15:06] [Render thread/WARN]: Entity class_746['khanhnotbruh'/2395064, l='ClientLevel', x=-712.28, y=-38.00, z=-815.70] does not have attribute null
[23:15:06] [Render thread/WARN]: Entity class_745['vinhminebk'/2394303, l='ClientLevel', x=-709.67, y=-34.91, z=-813.63] does not have attribute null
[23:15:07] [Render thread/INFO]: [System] [CHAT] Real_DKG has made the advancement [Not Quite "Nine" Lives]
[23:15:08] [Render thread/INFO]: [System] [CHAT] NotHerAgain_ has made the advancement [Not Today, Thank You]
[23:15:08] [Render thread/WARN]: Entity class_746['khanhnotbruh'/2395064, l='ClientLevel', x=-711.96, y=-36.75, z=-815.37] does not have attribute null
[23:15:08] [Render thread/INFO]: [System] [CHAT] onlycheata899 has reached the goal [Postmortal]
[23:15:09] [Render thread/WARN]: Entity class_746['khanhnotbruh'/2395064, l='ClientLevel', x=-713.54, y=-37.05, z=-815.35] does not have attribute null
[23:15:10] [Render thread/INFO]: [System] [CHAT] LowValk_ has made the advancement [Stone Age]
[23:15:10] [Render thread/INFO]: [System] [CHAT] Linzx911: 1
[23:15:11] [Render thread/INFO]: [System] [CHAT] madercond: lt3 tpa me
[23:15:13] [Render thread/INFO]: [System] [CHAT] glor5y has made the advancement [Stone Age]
[23:15:14] [Render thread/INFO]: [System] [CHAT] 
[23:15:14] [Render thread/INFO]: [System] [CHAT]  Seafox_X_Ocean ᴡᴀs ᴋɪᴄᴋᴇᴅ ʙʏ  
[23:15:14] [Render thread/WARN]: Ignoring player info update for unknown player c64d056a-6295-4812-b7b2-7c3f7f3e21f7
[23:15:14] [Render thread/WARN]: Entity class_746['khanhnotbruh'/2395064, l='ClientLevel', x=-713.70, y=-37.56, z=-815.70] does not have attribute null
[23:15:14] [Render thread/INFO]: [System] [CHAT] -1 Points
[23:15:14] [Render thread/INFO]: [System] [CHAT] +1 Death
[23:15:14] [Render thread/WARN]: Entity class_745['vinhminebk'/2394303, l='ClientLevel', x=-712.34, y=-39.00, z=-813.91] does not have attribute null
[23:15:14] [Render thread/WARN]: Entity class_746['khanhnotbruh'/2395064, l='ClientLevel', x=-714.02, y=-35.44, z=-817.60] does not have attribute null
[23:15:16] [Render thread/INFO]: Stopping worker threads
[23:15:16] [Render thread/INFO]: Started 1 worker threads
[23:15:16] [Render thread/INFO]: Stopping worker threads
[23:15:16] [Render thread/INFO]: Started 1 worker threads
[23:15:16] [Render thread/WARN]: Entity class_746['khanhnotbruh'/2395064, l='ClientLevel', x=0.55, y=65.00, z=-6.49] does not have attribute null
[23:15:16] [Render thread/WARN]: Entity class_745['Kai_zu33'/2610403, l='ClientLevel', x=0.74, y=66.17, z=-9.95] does not have attribute null
[23:15:16] [Render thread/WARN]: Entity class_745['Okurka_cz'/2603522, l='ClientLevel', x=1.87, y=65.00, z=-7.40] does not have attribute null
[23:15:16] [Render thread/WARN]: Entity class_745['Linzx911'/2543305, l='ClientLevel', x=2.14, y=65.00, z=-8.61] does not have attribute null
[23:15:16] [Render thread/WARN]: Entity class_745['pagal_da_putar'/2480474, l='ClientLevel', x=8.03, y=66.00, z=-9.88] does not have attribute null
[23:15:16] [Render thread/WARN]: Entity class_745['BadXGood'/2532152, l='ClientLevel', x=0.55, y=65.00, z=-6.49] does not have attribute null
[23:15:16] [Render thread/WARN]: Entity class_745['varazy_zinchenko'/2590678, l='ClientLevel', x=6.97, y=65.06, z=-11.08] does not have attribute null
[23:15:16] [Render thread/WARN]: Entity class_745['DangerMarlow_Jr'/2247315, l='ClientLevel', x=6.50, y=65.06, z=-7.22] does not have attribute null
[23:15:16] [Render thread/WARN]: Entity class_745['epann'/2579230, l='ClientLevel', x=6.40, y=65.75, z=-7.19] does not have attribute null
[23:15:16] [Render thread/WARN]: Entity class_745['EnvyHocux'/2470370, l='ClientLevel', x=0.65, y=65.00, z=-8.96] does not have attribute null
[23:15:16] [Render thread/WARN]: Entity class_745['Nexastrome'/2559861, l='ClientLevel', x=8.27, y=66.00, z=-9.57] does not have attribute null
[23:15:16] [Render thread/WARN]: Entity class_745['User123name'/2493174, l='ClientLevel', x=0.59, y=65.00, z=-7.25] does not have attribute null
[23:15:16] [Render thread/WARN]: Entity class_745['kobietnx'/2605487, l='ClientLevel', x=0.55, y=65.00, z=-6.49] does not have attribute null
[23:15:16] [Render thread/WARN]: Entity class_745['DeathFalls'/2497776, l='ClientLevel', x=-0.19, y=65.00, z=-13.40] does not have attribute null
[23:15:16] [Render thread/WARN]: Entity class_745['lochoanganhdznha'/2584835, l='ClientLevel', x=-2.78, y=65.00, z=-15.73] does not have attribute null
[23:15:16] [Render thread/WARN]: Entity class_745['MrMooSap'/2569665, l='ClientLevel', x=-3.08, y=65.00, z=-10.38] does not have attribute null
[23:15:16] [Render thread/WARN]: Entity class_745['.KenshinCpvp'/2554030, l='ClientLevel', x=-1.60, y=65.00, z=-5.97] does not have attribute null
[23:15:16] [Render thread/WARN]: Entity class_745['MENG_KISS'/2609013, l='ClientLevel', x=1.46, y=65.50, z=-21.02] does not have attribute null
[23:15:16] [Render thread/WARN]: Entity class_745['.Viisxal6897'/2002481, l='ClientLevel', x=-5.17, y=65.06, z=1.08] does not have attribute null
[23:15:16] [Render thread/WARN]: Entity class_745['OunTamafia'/2538647, l='ClientLevel', x=-4.75, y=65.06, z=-17.91] does not have attribute null
[23:15:16] [Render thread/INFO]: [System] [CHAT] .Keanpogiy has reached the goal [Postmortal]
[23:15:16] [Render thread/WARN]: Entity class_745['caroding'/2579944, l='ClientLevel', x=-17.61, y=65.00, z=-8.35] does not have attribute null
[23:15:17] [Render thread/WARN]: Entity class_745['91sttV1'/2588280, l='ClientLevel', x=0.55, y=65.00, z=-6.49] does not have attribute null
[23:15:17] [Render thread/WARN]: Entity class_745['.MCR_YIN'/2555952, l='ClientLevel', x=31.11, y=68.91, z=-33.08] does not have attribute null
[23:15:17] [Render thread/WARN]: Ignoring player info update for unknown player 56019dc1-092d-495f-932a-cc9b681b62e3
[23:15:17] [Render thread/WARN]: Entity class_745['Seafox_X_Ocean'/2610760, l='ClientLevel', x=0.55, y=65.00, z=-6.49] does not have attribute null
[23:15:17] [Render thread/WARN]: Entity class_745['Seafox_X_Ocean'/2610760, l='ClientLevel', x=0.55, y=65.00, z=-6.49] does not have attribute null
[23:15:17] [Render thread/WARN]: Entity class_745['JTM_MIKILA'/2574086, l='ClientLevel', x=0.55, y=65.00, z=-6.49] does not have attribute null
[23:15:17] [Render thread/INFO]: [System] [CHAT] (☠) Tus_Dzg fell from a high spot.
[23:15:18] [Render thread/WARN]: Entity class_745['Tus_Dzg'/2510046, l='ClientLevel', x=0.55, y=65.00, z=-6.49] does not have attribute null
[23:15:18] [Render thread/WARN]: Entity class_745['epann'/2579230, l='ClientLevel', x=10.10, y=65.00, z=-8.00] does not have attribute null
[23:15:18] [Render thread/INFO]: [System] [CHAT] Kit 1 loaded!
[23:15:18] [Render thread/WARN]: Entity class_745['notimunda'/2592768, l='ClientLevel', x=0.55, y=65.00, z=-6.49] does not have attribute null
[23:15:19] [Render thread/WARN]: Entity class_745['Nexastrome'/2559861, l='ClientLevel', x=11.77, y=65.00, z=-8.00] does not have attribute null
[23:15:19] [Render thread/WARN]: Entity class_745['Realitz_Zyntrax'/2549780, l='ClientLevel', x=0.55, y=65.00, z=-6.49] does not have attribute null
[23:15:19] [Render thread/WARN]: Entity class_745['Gyannniii9'/2597170, l='ClientLevel', x=0.55, y=65.00, z=-6.49] does not have attribute null
[23:15:20] [Render thread/INFO]: Stopping worker threads
[23:15:20] [Render thread/INFO]: Started 1 worker threads
[23:15:20] [Render thread/INFO]: Stopping worker threads
[23:15:20] [Render thread/INFO]: Started 1 worker threads
[23:15:20] [Render thread/WARN]: Entity class_746['khanhnotbruh'/2395064, l='ClientLevel', x=-713.91, y=-35.74, z=-816.96] does not have attribute null
[23:15:20] [Render thread/WARN]: Ignoring player info update for unknown player 87786868-b985-3452-ad9e-6728eae4f576
[23:15:20] [Render thread/WARN]: Entity class_745['vinhminebk'/2394303, l='ClientLevel', x=-712.70, y=-39.00, z=-814.38] does not have attribute null
[23:15:21] [Render thread/INFO]: [System] [CHAT] DarkOakG1222: ezzz
[23:15:22] [Render thread/INFO]: [System] [CHAT] Kit 2 loaded!
[23:15:23] [Render thread/INFO]: [System] [CHAT] (☠) User123name fell from a high spot.
[23:15:24] [Render thread/INFO]: [System] [CHAT] 91sttV1 has made the advancement [Not Quite "Nine" Lives]
[23:15:24] [Render thread/WARN]: Entity class_745['vinhminebk'/2394303, l='ClientLevel', x=-712.14, y=-39.00, z=-813.30] does not have attribute null
[23:15:25] [Render thread/WARN]: Entity class_746['khanhnotbruh'/2395064, l='ClientLevel', x=-713.70, y=-38.00, z=-818.30] does not have attribute null
[23:15:26] [Render thread/WARN]: Entity class_746['khanhnotbruh'/2395064, l='ClientLevel', x=-713.76, y=-39.05, z=-818.30] does not have attribute null
[23:15:27] [Render thread/INFO]: [System] [CHAT] Seafox_X_Ocean has made the advancement [The End?]
[23:15:27] [Render thread/INFO]: [System] [CHAT] notimunda has made the advancement [The End?]
[23:15:29] [Render thread/WARN]: Entity class_746['khanhnotbruh'/2395064, l='ClientLevel', x=-715.70, y=-39.13, z=-818.44] does not have attribute null
[23:15:30] [Render thread/WARN]: Entity class_746['khanhnotbruh'/2395064, l='ClientLevel', x=-715.93, y=-38.77, z=-818.82] does not have attribute null
[23:15:32] [Render thread/WARN]: Entity class_746['khanhnotbruh'/2395064, l='ClientLevel', x=-713.06, y=-39.29, z=-818.94] does not have attribute null
[23:15:33] [Render thread/WARN]: Entity class_745['vinhminebk'/2394303, l='ClientLevel', x=-712.68, y=-40.00, z=-817.33] does not have attribute null
[23:15:33] [Render thread/WARN]: Entity class_746['khanhnotbruh'/2395064, l='ClientLevel', x=-713.09, y=-38.66, z=-819.61] does not have attribute null
[23:15:33] [Render thread/INFO]: [System] [CHAT] madercond: lt3 tpa me
[23:15:34] [Render thread/INFO]: [System] [CHAT] Seafox_X_Ocean has reached the goal [Postmortal]
[23:15:34] [Render thread/WARN]: Entity class_746['khanhnotbruh'/2395064, l='ClientLevel', x=-711.27, y=-38.97, z=-823.86] does not have attribute null
[23:15:34] [Render thread/INFO]: [System] [CHAT] FinalMugetsu has reached the goal [Sky's the Limit]
[23:15:34] [Render thread/WARN]: Ignoring player info update for unknown player 5052f66f-eb04-38cb-a2cb-8a3949031b9b
[23:15:34] [Render thread/WARN]: Entity class_746['khanhnotbruh'/2395064, l='ClientLevel', x=-710.05, y=-38.97, z=-825.85] does not have attribute null
[23:15:36] [Render thread/WARN]: Entity class_745['vinhminebk'/2394303, l='ClientLevel', x=-711.38, y=-40.00, z=-823.17] does not have attribute null
[23:15:36] [Render thread/WARN]: Entity class_746['khanhnotbruh'/2395064, l='ClientLevel', x=-710.03, y=-42.03, z=-826.04] does not have attribute null
[23:15:37] [Render thread/WARN]: Entity class_745['vinhminebk'/2394303, l='ClientLevel', x=-711.44, y=-43.00, z=-821.30] does not have attribute null
[23:15:38] [Render thread/WARN]: Entity class_745['vinhminebk'/2394303, l='ClientLevel', x=-711.97, y=-43.03, z=-822.72] does not have attribute null
[23:15:41] [Render thread/WARN]: Entity class_746['khanhnotbruh'/2395064, l='ClientLevel', x=-710.35, y=-44.06, z=-826.94] does not have attribute null
[23:15:43] [Render thread/WARN]: Entity class_745['vinhminebk'/2394303, l='ClientLevel', x=-712.27, y=-41.71, z=-828.04] does not have attribute null
[23:15:43] [Render thread/INFO]: [System] [CHAT] NotHerAgain_: rekit krle
[23:15:44] [Render thread/WARN]: Entity class_745['vinhminebk'/2394303, l='ClientLevel', x=-711.70, y=-42.00, z=-827.77] does not have attribute null
[23:15:44] [Render thread/INFO]: [System] [CHAT] jordanbastiti has made the advancement [Who Needs Rockets?]
[23:15:44] [Render thread/INFO]: [System] [CHAT] onlycheata899 has made the advancement [Monster Hunter]
[23:15:45] [Render thread/WARN]: Entity class_746['khanhnotbruh'/2395064, l='ClientLevel', x=-709.57, y=-45.00, z=-826.80] does not have attribute null
[23:15:45] [Render thread/WARN]: Entity class_745['vinhminebk'/2394303, l='ClientLevel', x=-709.94, y=-45.00, z=-828.70] does not have attribute null
[23:15:45] [Render thread/INFO]: [System] [CHAT] EzCpvper: ?
[23:15:45] [Render thread/INFO]: [System] [CHAT] DarkOakG1222: ezzz
[23:15:46] [Render thread/WARN]: Entity class_745['vinhminebk'/2394303, l='ClientLevel', x=-709.77, y=-43.50, z=-829.33] does not have attribute null
[23:15:49] [Render thread/WARN]: Entity class_746['khanhnotbruh'/2395064, l='ClientLevel', x=-709.33, y=-44.84, z=-827.58] does not have attribute null
[23:15:50] [Render thread/INFO]: [System] [CHAT] HT4_Soon3 has made the advancement [The End?]
[23:15:51] [Render thread/WARN]: Entity class_745['vinhminebk'/2394303, l='ClientLevel', x=-713.25, y=-46.00, z=-825.70] does not have attribute null
[23:15:51] [Render thread/INFO]: [System] [CHAT] Renn_NeverWin: W cw
[23:15:52] [Render thread/WARN]: Entity class_746['khanhnotbruh'/2395064, l='ClientLevel', x=-708.09, y=-48.00, z=-829.70] does not have attribute null
[23:15:53] [Render thread/INFO]: [System] [CHAT] Linzx911 has made the advancement [Not Quite "Nine" Lives]
[23:15:53] [Render thread/INFO]: [System] [CHAT] hoctructuy23 has made the advancement [Monster Hunter]
[23:15:55] [Render thread/WARN]: Entity class_746['khanhnotbruh'/2395064, l='ClientLevel', x=-707.07, y=-46.77, z=-829.54] does not have attribute null
[23:15:55] [Render thread/WARN]: Entity class_745['vinhminebk'/2394303, l='ClientLevel', x=-708.88, y=-48.00, z=-829.70] does not have attribute null
[23:15:55] [Render thread/WARN]: Entity class_746['khanhnotbruh'/2395064, l='ClientLevel', x=-705.13, y=-46.99, z=-829.65] does not have attribute null
[23:16:00] [Render thread/WARN]: Entity class_745['vinhminebk'/2394303, l='ClientLevel', x=-707.64, y=-46.99, z=-829.80] does not have attribute null
[23:16:00] [Render thread/WARN]: Entity class_746['khanhnotbruh'/2395064, l='ClientLevel', x=-704.54, y=-49.00, z=-830.58] does not have attribute null
[23:16:00] [Render thread/INFO]: [System] [CHAT] notimunda has made the advancement [Stone Age]
[23:16:05] [Render thread/WARN]: Entity class_745['vinhminebk'/2394303, l='ClientLevel', x=-705.53, y=-45.00, z=-829.24] does not have attribute null
[23:16:06] [Render thread/WARN]: Entity class_745['vinhminebk'/2394303, l='ClientLevel', x=-705.58, y=-45.00, z=-829.29] does not have attribute null
[23:16:08] [Render thread/WARN]: Ignoring player info update for unknown player 7a6d3eb7-be8a-3d9b-86e6-1fcf31729314
[23:16:08] [Render thread/WARN]: Entity class_746['khanhnotbruh'/2395064, l='ClientLevel', x=-706.72, y=-47.90, z=-826.79] does not have attribute null
[23:16:08] [Render thread/INFO]: [System] [CHAT] -1 Points
[23:16:08] [Render thread/INFO]: [System] [CHAT] +1 Death
[23:16:08] [Render thread/WARN]: Entity class_746['khanhnotbruh'/2395064, l='ClientLevel', x=-707.40, y=-47.54, z=-825.59] does not have attribute null
[23:16:09] [Render thread/INFO]: Stopping worker threads
[23:16:09] [Render thread/INFO]: Started 1 worker threads
[23:16:09] [Render thread/INFO]: Stopping worker threads
[23:16:10] [Render thread/INFO]: Started 1 worker threads
[23:16:10] [Render thread/WARN]: Entity class_746['khanhnotbruh'/2395064, l='ClientLevel', x=0.55, y=65.00, z=-6.49] does not have attribute null
[23:16:10] [Render thread/WARN]: Entity class_745['HillyInnit'/2612238, l='ClientLevel', x=1.75, y=65.00, z=-14.71] does not have attribute null
[23:16:10] [Render thread/WARN]: Entity class_745['Okurka_cz'/2603522, l='ClientLevel', x=1.87, y=65.00, z=-7.40] does not have attribute null
[23:16:10] [Render thread/WARN]: Entity class_745['hoctructuy23'/2600546, l='ClientLevel', x=0.16, y=65.00, z=-13.86] does not have attribute null
[23:16:10] [Render thread/WARN]: Entity class_745['EzCpvper'/2610809, l='ClientLevel', x=2.30, y=65.00, z=-13.83] does not have attribute null
[23:16:10] [Render thread/WARN]: Entity class_745['hoanggiaminh'/2595217, l='ClientLevel', x=0.55, y=65.00, z=-6.49] does not have attribute null
[23:16:10] [Render thread/WARN]: Entity class_745['BadXGood'/2532152, l='ClientLevel', x=0.55, y=65.00, z=-6.49] does not have attribute null
[23:16:10] [Render thread/WARN]: Entity class_745['hoamoichs'/2537195, l='ClientLevel', x=6.84, y=65.06, z=-9.63] does not have attribute null
[23:16:10] [Render thread/WARN]: Entity class_745['International'/2603587, l='ClientLevel', x=6.65, y=65.06, z=-8.27] does not have attribute null
[23:16:10] [Render thread/WARN]: Entity class_745['.Keanpogiy'/2607161, l='ClientLevel', x=0.55, y=65.00, z=-6.49] does not have attribute null
[23:16:10] [Render thread/WARN]: Entity class_745['Pasta168'/2614533, l='ClientLevel', x=0.55, y=65.00, z=-6.49] does not have attribute null
[23:16:10] [Render thread/WARN]: Entity class_745['DeathFalls'/2497776, l='ClientLevel', x=-0.19, y=65.00, z=-13.40] does not have attribute null
[23:16:10] [Render thread/WARN]: Entity class_745['lochoanganhdznha'/2584835, l='ClientLevel', x=-2.78, y=65.00, z=-15.73] does not have attribute null
[23:16:10] [Render thread/WARN]: Entity class_745['MrMooSap'/2569665, l='ClientLevel', x=-3.08, y=65.00, z=-10.38] does not have attribute null
[23:16:10] [Render thread/WARN]: Entity class_745['.KenshinCpvp'/2554030, l='ClientLevel', x=-1.60, y=65.00, z=-5.97] does not have attribute null
[23:16:10] [Render thread/WARN]: Entity class_745['User123name'/2493174, l='ClientLevel', x=-3.08, y=65.00, z=-18.07] does not have attribute null
[23:16:10] [Render thread/WARN]: Entity class_745['caroding'/2579944, l='ClientLevel', x=-17.61, y=65.00, z=-8.35] does not have attribute null
[23:16:10] [Render thread/WARN]: Entity class_745['Tus_Dzg'/2510046, l='ClientLevel', x=8.32, y=72.55, z=-42.92] does not have attribute null
[23:16:10] [Render thread/WARN]: Entity class_745['.Viisxal6897'/2002481, l='ClientLevel', x=-5.17, y=65.06, z=1.08] does not have attribute null
[23:16:11] [Render thread/INFO]: [System] [CHAT] Kit 1 loaded!
[23:16:12] [Render thread/WARN]: Ignoring player info update for unknown player 5f226f4c-dfea-34b2-8aab-ed79b0bee62f
[23:16:12] [Render thread/WARN]: Entity class_745['ShiinaDzai'/2614815, l='ClientLevel', x=0.55, y=65.00, z=-6.49] does not have attribute null
[23:16:12] [Render thread/WARN]: Entity class_745['ShiinaDzai'/2614815, l='ClientLevel', x=0.55, y=65.00, z=-6.49] does not have attribute null
[23:16:12] [Render thread/WARN]: Entity class_745['LzyKnight'/2537468, l='ClientLevel', x=0.55, y=65.00, z=-6.49] does not have attribute null
[23:16:12] [Render thread/WARN]: Entity class_745['ShiinaDzai'/2614815, l='ClientLevel', x=0.55, y=65.00, z=-6.49] does not have attribute null
[23:16:13] [Render thread/WARN]: Entity class_745['International'/2603587, l='ClientLevel', x=7.40, y=65.00, z=-8.74] does not have attribute null
[23:16:13] [Render thread/WARN]: Entity class_745['madercond'/2577100, l='ClientLevel', x=0.55, y=65.00, z=-6.49] does not have attribute null
[23:16:14] [Render thread/INFO]: Stopping worker threads
[23:16:14] [Render thread/INFO]: Started 1 worker threads
[23:16:14] [Render thread/INFO]: Stopping worker threads
[23:16:14] [Render thread/INFO]: Started 1 worker threads
[23:16:14] [Render thread/WARN]: Entity class_746['khanhnotbruh'/2395064, l='ClientLevel', x=-706.86, y=-47.88, z=-826.58] does not have attribute null
[23:16:14] [Render thread/WARN]: Entity class_745['vinhminebk'/2394303, l='ClientLevel', x=-703.82, y=-49.00, z=-825.99] does not have attribute null
[23:16:14] [Render thread/WARN]: Ignoring player info update for unknown player 6403ded2-9d6f-3d8a-83e4-d9e368109f38
[23:16:15] [Render thread/WARN]: Entity class_745['vinhminebk'/2394303, l='ClientLevel', x=-703.82, y=-49.00, z=-825.99] does not have attribute null
[23:16:15] [Render thread/INFO]: [System] [CHAT] .KenshinCpvp has made the advancement [The End?]
[23:16:17] [Render thread/WARN]: Entity class_745['vinhminebk'/2394303, l='ClientLevel', x=-705.76, y=-49.00, z=-826.57] does not have attribute null
[23:16:17] [Render thread/WARN]: Entity class_746['khanhnotbruh'/2395064, l='ClientLevel', x=-711.70, y=-48.00, z=-824.83] does not have attribute null
[23:16:20] [Render thread/WARN]: Ignoring player info update for unknown player 0241edef-2860-4c62-977b-eebaa4fb7ec8
[23:16:21] [Render thread/WARN]: Entity class_746['khanhnotbruh'/2395064, l='ClientLevel', x=-713.70, y=-50.00, z=-824.70] does not have attribute null
[23:16:22] [Render thread/WARN]: Entity class_746['khanhnotbruh'/2395064, l='ClientLevel', x=-712.68, y=-51.00, z=-825.35] does not have attribute null
[23:16:24] [Render thread/WARN]: Ignoring player info update for unknown player a59839c9-7a7b-3c8c-8bd2-d3e07d922da3
[23:16:24] [Render thread/INFO]: [System] [CHAT] Kai_zu33 has reached the goal [Postmortal]
[23:16:25] [Render thread/WARN]: Ignoring player info update for unknown player 6fef4e3a-c7ce-36fa-8067-978b9154f8b7
[23:16:25] [Render thread/WARN]: Entity class_745['vinhminebk'/2394303, l='ClientLevel', x=-709.15, y=-53.93, z=-824.37] does not have attribute null
[23:16:25] [Render thread/WARN]: Entity class_746['khanhnotbruh'/2395064, l='ClientLevel', x=-711.89, y=-52.93, z=-825.75] does not have attribute null
[23:16:26] [Render thread/WARN]: Entity class_746['khanhnotbruh'/2395064, l='ClientLevel', x=-712.70, y=-54.99, z=-826.05] does not have attribute null
[23:16:26] [Render thread/WARN]: Entity class_745['vinhminebk'/2394303, l='ClientLevel', x=-709.34, y=-55.00, z=-823.73] does not have attribute null
[23:16:27] [Render thread/INFO]: [System] [CHAT] Salut_Sor has made the advancement [Not Quite "Nine" Lives]
[23:16:28] [Render thread/WARN]: Entity class_746['khanhnotbruh'/2395064, l='ClientLevel', x=-713.70, y=-54.88, z=-825.99] does not have attribute null
[23:16:28] [Render thread/WARN]: Entity class_745['vinhminebk'/2394303, l='ClientLevel', x=-710.06, y=-55.98, z=-825.10] does not have attribute null
[23:16:28] [Render thread/INFO]: [System] [CHAT] Pasta168 has completed the challenge [Cover Me in Debris]
[23:16:28] [Render thread/INFO]: [System] [CHAT] Pasta168 has reached the goal [Sky's the Limit]
[23:16:28] [Render thread/INFO]: [System] [CHAT] Pasta168 has made the advancement [Ice Bucket Challenge]
[23:16:29] [Render thread/WARN]: Entity class_746['khanhnotbruh'/2395064, l='ClientLevel', x=-716.06, y=-55.00, z=-826.58] does not have attribute null
[23:16:30] [Render thread/WARN]: Entity class_746['khanhnotbruh'/2395064, l='ClientLevel', x=-717.49, y=-55.00, z=-825.72] does not have attribute null
[23:16:31] [Render thread/INFO]: [System] [CHAT] Pasta168 has reached the goal [Postmortal]
[23:16:33] [Render thread/INFO]: [System] [CHAT] Aarav_Raj25 has made the advancement [The End?]
[23:16:33] [Render thread/WARN]: Entity class_746['khanhnotbruh'/2395064, l='ClientLevel', x=-719.02, y=-55.14, z=-824.15] does not have attribute null
[23:16:33] [Render thread/WARN]: Entity class_745['vinhminebk'/2394303, l='ClientLevel', x=-715.69, y=-56.00, z=-826.39] does not have attribute null
[23:16:34] [Render thread/WARN]: Entity class_746['khanhnotbruh'/2395064, l='ClientLevel', x=-719.70, y=-57.00, z=-823.30] does not have attribute null
[23:16:34] [Render thread/WARN]: Entity class_745['vinhminebk'/2394303, l='ClientLevel', x=-715.15, y=-56.99, z=-827.25] does not have attribute null
[23:16:34] [Render thread/INFO]: [System] [CHAT] International has made the advancement [Stone Age]
[23:16:36] [Render thread/WARN]: Entity class_746['khanhnotbruh'/2395064, l='ClientLevel', x=-716.17, y=-59.00, z=-827.36] does not have attribute null
[23:16:37] [Render thread/INFO]: [System] [CHAT] Gxrio: chillout bro-_-
[23:16:37] [Render thread/WARN]: Ignoring player info update for unknown player d2fd46bc-d6ec-3a39-ae4e-9332442b1d07
[23:16:37] [Render thread/WARN]: Entity class_746['khanhnotbruh'/2395064, l='ClientLevel', x=-715.30, y=-60.00, z=-827.30] does not have attribute null
[23:16:38] [Render thread/INFO]: [System] [CHAT] Aarav_Raj25 has reached the goal [Postmortal]
[23:16:38] [Render thread/WARN]: Entity class_745['vinhminebk'/2394303, l='ClientLevel', x=-716.46, y=-59.39, z=-823.94] does not have attribute null
[23:16:39] [Render thread/INFO]: [System] [CHAT] Coldzeyy__: i got cooked in sword-_-
[23:16:39] [Render thread/WARN]: Entity class_746['khanhnotbruh'/2395064, l='ClientLevel', x=-714.28, y=-62.00, z=-828.42] does not have attribute null
[23:16:39] [Render thread/WARN]: Entity class_745['vinhminebk'/2394303, l='ClientLevel', x=-716.38, y=-61.00, z=-823.70] does not have attribute null
[23:16:40] [Render thread/INFO]: [System] [CHAT] Telesto_ww has made the advancement [Not Quite "Nine" Lives]
[23:16:41] [Render thread/WARN]: Entity class_746['khanhnotbruh'/2395064, l='ClientLevel', x=-714.18, y=-63.00, z=-828.70] does not have attribute null
[23:16:44] [Render thread/WARN]: Entity class_745['vinhminebk'/2394303, l='ClientLevel', x=-716.95, y=-63.00, z=-823.70] does not have attribute null
[23:16:44] [Render thread/INFO]: [System] [CHAT] NotProKing has made the advancement [Monster Hunter]
[23:16:45] [Render thread/WARN]: Entity class_746['khanhnotbruh'/2395064, l='ClientLevel', x=-719.74, y=-62.73, z=-824.51] does not have attribute null
[23:16:45] [Render thread/WARN]: Entity class_745['vinhminebk'/2394303, l='ClientLevel', x=-716.98, y=-63.00, z=-823.70] does not have attribute null
[23:16:47] [Render thread/WARN]: Ignoring player info update for unknown player 877a06a6-492b-3052-a27e-9b336642580e
[23:16:49] [Render thread/INFO]: [System] [CHAT] .CV_qrzzzzz has reached the goal [Postmortal]
[23:16:50] [Render thread/INFO]: [System] [CHAT] onlycheata899 has made the advancement [Stone Age]
[23:16:50] [Render thread/INFO]: [System] [CHAT] Gxrio: no you didnt-_-
[23:16:50] [Render thread/WARN]: Entity class_745['vinhminebk'/2394303, l='ClientLevel', x=-717.30, y=-62.44, z=-831.70] does not have attribute null
[23:16:50] [Render thread/INFO]: [System] [CHAT] Telesto_ww has reached the goal [Postmortal]
[23:16:51] [Render thread/WARN]: Entity class_746['khanhnotbruh'/2395064, l='ClientLevel', x=-713.06, y=-62.50, z=-824.90] does not have attribute null
[23:16:52] [Render thread/INFO]: [System] [CHAT] man3p3ar has completed the challenge [Over-Overkill]
[23:16:53] [Render thread/WARN]: Entity class_746['khanhnotbruh'/2395064, l='ClientLevel', x=-715.02, y=-61.75, z=-828.59] does not have attribute null
[23:16:53] [Render thread/WARN]: Entity class_745['vinhminebk'/2394303, l='ClientLevel', x=-718.23, y=-62.00, z=-831.37] does not have attribute null
[23:16:53] [Render thread/INFO]: [System] [CHAT] ShiinaDzai has reached the goal [Postmortal]
[23:16:54] [Render thread/WARN]: Ignoring player info update for unknown player 378b2067-3c22-4969-a225-1a2919a9bc51
[23:16:56] [Render thread/INFO]: [System] [CHAT] 
[23:16:56] [Render thread/INFO]: [System] [CHAT]  Seafox_X_Ocean ᴡᴀs ᴋɪᴄᴋᴇᴅ ʙʏ  
[23:16:56] [Render thread/WARN]: Entity class_746['khanhnotbruh'/2395064, l='ClientLevel', x=-716.01, y=-60.69, z=-830.63] does not have attribute null
[23:16:56] [Render thread/WARN]: Entity class_745['vinhminebk'/2394303, l='ClientLevel', x=-716.70, y=-63.00, z=-828.18] does not have attribute null
[23:16:57] [Render thread/INFO]: [System] [CHAT] SnowySaki: s4
[23:16:58] [Render thread/WARN]: Ignoring player info update for unknown player 56019dc1-092d-495f-932a-cc9b681b62e3
[23:17:01] [Render thread/WARN]: Entity class_745['vinhminebk'/2394303, l='ClientLevel', x=-715.20, y=-63.00, z=-827.21] does not have attribute null
[23:17:01] [Render thread/WARN]: Entity class_745['vinhminebk'/2394303, l='ClientLevel', x=-714.05, y=-63.00, z=-828.83] does not have attribute null
[23:17:04] [Render thread/INFO]: [System] [CHAT] Coldzeyy__: yes i did i got cooked in sword-_-
[23:17:06] [Render thread/WARN]: Entity class_745['vinhminebk'/2394303, l='ClientLevel', x=-716.70, y=-62.94, z=-833.68] does not have attribute null
[23:17:06] [Render thread/WARN]: Entity class_745['vinhminebk'/2394303, l='ClientLevel', x=-716.72, y=-62.85, z=-833.88] does not have attribute null
[23:17:07] [Render thread/INFO]: [System] [CHAT] .KenshinCpvp has reached the goal [Postmortal]
[23:17:07] [Render thread/WARN]: Entity class_745['vinhminebk'/2394303, l='ClientLevel', x=-711.19, y=-62.29, z=-836.30] does not have attribute null
[23:17:09] [Render thread/WARN]: Entity class_745['vinhminebk'/2394303, l='ClientLevel', x=-709.27, y=-63.00, z=-838.20] does not have attribute null
[23:17:10] [Render thread/INFO]: [System] [CHAT] Gxrio: nahh
[23:17:10] [Render thread/WARN]: Entity class_746['khanhnotbruh'/2395064, l='ClientLevel', x=-710.25, y=-63.00, z=-836.50] does not have attribute null
[23:17:12] [Render thread/INFO]: [System] [CHAT] ShiinaDzai has made the advancement [Stone Age]
[23:17:12] [Render thread/INFO]: [System] [CHAT] FMLTUN has made the advancement [Stone Age]
[23:17:13] [Render thread/WARN]: Ignoring player info update for unknown player b31779d7-fff4-30a0-ac00-f18f227023c4
[23:17:13] [Render thread/INFO]: [System] [CHAT] Seafox_X_Ocean has made the advancement [The End?]
[23:17:13] [Render thread/INFO]: [System] [CHAT] (⚔) MafangFento killed .KN7_SASUKE.
[23:17:14] [Render thread/WARN]: Entity class_745['vinhminebk'/2394303, l='ClientLevel', x=-714.08, y=-63.00, z=-823.41] does not have attribute null
[23:17:15] [Render thread/WARN]: Entity class_746['khanhnotbruh'/2395064, l='ClientLevel', x=-719.10, y=-63.00, z=-820.99] does not have attribute null
[23:17:17] [Render thread/WARN]: Entity class_745['vinhminebk'/2394303, l='ClientLevel', x=-705.63, y=-62.00, z=-829.32] does not have attribute null
[23:17:17] [Render thread/INFO]: [System] [CHAT] Seafox_X_Ocean has reached the goal [Postmortal]
[23:17:19] [Render thread/INFO]: [System] [CHAT] madercond: lt3 tpa me
[23:17:20] [Render thread/INFO]: [System] [CHAT] OunTamafia has made the advancement [The End?]
[23:17:20] [Render thread/WARN]: Ignoring player info update for unknown player bea242fa-19d4-4731-846c-e0cad35d0df5
[23:17:22] [Render thread/INFO]: [System] [CHAT] Renn_NeverWin has made the advancement [Stone Age]
[23:17:22] [Render thread/WARN]: Ignoring player info update for unknown player 5db6f8b6-7309-4688-936a-3a437e6b53e8
[23:17:24] [Render thread/WARN]: Entity class_745['vinhminebk'/2394303, l='ClientLevel', x=-720.47, y=-63.00, z=-832.25] does not have attribute null
[23:17:25] [Render thread/WARN]: Entity class_745['vinhminebk'/2394303, l='ClientLevel', x=-721.03, y=-63.00, z=-831.64] does not have attribute null
[23:17:25] [Render thread/INFO]: [System] [CHAT] madercond: lt3 tpa me
[23:17:29] [Render thread/INFO]: [System] [CHAT] madercond: lt3 tpa me
[23:17:30] [Render thread/WARN]: Entity class_745['vinhminebk'/2394303, l='ClientLevel', x=-707.46, y=-63.00, z=-824.42] does not have attribute null
[23:17:35] [Render thread/INFO]: [System] [CHAT] (☠) jordanbastiti fell from a high spot.
[23:17:36] [Render thread/WARN]: Entity class_746['khanhnotbruh'/2395064, l='ClientLevel', x=-722.70, y=-62.06, z=-834.78] does not have attribute null
[23:17:38] [Render thread/INFO]: [System] [CHAT] -1 Points
[23:17:38] [Render thread/INFO]: [System] [CHAT] +1 Death
[23:17:38] [Render thread/WARN]: Entity class_746['khanhnotbruh'/2395064, l='ClientLevel', x=-724.01, y=-63.00, z=-833.55] does not have attribute null
[23:17:39] [Render thread/INFO]: Stopping worker threads
[23:17:39] [Render thread/INFO]: Started 1 worker threads
[23:17:39] [Render thread/INFO]: Stopping worker threads
[23:17:39] [Render thread/INFO]: Started 1 worker threads
[23:17:39] [Render thread/WARN]: Entity class_746['khanhnotbruh'/2395064, l='ClientLevel', x=0.55, y=65.00, z=-6.49] does not have attribute null
[23:17:39] [Render thread/WARN]: Entity class_745['HillyInnit'/2612238, l='ClientLevel', x=5.90, y=65.06, z=-8.98] does not have attribute null
[23:17:39] [Render thread/WARN]: Entity class_745['Okurka_cz'/2603522, l='ClientLevel', x=1.87, y=65.00, z=-7.40] does not have attribute null
[23:17:39] [Render thread/WARN]: Entity class_745['Salut_Sor'/2506488, l='ClientLevel', x=0.95, y=65.00, z=-8.06] does not have attribute null
[23:17:39] [Render thread/WARN]: Entity class_745['notimunda'/2592768, l='ClientLevel', x=0.01, y=65.00, z=-12.11] does not have attribute null
[23:17:39] [Render thread/WARN]: Entity class_745['BadXGood'/2532152, l='ClientLevel', x=0.55, y=65.00, z=-6.49] does not have attribute null
[23:17:39] [Render thread/WARN]: Entity class_745['Atranyx_'/2616016, l='ClientLevel', x=0.90, y=65.00, z=-8.40] does not have attribute null
[23:17:39] [Render thread/WARN]: Entity class_745['.Sat_Sali'/2553638, l='ClientLevel', x=0.55, y=65.00, z=-6.49] does not have attribute null
[23:17:39] [Render thread/WARN]: Entity class_745['jordanbastiti'/2551038, l='ClientLevel', x=0.55, y=65.00, z=-6.49] does not have attribute null
[23:17:39] [Render thread/WARN]: Entity class_745['hoctructuy23'/2600546, l='ClientLevel', x=0.55, y=65.00, z=-6.49] does not have attribute null
[23:17:39] [Render thread/WARN]: Entity class_745['DeathFalls'/2497776, l='ClientLevel', x=-0.19, y=65.00, z=-13.40] does not have attribute null
[23:17:39] [Render thread/WARN]: Entity class_745['lochoanganhdznha'/2584835, l='ClientLevel', x=-2.78, y=65.00, z=-15.73] does not have attribute null
[23:17:39] [Render thread/WARN]: Entity class_745['MrMooSap'/2569665, l='ClientLevel', x=-3.08, y=65.00, z=-10.38] does not have attribute null
[23:17:39] [Render thread/WARN]: Entity class_745['.MCR_YIN'/2555952, l='ClientLevel', x=-2.70, y=65.00, z=-6.30] does not have attribute null
[23:17:39] [Render thread/WARN]: Entity class_745['Exclusv'/2618054, l='ClientLevel', x=0.61, y=65.00, z=-19.68] does not have attribute null
[23:17:39] [Render thread/WARN]: Entity class_745['.Viisxal6897'/2002481, l='ClientLevel', x=-5.17, y=65.06, z=1.08] does not have attribute null
[23:17:39] [Render thread/WARN]: Entity class_745['hoamoichs'/2537195, l='ClientLevel', x=-3.16, y=65.00, z=-18.87] does not have attribute null
[23:17:40] [Render thread/WARN]: Entity class_745['ShiinaDzai'/2614815, l='ClientLevel', x=0.55, y=65.00, z=-6.49] does not have attribute null
[23:17:40] [Render thread/WARN]: Entity class_745['ReySixSevenXD_'/2621392, l='ClientLevel', x=-22.74, y=65.00, z=-17.61] does not have attribute null
[23:17:40] [Render thread/WARN]: Entity class_745['91sttV1'/2588280, l='ClientLevel', x=0.55, y=65.00, z=-6.49] does not have attribute null
[23:17:40] [Render thread/INFO]: [System] [CHAT] Unknown command. Type "/help" for help.
[23:17:41] [Render thread/WARN]: Ignoring player info update for unknown player 67e8b884-7bbb-406b-affd-a2b4b3386e8c
[23:17:41] [Render thread/WARN]: Entity class_745['DoyXen'/2622842, l='ClientLevel', x=0.55, y=65.00, z=-6.49] does not have attribute null
[23:17:41] [Render thread/WARN]: Entity class_745['International'/2603587, l='ClientLevel', x=0.55, y=65.00, z=-6.49] does not have attribute null
[23:17:41] [Render thread/WARN]: Entity class_745['DoyXen'/2622842, l='ClientLevel', x=0.55, y=65.00, z=-6.49] does not have attribute null
[23:17:41] [Render thread/WARN]: Entity class_745['CuSutThanSau'/2530962, l='ClientLevel', x=0.55, y=65.00, z=-6.49] does not have attribute null
[23:17:42] [Render thread/WARN]: Entity class_745['notimunda'/2592768, l='ClientLevel', x=0.53, y=65.00, z=-11.94] does not have attribute null
[23:17:42] [Render thread/INFO]: [System] [CHAT] Kit 1 loaded!
[23:17:42] [Render thread/WARN]: Entity class_745['Realitz_Zyntrax'/2549780, l='ClientLevel', x=0.55, y=65.00, z=-6.49] does not have attribute null
[23:17:43] [Render thread/WARN]: Entity class_745['notimunda'/2592768, l='ClientLevel', x=0.53, y=65.00, z=-11.94] does not have attribute null
[23:17:44] [Render thread/WARN]: Entity class_745['.Sat_Sali'/2553638, l='ClientLevel', x=-0.47, y=65.00, z=-5.39] does not have attribute null
[23:17:44] [Render thread/INFO]: [System] [CHAT] Kai_zu33 has made the advancement [Stone Age]
[23:17:44] [Render thread/INFO]: [System] [CHAT] 
[23:17:44] [Render thread/INFO]: [System] [CHAT]  Seafox_X_Ocean ᴡᴀs ᴋɪᴄᴋᴇᴅ ʙʏ  
[23:17:44] [Render thread/INFO]: [System] [CHAT] Kit 2 loaded!
[23:17:44] [Render thread/WARN]: Entity class_745['KlajKdorAhNaHa_'/2567162, l='ClientLevel', x=0.55, y=65.00, z=-6.49] does not have attribute null
[23:17:44] [Render thread/WARN]: Entity class_745['Salut_Sor'/2506488, l='ClientLevel', x=10.25, y=65.00, z=-9.65] does not have attribute null
[23:17:44] [Render thread/WARN]: Entity class_745['Pio'/2583585, l='ClientLevel', x=0.55, y=65.00, z=-6.49] does not have attribute null
[23:17:46] [Render thread/INFO]: [System] [CHAT] Crazixx_ has reached the goal [Postmortal]
[23:17:46] [Render thread/WARN]: Entity class_745['International'/2603587, l='ClientLevel', x=7.55, y=65.00, z=-8.56] does not have attribute null
[23:17:46] [Render thread/INFO]: [System] [CHAT] .MCR_YIN has made the advancement [The End?]
[23:17:46] [Render thread/WARN]: Ignoring player info update for unknown player 56019dc1-092d-495f-932a-cc9b681b62e3
[23:17:46] [Render thread/WARN]: Entity class_745['Seafox_X_Ocean'/2623260, l='ClientLevel', x=0.55, y=65.00, z=-6.49] does not have attribute null
[23:17:46] [Render thread/WARN]: Entity class_745['Seafox_X_Ocean'/2623260, l='ClientLevel', x=0.55, y=65.00, z=-6.49] does not have attribute null
[23:17:47] [Render thread/WARN]: Entity class_745['hoamoichs'/2537195, l='ClientLevel', x=7.51, y=65.00, z=-9.02] does not have attribute null
[23:17:48] [Render thread/WARN]: Entity class_745['STYLE_TH'/2561830, l='ClientLevel', x=0.55, y=65.00, z=-6.49] does not have attribute null
[23:17:48] [Render thread/INFO]: [System] [CHAT] Sent teleport request to vinhminebk.
[23:17:48] [Render thread/WARN]: Ignoring player info update for unknown player 6c0dc00b-2fb2-3cb8-8496-8bba1c84f687
[23:17:48] [Render thread/WARN]: Entity class_745['MRHENG94'/2623368, l='ClientLevel', x=0.55, y=65.00, z=-6.49] does not have attribute null
[23:17:48] [Render thread/WARN]: Entity class_745['MRHENG94'/2623368, l='ClientLevel', x=0.55, y=65.00, z=-6.49] does not have attribute null
[23:17:49] [Render thread/WARN]: Entity class_745['Salut_Sor'/2506488, l='ClientLevel', x=0.55, y=65.00, z=-6.49] does not have attribute null
[23:17:49] [Render thread/WARN]: Ignoring player info update for unknown player a59839c9-7a7b-3c8c-8bd2-d3e07d922da3
[23:17:49] [Render thread/WARN]: Entity class_745['myticguy'/2623501, l='ClientLevel', x=0.55, y=65.00, z=-6.49] does not have attribute null
[23:17:49] [Render thread/WARN]: Entity class_745['myticguy'/2623501, l='ClientLevel', x=0.55, y=65.00, z=-6.49] does not have attribute null
[23:17:49] [Render thread/WARN]: Entity class_745['Seafox_X_Ocean'/2623260, l='ClientLevel', x=-0.04, y=65.00, z=-10.86] does not have attribute null
[23:17:49] [Render thread/WARN]: Entity class_745['hoamoichs'/2537195, l='ClientLevel', x=7.51, y=65.00, z=-9.02] does not have attribute null
[23:17:49] [Render thread/WARN]: Entity class_745['Renn_NeverWin'/2603367, l='ClientLevel', x=0.55, y=65.00, z=-6.49] does not have attribute null
[23:17:50] [Render thread/WARN]: Entity class_745['nischc'/2405181, l='ClientLevel', x=0.55, y=65.00, z=-6.49] does not have attribute null
[23:17:50] [Render thread/WARN]: Entity class_745['Kai_zu33'/2610403, l='ClientLevel', x=0.55, y=65.00, z=-6.49] does not have attribute null
[23:17:50] [Render thread/WARN]: Entity class_745['khoiday_'/2620685, l='ClientLevel', x=0.55, y=65.00, z=-6.49] does not have attribute null
[23:17:50] [Render thread/WARN]: Entity class_746['khanhnotbruh'/2395064, l='ClientLevel', x=1.16, y=66.25, z=-12.84] does not have attribute null
[23:17:51] [Render thread/WARN]: Entity class_745['hoamoichs'/2537195, l='ClientLevel', x=7.51, y=65.00, z=-9.02] does not have attribute null
[23:17:52] [Render thread/WARN]: Entity class_745['hoamoichs'/2537195, l='ClientLevel', x=7.51, y=65.00, z=-9.02] does not have attribute null
[23:17:53] [Render thread/INFO]: [System] [CHAT] 
[23:17:53] [Render thread/INFO]: [System] [CHAT]  onlycheata899 ᴡᴀs ᴋɪᴄᴋᴇᴅ ʙʏ  
[23:17:53] [Render thread/INFO]: [System] [CHAT] Hey! Sorry, but you can't break that block here.
[23:17:54] [Render thread/WARN]: Entity class_745['Salut_Sor'/2506488, l='ClientLevel', x=11.50, y=65.00, z=-11.63] does not have attribute null
[23:17:55] [Render thread/WARN]: Entity class_745['NotProKing'/2560403, l='ClientLevel', x=0.55, y=65.00, z=-6.49] does not have attribute null
[23:17:55] [Render thread/WARN]: Entity class_745['caroding'/2579944, l='ClientLevel', x=0.55, y=65.00, z=-6.49] does not have attribute null
[23:17:55] [Render thread/WARN]: Entity class_745['MENG_KISS'/2609013, l='ClientLevel', x=0.55, y=65.00, z=-6.49] does not have attribute null
[23:17:56] [Render thread/WARN]: Entity class_745['Seafox_X_Ocean'/2623260, l='ClientLevel', x=-0.04, y=65.00, z=-10.86] does not have attribute null
[23:17:56] [Render thread/WARN]: Ignoring player info update for unknown player 7f7cb843-0157-4b32-b894-3ecff612842f
[23:17:56] [Render thread/WARN]: Entity class_745['onlycheata899'/2624092, l='ClientLevel', x=0.55, y=65.00, z=-6.49] does not have attribute null
[23:17:56] [Render thread/WARN]: Entity class_745['onlycheata899'/2624092, l='ClientLevel', x=0.55, y=65.00, z=-6.49] does not have attribute null
[23:17:56] [Render thread/INFO]: Stopping worker threads
[23:17:56] [Render thread/INFO]: Started 1 worker threads
[23:17:56] [Render thread/INFO]: Stopping worker threads
[23:17:56] [Render thread/INFO]: Started 1 worker threads
[23:17:56] [Render thread/WARN]: Entity class_746['khanhnotbruh'/2395064, l='ClientLevel', x=-39.24, y=65.00, z=960.43] does not have attribute null
[23:17:56] [Render thread/INFO]: [System] [CHAT] CPVP » vinhminebk accepted your teleport request!
[23:17:57] [Render thread/INFO]: [System] [CHAT] Seafox_X_Ocean has made the advancement [The End?]
[23:17:57] [Render thread/INFO]: [System] [CHAT] ShiinaDzai has made the advancement [The End?]
[23:17:57] [Render thread/WARN]: Entity class_745['vinhminebk'/2394303, l='ClientLevel', x=-39.24, y=65.00, z=960.43] does not have attribute null
[23:18:00] [Render thread/INFO]: [System] [CHAT] Seafox_X_Ocean has reached the goal [Postmortal]
[23:18:03] [Render thread/WARN]: Entity class_746['khanhnotbruh'/2395064, l='ClientLevel', x=-37.70, y=65.00, z=961.53] does not have attribute null
[23:18:03] [Render thread/WARN]: Entity class_745['vinhminebk'/2394303, l='ClientLevel', x=-63.22, y=62.07, z=958.62] does not have attribute null
[23:18:05] [Render thread/INFO]: [System] [CHAT] hoanggiaminh has made the advancement [The End?]
[23:18:06] [Render thread/WARN]: Ignoring player info update for unknown player 3be33f7e-3fda-33f0-9a59-8700fcb7da46
[23:18:06] [Render thread/WARN]: Entity class_746['khanhnotbruh'/2395064, l='ClientLevel', x=-39.19, y=65.75, z=964.17] does not have attribute null
[23:18:09] [Render thread/INFO]: [System] [CHAT] .KingFoxSTA: nv slow ey tt vei
[23:18:09] [Render thread/WARN]: Entity class_746['khanhnotbruh'/2395064, l='ClientLevel', x=-56.89, y=62.01, z=961.29] does not have attribute null
[23:18:10] [Render thread/WARN]: Ignoring player info update for unknown player 00a633e6-55e4-440c-9164-49d56b47b3c4
[23:18:11] [Render thread/INFO]: [System] [CHAT] Aarav_Raj25 has made the advancement [Stone Age]
[23:18:14] [Render thread/WARN]: Entity class_746['khanhnotbruh'/2395064, l='ClientLevel', x=-56.15, y=62.00, z=960.75] does not have attribute null
[23:18:17] [Render thread/INFO]: [System] [CHAT] 
[23:18:17] [Render thread/INFO]: [System] [CHAT]  notimunda ᴡᴀs ᴋɪᴄᴋᴇᴅ ʙʏ  
[23:18:18] [Render thread/WARN]: Ignoring player info update for unknown player 00a633e6-55e4-440c-9164-49d56b47b3c4
[23:18:18] [Render thread/WARN]: Entity class_746['khanhnotbruh'/2395064, l='ClientLevel', x=-55.70, y=44.40, z=952.87] does not have attribute null
[23:18:19] [Render thread/WARN]: Entity class_745['vinhminebk'/2394303, l='ClientLevel', x=-53.43, y=44.02, z=953.69] does not have attribute null
[23:18:22] [Render thread/WARN]: Entity class_746['khanhnotbruh'/2395064, l='ClientLevel', x=-58.70, y=41.11, z=949.36] does not have attribute null
[23:18:23] [Render thread/INFO]: [System] [CHAT] onlycheata899 has reached the goal [Postmortal]
[23:18:24] [Render thread/WARN]: Entity class_746['khanhnotbruh'/2395064, l='ClientLevel', x=-58.83, y=40.04, z=948.06] does not have attribute null
[23:18:24] [Render thread/WARN]: Entity class_746['khanhnotbruh'/2395064, l='ClientLevel', x=-59.35, y=39.05, z=947.30] does not have attribute null
[23:18:25] [Render thread/WARN]: Ignoring player info update for unknown player b7eb3e98-ed8c-3b06-936b-846217ea1d4c
[23:18:26] [Render thread/INFO]: [System] [CHAT] Crazixx_ has made the advancement [Stone Age]
[23:18:28] [Render thread/INFO]: [System] [CHAT] ThatBrookGuy1 has made the advancement [Ol' Betsy]
[23:18:28] [Render thread/INFO]: [System] [CHAT] ThatBrookGuy1 has made the advancement [Take Aim]
[23:18:29] [Render thread/INFO]: [System] [CHAT] madercond: lt3 tpa me
[23:18:29] [Render thread/WARN]: Entity class_746['khanhnotbruh'/2395064, l='ClientLevel', x=-60.30, y=39.00, z=945.92] does not have attribute null
[23:18:30] [Render thread/INFO]: [System] [CHAT] FinalMugetsu has completed the challenge [Over-Overkill]
[23:18:30] [Render thread/WARN]: Entity class_746['khanhnotbruh'/2395064, l='ClientLevel', x=-60.28, y=37.00, z=945.40] does not have attribute null
[23:18:30] [Render thread/WARN]: Entity class_745['vinhminebk'/2394303, l='ClientLevel', x=-57.15, y=36.00, z=951.06] does not have attribute null
[23:18:33] [Render thread/INFO]: [System] [CHAT] Pasta168 has made the advancement [Stone Age]
[23:18:34] [Render thread/WARN]: Entity class_745['vinhminebk'/2394303, l='ClientLevel', x=-58.04, y=37.00, z=945.31] does not have attribute null
[23:18:36] [Render thread/INFO]: [System] [CHAT] Seyhafu: acc mk
[23:18:37] [Render thread/WARN]: Entity class_746['khanhnotbruh'/2395064, l='ClientLevel', x=-60.35, y=38.00, z=945.56] does not have attribute null
[23:18:39] [Render thread/WARN]: Entity class_746['khanhnotbruh'/2395064, l='ClientLevel', x=-60.39, y=38.15, z=945.30] does not have attribute null
[23:18:39] [Render thread/WARN]: Entity class_746['khanhnotbruh'/2395064, l='ClientLevel', x=-60.48, y=38.21, z=945.30] does not have attribute null
[23:18:39] [Render thread/WARN]: Entity class_746['khanhnotbruh'/2395064, l='ClientLevel', x=-63.99, y=40.29, z=945.00] does not have attribute null
[23:18:40] [Render thread/INFO]: [System] [CHAT] madercond: lt3 tpa me
[23:18:41] [Render thread/INFO]: [System] [CHAT] KlajKdorAhNaHa_ has made the advancement [Stone Age]
[23:18:42] [Render thread/WARN]: Entity class_745['vinhminebk'/2394303, l='ClientLevel', x=-56.38, y=37.00, z=945.60] does not have attribute null
[23:18:42] [Render thread/WARN]: Entity class_746['khanhnotbruh'/2395064, l='ClientLevel', x=-63.67, y=38.00, z=944.30] does not have attribute null
[23:18:43] [Render thread/INFO]: [System] [CHAT] MeTooNoob has made the advancement [Monster Hunter]
[23:18:44] [Render thread/INFO]: [System] [CHAT] JTM_MIKILA has made the advancement [Stone Age]
[23:18:44] [Render thread/WARN]: Entity class_746['khanhnotbruh'/2395064, l='ClientLevel', x=-63.35, y=38.00, z=944.30] does not have attribute null
[23:18:45] [Render thread/INFO]: [System] [CHAT] notimunda has reached the goal [Postmortal]
[23:18:46] [Render thread/WARN]: Entity class_745['vinhminebk'/2394303, l='ClientLevel', x=-60.76, y=36.00, z=948.33] does not have attribute null
[23:18:47] [Render thread/WARN]: Entity class_746['khanhnotbruh'/2395064, l='ClientLevel', x=-63.32, y=35.95, z=943.97] does not have attribute null
[23:18:47] [Render thread/WARN]: Entity class_745['vinhminebk'/2394303, l='ClientLevel', x=-61.05, y=36.00, z=948.00] does not have attribute null
[23:18:47] [Render thread/INFO]: [System] [CHAT] onlycheata899 has made the advancement [Stone Age]
[23:18:48] [Render thread/INFO]: [System] [CHAT] .KingFoxSTA: nv slow ey tt vei
[23:18:49] [Render thread/INFO]: [System] [CHAT] madercond: lt3 tpa me
[23:18:50] [Render thread/WARN]: Entity class_745['vinhminebk'/2394303, l='ClientLevel', x=-61.35, y=34.12, z=948.49] does not have attribute null
[23:18:50] [Render thread/INFO]: [System] [CHAT] 
[23:18:50] [Render thread/INFO]: [System] [CHAT]  Seafox_X_Ocean ᴡᴀs ᴋɪᴄᴋᴇᴅ ʙʏ  
[23:18:50] [Render thread/INFO]: [System] [CHAT] myticguy has reached the goal [Postmortal]
[23:18:52] [Render thread/INFO]: [System] [CHAT] madercond: lt3 tpa me
[23:18:53] [Render thread/WARN]: Ignoring player info update for unknown player 56019dc1-092d-495f-932a-cc9b681b62e3
[23:18:54] [Render thread/INFO]: [System] [CHAT] HillyInnit has reached the goal [Postmortal]
[23:18:55] [Render thread/WARN]: Entity class_745['vinhminebk'/2394303, l='ClientLevel', x=-61.15, y=31.74, z=945.07] does not have attribute null
[23:18:57] [Render thread/INFO]: [System] [CHAT] ThatBrookGuy1 has made the advancement [The End?]
[23:18:58] [Render thread/WARN]: Ignoring player info update for unknown player 0ef8e6a2-d95e-4157-99ca-0f5c0e8f5934
[23:19:01] [Render thread/WARN]: Entity class_745['vinhminebk'/2394303, l='ClientLevel', x=-61.36, y=28.00, z=944.10] does not have attribute null
[23:19:01] [Render thread/INFO]: [System] [CHAT] madercond: lt3 tpa me
[23:19:01] [Render thread/WARN]: Ignoring player info update for unknown player 17c9841b-cf44-3d24-842d-4aa7b6254b2a
[23:19:01] [Render thread/INFO]: [System] [CHAT] Seafox_X_Ocean has made the advancement [The End?]
[23:19:03] [Render thread/INFO]: [System] [CHAT] DoyXen has reached the goal [Postmortal]
[23:19:03] [Render thread/WARN]: Entity class_745['vinhminebk'/2394303, l='ClientLevel', x=-61.49, y=28.00, z=943.84] does not have attribute null
[23:19:03] [Render thread/INFO]: [System] [CHAT] Renn_NeverWin: ezz runner
[23:19:03] [Render thread/WARN]: Entity class_746['khanhnotbruh'/2395064, l='ClientLevel', x=-65.30, y=32.00, z=945.11] does not have attribute null
[23:19:04] [Render thread/WARN]: Entity class_746['khanhnotbruh'/2395064, l='ClientLevel', x=-64.54, y=26.00, z=943.93] does not have attribute null
[23:19:05] [Render thread/INFO]: [System] [CHAT] 
[23:19:05] [Render thread/INFO]: [System] [CHAT]  ShiinaDzai ᴡᴀs ᴋɪᴄᴋᴇᴅ ʙʏ  
[23:19:05] [Render thread/WARN]: Entity class_745['vinhminebk'/2394303, l='ClientLevel', x=-60.67, y=26.00, z=943.70] does not have attribute null
[23:19:06] [Render thread/INFO]: [System] [CHAT] MRHENG94 has reached the goal [Postmortal]
[23:19:06] [Render thread/INFO]: [System] [CHAT] Seafox_X_Ocean has reached the goal [Postmortal]
[23:19:06] [Render thread/INFO]: [System] [CHAT] notimunda has made the advancement [Stone Age]
[23:19:07] [Render thread/INFO]: [System] [CHAT] _2BGoodboy has reached the goal [Postmortal]
[23:19:07] [Render thread/INFO]: [System] [CHAT] ThatBrookGuy1 has reached the goal [Postmortal]
[23:19:08] [Render thread/WARN]: Ignoring player info update for unknown player 2d67f290-d780-3924-aef9-c4a89725abf1
[23:19:09] [Render thread/WARN]: Entity class_746['khanhnotbruh'/2395064, l='ClientLevel', x=-63.31, y=25.42, z=945.64] does not have attribute null
[23:19:11] [Render thread/WARN]: Entity class_746['khanhnotbruh'/2395064, l='ClientLevel', x=-63.20, y=26.20, z=945.96] does not have attribute null
[23:19:15] [Render thread/WARN]: Entity class_745['vinhminebk'/2394303, l='ClientLevel', x=-61.68, y=22.11, z=945.05] does not have attribute null
[23:19:16] [Render thread/WARN]: Ignoring player info update for unknown player 1dffeb58-1e6a-33ea-9b28-3c0d06761e01
[23:19:16] [Render thread/WARN]: Entity class_746['khanhnotbruh'/2395064, l='ClientLevel', x=-63.30, y=27.00, z=947.30] does not have attribute null
[23:19:16] [Render thread/WARN]: Ignoring player info update for unknown player d59b12df-0406-37c5-9dfa-1bd553b2f9a0
[23:19:17] [Render thread/INFO]: [System] [CHAT] Seyhafu: see
[23:19:19] [Render thread/WARN]: Entity class_746['khanhnotbruh'/2395064, l='ClientLevel', x=-62.69, y=27.00, z=947.28] does not have attribute null
[23:19:20] [Render thread/WARN]: Entity class_745['vinhminebk'/2394303, l='ClientLevel', x=-61.63, y=22.00, z=945.21] does not have attribute null
[23:19:21] [Render thread/WARN]: Ignoring player info update for unknown player 1fa3008f-1ae8-3a13-87a8-510e97c3c5ad
[23:19:21] [Render thread/WARN]: Ignoring player info update for unknown player 5f226f4c-dfea-34b2-8aab-ed79b0bee62f
[23:19:23] [Render thread/WARN]: Entity class_745['vinhminebk'/2394303, l='ClientLevel', x=-64.60, y=22.71, z=943.30] does not have attribute null
[23:19:23] [Render thread/WARN]: Entity class_746['khanhnotbruh'/2395064, l='ClientLevel', x=-62.16, y=22.00, z=943.84] does not have attribute null
[23:19:23] [Render thread/WARN]: Entity class_745['vinhminebk'/2394303, l='ClientLevel', x=-64.76, y=23.11, z=943.16] does not have attribute null
[23:19:24] [Render thread/WARN]: Entity class_745['vinhminebk'/2394303, l='ClientLevel', x=-63.12, y=23.00, z=941.35] does not have attribute null
[23:19:24] [Render thread/INFO]: [System] [CHAT] CypherMcOfficial: Realitz_Zyntrax
[23:19:24] [Render thread/WARN]: Entity class_745['vinhminebk'/2394303, l='ClientLevel', x=-62.55, y=23.01, z=939.51] does not have attribute null
[23:19:26] [Render thread/WARN]: Ignoring player info update for unknown player 540b2ffe-5af8-317d-b9bd-d1dce6bc2ae2
[23:19:26] [Render thread/INFO]: [System] [CHAT] FMLTUN has made the advancement [Take Aim]
[23:19:27] [Render thread/WARN]: Ignoring player info update for unknown player b7765826-5792-35ba-96f2-39b2088d625a
[23:19:28] [Render thread/INFO]: [System] [CHAT] ReySixSevenXD_ has reached the goal [Postmortal]
[23:19:28] [Render thread/WARN]: Ignoring player info update for unknown player dc887107-8b9e-3a02-bf53-cd9bc55a4877
[23:19:28] [Render thread/WARN]: Entity class_745['vinhminebk'/2394303, l='ClientLevel', x=-61.40, y=24.00, z=939.53] does not have attribute null
[23:19:28] [Render thread/WARN]: Ignoring player info update for unknown player 46de6d35-eed1-3463-96c1-6c5febab37df
[23:19:28] [Render thread/WARN]: Entity class_746['khanhnotbruh'/2395064, l='ClientLevel', x=-61.64, y=20.00, z=944.95] does not have attribute null
[23:19:30] [Render thread/INFO]: [System] [CHAT] tluncherfan has reached the goal [Postmortal]
[23:19:30] [Render thread/INFO]: [System] [CHAT] 
[23:19:30] [Render thread/INFO]: [System] [CHAT]  Seafox_X_Ocean ᴡᴀs ᴋɪᴄᴋᴇᴅ ʙʏ  
[23:19:30] [Render thread/INFO]: [System] [CHAT] DarkOakG1222: ezz
[23:19:30] [Render thread/INFO]: [System] [CHAT] Aendrs has reached the goal [Postmortal]
[23:19:31] [Render thread/INFO]: [System] [CHAT] tluncherfan has made the advancement [Stone Age]
[23:19:32] [Render thread/WARN]: Ignoring player info update for unknown player 56019dc1-092d-495f-932a-cc9b681b62e3
[23:19:33] [Render thread/WARN]: Entity class_745['vinhminebk'/2394303, l='ClientLevel', x=-59.99, y=20.00, z=941.91] does not have attribute null
[23:19:34] [Render thread/WARN]: Entity class_746['khanhnotbruh'/2395064, l='ClientLevel', x=-61.88, y=19.00, z=945.35] does not have attribute null
[23:19:37] [Render thread/WARN]: Entity class_745['vinhminebk'/2394303, l='ClientLevel', x=-61.32, y=19.00, z=945.70] does not have attribute null
[23:19:38] [Render thread/INFO]: [System] [CHAT] Exclusv has made the advancement [The End?]
[23:19:38] [Render thread/INFO]: [System] [CHAT] ShiinaDzai has made the advancement [The End?]
[23:19:38] [Render thread/INFO]: [System] [CHAT] +1 Points
[23:19:38] [Render thread/WARN]: Entity class_746['khanhnotbruh'/2395064, l='ClientLevel', x=-60.30, y=20.04, z=946.70] does not have attribute null
[23:19:38] [Render thread/WARN]: Entity class_745['vinhminebk'/2394303, l='ClientLevel', x=-61.59, y=19.86, z=945.30] does not have attribute null
[23:19:40] [Render thread/INFO]: [System] [CHAT] Kit 1 loaded!
[23:19:40] [Render thread/WARN]: Entity class_746['khanhnotbruh'/2395064, l='ClientLevel', x=-59.18, y=20.00, z=946.88] does not have attribute null
[23:19:41] [Render thread/INFO]: [System] [CHAT] Seafox_X_Ocean has made the advancement [The End?]
[23:19:41] [Render thread/INFO]: [System] [CHAT] Quangdepzai3222 has made the advancement [The End?]
[23:19:41] [Render thread/INFO]: Stopping worker threads
